codigo,nombre,descripcion,cuenta,periodo,unidad,medida,Unidad,Medida,freq,familia,node,DESCRIPCION
355,Activos externos,Activos externos,E07.01.00.00.00.00.00.00.00.M.CRC,Mensual,CRC,1,Colón Costarricense,,M,M.CRC,Node('/BCCR/Sector Monetario y Financiero/Activos externos [355]'),Node('/BCCR/Sector Monetario y Financiero/Activos externos [355]')
486,Préstamos al exterior,Préstamos al exterior,E07.01.02.00.00.00.00.00.00.M.CRC,Mensual,CRC,1,Colón Costarricense,,M,M.CRC,Node('/BCCR/Sector Monetario y Financiero/Activos externos [355]/Préstamos al exterior [486]'),Node('/BCCR/Sector Monetario y Financiero/Activos externos [355]/Préstamos al exterior [486]')
542,Títulos valores con el banco central,Títulos valores con el banco central,E07.02.03.00.00.00.00.00.00.M.CRC,Mensual,CRC,1,Colón Costarricense,,M,M.CRC,Node('/BCCR/Sector Monetario y Financiero/Activos internos [1361]/Títulos valores con el banco central [542]'),Node('/BCCR/Sector Monetario y Financiero/Activos internos [1361]/Títulos valores con el banco central [542]')
608,Medio circulante,Medio circulante,E07.10.00.00.00.00.00.00.00.M.CRC,Mensual,CRC,1,Colón Costarricense,,M,M.CRC,Node('/BCCR/Sector Monetario y Financiero/Medio circulante [608]'),Node('/BCCR/Sector Monetario y Financiero/Medio circulante [608]')
1302,Activos externos de reserva,Activos externos de reserva,E07.01.01.00.00.00.00.00.00.M.CRC,Mensual,CRC,1,Colón Costarricense,,M,M.CRC,Node('/BCCR/Sector Monetario y Financiero/Activos externos [355]/Activos externos de reserva [1302]'),Node('/BCCR/Sector Monetario y Financiero/Activos externos [355]/Activos externos de reserva [1302]')
1303,Depósitos del Gob. Central por Subasta Conjunta en M/N,Depósitos del Gob. Central por Subasta Conjunta en M/N,E07.99.01.00.00.00.00.00.00.M.CRC,Mensual,CRC,4,Colón Costarricense,Millones,M,M.CRC,Node('/BCCR/Sector Monetario y Financiero/Variables históricas [3764]/Depósitos del Gob. Central por Subasta Conjunta en M/N [1303]'),Node('/BCCR/Sector Monetario y Financiero/Variables históricas [3764]/Depósitos del Gob. Central por Subasta Conjunta en M/N [1303]')
1304,Banco central,Banco central,E07.07.01.00.00.00.00.00.00.M.CRC,Mensual,CRC,4,Colón Costarricense,Millones,M,M.CRC,Node('/BCCR/Sector Monetario y Financiero/Crédito interno total [1494]/Banco central [1304]'),Node('/BCCR/Sector Monetario y Financiero/Crédito interno total [1494]/Banco central [1304]')
1306,Banco central,Banco central,E07.07.09.01.00.00.00.00.00.M.CRC,Mensual,CRC,4,Colón Costarricense,Millones,M,M.CRC,Node('/BCCR/Sector Monetario y Financiero/Crédito interno total [1494]/Crédito corriente a la banca comercial [3640]/Banco central [1306]'),Node('/BCCR/Sector Monetario y Financiero/Crédito interno total [1494]/Crédito corriente a la banca comercial [3640]/Banco central [1306]')
1307,Banco central,Banco central,E07.07.04.01.00.00.00.00.00.M.CRC,Mensual,CRC,4,Colón Costarricense,Millones,M,M.CRC,Node('/BCCR/Sector Monetario y Financiero/Crédito interno total [1494]/Crédito neto al Gobierno [3641]/Banco central [1307]'),Node('/BCCR/Sector Monetario y Financiero/Crédito interno total [1494]/Crédito neto al Gobierno [3641]/Banco central [1307]')
1308,Crédito corriente al gobierno,Crédito corriente al gobierno,E07.07.04.01.01.00.00.00.00.M.CRC,Mensual,CRC,4,Colón Costarricense,Millones,M,M.CRC,Node('/BCCR/Sector Monetario y Financiero/Crédito interno total [1494]/Crédito neto al Gobierno [3641]/Banco central [1307]/Crédito corriente al gobierno [1308]'),Node('/BCCR/Sector Monetario y Financiero/Crédito interno total [1494]/Crédito neto al Gobierno [3641]/Banco central [1307]/Crédito corriente al gobierno [1308]')
1309,Crédito renegociado al gobierno,Crédito renegociado al gobierno,E07.07.04.01.02.00.00.00.00.M.CRC,Mensual,CRC,4,Colón Costarricense,Millones,M,M.CRC,Node('/BCCR/Sector Monetario y Financiero/Crédito interno total [1494]/Crédito neto al Gobierno [3641]/Banco central [1307]/Crédito renegociado al gobierno [1309]'),Node('/BCCR/Sector Monetario y Financiero/Crédito interno total [1494]/Crédito neto al Gobierno [3641]/Banco central [1307]/Crédito renegociado al gobierno [1309]')
1310,Crédito redocumentado al gobierno,Crédito redocumentado al gobierno,E07.07.04.01.03.00.00.00.00.M.CRC,Mensual,CRC,4,Colón Costarricense,Millones,M,M.CRC,Node('/BCCR/Sector Monetario y Financiero/Crédito interno total [1494]/Crédito neto al Gobierno [3641]/Banco central [1307]/Crédito redocumentado al gobierno [1310]'),Node('/BCCR/Sector Monetario y Financiero/Crédito interno total [1494]/Crédito neto al Gobierno [3641]/Banco central [1307]/Crédito redocumentado al gobierno [1310]')
1311,Banco central,Banco central,E07.07.05.01.00.00.00.00.00.M.CRC,Mensual,CRC,4,Colón Costarricense,Millones,M,M.CRC,Node('/BCCR/Sector Monetario y Financiero/Crédito interno total [1494]/Crédito al resto del sector público [3638]/Banco central [1311]'),Node('/BCCR/Sector Monetario y Financiero/Crédito interno total [1494]/Crédito al resto del sector público [3638]/Banco central [1311]')
1312,Crédito corriente de banco central,Crédito corriente de banco central,E07.07.05.01.01.00.00.00.00.M.CRC,Mensual,CRC,4,Colón Costarricense,Millones,M,M.CRC,Node('/BCCR/Sector Monetario y Financiero/Crédito interno total [1494]/Crédito al resto del sector público [3638]/Banco central [1311]/Crédito corriente de banco central [1312]'),Node('/BCCR/Sector Monetario y Financiero/Crédito interno total [1494]/Crédito al resto del sector público [3638]/Banco central [1311]/Crédito corriente de banco central [1312]')
1313,Crédito renegociado de banco central,Crédito renegociado de banco central,E07.07.05.01.02.00.00.00.00.M.CRC,Mensual,CRC,4,Colón Costarricense,Millones,M,M.CRC,Node('/BCCR/Sector Monetario y Financiero/Crédito interno total [1494]/Crédito al resto del sector público [3638]/Banco central [1311]/Crédito renegociado de banco central [1313]'),Node('/BCCR/Sector Monetario y Financiero/Crédito interno total [1494]/Crédito al resto del sector público [3638]/Banco central [1311]/Crédito renegociado de banco central [1313]')
1314,Banco central,Banco central,E07.07.06.01.00.00.00.00.00.M.CRC,Mensual,CRC,4,Colón Costarricense,Millones,M,M.CRC,Node('/BCCR/Sector Monetario y Financiero/Crédito interno total [1494]/Crédito al sector privado [3639]/Banco central [1314]'),Node('/BCCR/Sector Monetario y Financiero/Crédito interno total [1494]/Crédito al sector privado [3639]/Banco central [1314]')
1315,Banco central,Banco central,E07.01.01.01.00.00.00.00.00.M.USD,Mensual,USD,4,Dólar EEUU,Millones,M,M.USD,Node('/BCCR/Sector Monetario y Financiero/Banco central [1315]'),Node('/BCCR/Sector Monetario y Financiero/Banco central [1315]')
1361,Activos internos,Activos internos,E07.02.00.00.00.00.00.00.00.M.CRC,Mensual,CRC,1,Colón Costarricense,,M,M.CRC,Node('/BCCR/Sector Monetario y Financiero/Activos internos [1361]'),Node('/BCCR/Sector Monetario y Financiero/Activos internos [1361]')
1362,Emisión monetaria,Emisión monetaria,E07.08.00.00.00.00.00.00.00.M.CRC,Mensual,CRC,4,Colón Costarricense,Millones,M,M.CRC,Node('/BCCR/Sector Monetario y Financiero/Emisión monetaria [1362]'),Node('/BCCR/Sector Monetario y Financiero/Emisión monetaria [1362]')
1363,Base monetaria restringida,Base monetaria restringida,E07.09.01.01.00.00.00.00.00.M.CRC,Mensual,CRC,4,Colón Costarricense,Millones,M,M.CRC,Node('/BCCR/Sector Monetario y Financiero/Base monetaria [3621]/Base monetaria amplia [3622]/Base monetaria restringida [1363]'),Node('/BCCR/Sector Monetario y Financiero/Base monetaria [3621]/Base monetaria amplia [3622]/Base monetaria restringida [1363]')
1365,Numerario en poder del público,Numerario en poder del público,E07.04.01.00.00.00.00.00.00.M.CRC,Mensual,CRC,4,Colón Costarricense,Millones,M,M.CRC,Node('/BCCR/Sector Monetario y Financiero/Pasivos internos [3711]/Numerario en poder del público [1365]'),Node('/BCCR/Sector Monetario y Financiero/Pasivos internos [3711]/Numerario en poder del público [1365]')
1366,Banco central,Banco central,E07.06.01.00.00.00.00.00.00.M.CRC,Mensual,CRC,1,Colón Costarricense,NO DEFINIDO,M,M.CRC,Node('/BCCR/Sector Monetario y Financiero/Banco central [1366]'),Node('/BCCR/Sector Monetario y Financiero/Banco central [1366]')
1404,Sistema de inversiones de corto plazo,Sistema de inversiones de corto plazo,E07.02.01.00.00.00.00.00.00.M.CRC,Mensual,CRC,1,Colón Costarricense,,M,M.CRC,Node('/BCCR/Sector Monetario y Financiero/Activos internos [1361]/Sistema de inversiones de corto plazo [1404]'),Node('/BCCR/Sector Monetario y Financiero/Activos internos [1361]/Sistema de inversiones de corto plazo [1404]')
1405,Depósitos en cuenta corriente del sector privado,Depósitos en cuenta corriente del sector privado,E07.04.06.00.00.00.00.00.00.M.CRC,Mensual,CRC,1,Colón Costarricense,,M,M.CRC,Node('/BCCR/Sector Monetario y Financiero/Pasivos internos [3711]/Depósitos en cuenta corriente del sector privado [1405]'),Node('/BCCR/Sector Monetario y Financiero/Pasivos internos [3711]/Depósitos en cuenta corriente del sector privado [1405]')
1406,Cuenta corriente en m/n,Cuenta corriente en m/n,E07.04.06.01.01.00.00.00.00.M.CRC,Mensual,CRC,4,Colón Costarricense,Millones,M,M.CRC,Node('/BCCR/Sector Monetario y Financiero/Pasivos internos [3711]/Depósitos en cuenta corriente del sector privado [1405]/Bancos comerciales [3612]/Cuenta corriente en m/n [1406]'),Node('/BCCR/Sector Monetario y Financiero/Pasivos internos [3711]/Depósitos en cuenta corriente del sector privado [1405]/Bancos comerciales [3612]/Cuenta corriente en m/n [1406]')
1407,Depósitos ahorro a la vista en m/n,Depósitos ahorro a la vista en m/n,E07.04.10.01.01.00.00.00.00.M.CRC,Mensual,CRC,4,Colón Costarricense,Millones,M,M.CRC,Node('/BCCR/Sector Monetario y Financiero/Pasivos internos [3711]/Depósitos de ahorro a la vista del sector privado [3644]/Bancos comerciales [3614]/Depósitos ahorro a la vista en m/n [1407]'),Node('/BCCR/Sector Monetario y Financiero/Pasivos internos [3711]/Depósitos de ahorro a la vista del sector privado [3644]/Bancos comerciales [3614]/Depósitos ahorro a la vista en m/n [1407]')
1408,Depósitos a plazo en m/n,Depósitos a plazo en m/n,E07.04.09.01.01.00.00.00.00.M.CRC,Mensual,CRC,4,Colón Costarricense,Millones,M,M.CRC,Node('/BCCR/Sector Monetario y Financiero/Pasivos internos [3711]/Depósitos a plazo del sector privado [3643]/Bancos comerciales [3613]/Depósitos a plazo en m/n [1408]'),Node('/BCCR/Sector Monetario y Financiero/Pasivos internos [3711]/Depósitos a plazo del sector privado [3643]/Bancos comerciales [3613]/Depósitos a plazo en m/n [1408]')
1410,Cuenta corriente en m/e,Cuenta corriente en m/e,E07.04.06.01.02.00.00.00.00.M.CRC,Mensual,CRC,4,Colón Costarricense,Millones,M,M.CRC,Node('/BCCR/Sector Monetario y Financiero/Pasivos internos [3711]/Depósitos en cuenta corriente del sector privado [1405]/Bancos comerciales [3612]/Cuenta corriente en m/e [1410]'),Node('/BCCR/Sector Monetario y Financiero/Pasivos internos [3711]/Depósitos en cuenta corriente del sector privado [1405]/Bancos comerciales [3612]/Cuenta corriente en m/e [1410]')
1411,Depósitos ahorro a la vista en m/e,Depósitos ahorro a la vista en m/e,E07.04.10.01.02.00.00.00.00.M.CRC,Mensual,CRC,4,Colón Costarricense,Millones,M,M.CRC,Node('/BCCR/Sector Monetario y Financiero/Pasivos internos [3711]/Depósitos de ahorro a la vista del sector privado [3644]/Bancos comerciales [3614]/Depósitos ahorro a la vista en m/e [1411]'),Node('/BCCR/Sector Monetario y Financiero/Pasivos internos [3711]/Depósitos de ahorro a la vista del sector privado [3644]/Bancos comerciales [3614]/Depósitos ahorro a la vista en m/e [1411]')
1412,Depósitos a plazo en m/e,Depósitos a plazo en m/e,E07.04.09.01.02.00.00.00.00.M.CRC,Mensual,CRC,4,Colón Costarricense,Millones,M,M.CRC,Node('/BCCR/Sector Monetario y Financiero/Pasivos internos [3711]/Depósitos a plazo del sector privado [3643]/Bancos comerciales [3613]/Depósitos a plazo en m/e [1412]'),Node('/BCCR/Sector Monetario y Financiero/Pasivos internos [3711]/Depósitos a plazo del sector privado [3643]/Bancos comerciales [3613]/Depósitos a plazo en m/e [1412]')
1413,Sistema bancario nacional,Sistema bancario nacional,E07.07.02.00.00.00.00.00.00.M.CRC,Mensual,CRC,4,Colón Costarricense,Millones,M,M.CRC,Node('/BCCR/Sector Monetario y Financiero/Crédito interno total [1494]/Sistema bancario nacional [1413]'),Node('/BCCR/Sector Monetario y Financiero/Crédito interno total [1494]/Sistema bancario nacional [1413]')
1415,Sistema bancario nacional,Sistema bancario nacional,E07.07.07.01.00.00.00.00.00.M.CRC,Mensual,CRC,4,Colón Costarricense,Millones,M,M.CRC,Node('/BCCR/Sector Monetario y Financiero/Crédito interno total [1494]/Crédito al sector privado por actividad económica [1495]/Sistema bancario nacional [1415]'),Node('/BCCR/Sector Monetario y Financiero/Crédito interno total [1494]/Crédito al sector privado por actividad económica [1495]/Sistema bancario nacional [1415]')
1416,Agricultura,Agricultura,E07.07.07.01.01.00.00.00.00.M.CRC,Mensual,CRC,4,Colón Costarricense,Millones,M,M.CRC,Node('/BCCR/Sector Monetario y Financiero/Crédito interno total [1494]/Crédito al sector privado por actividad económica [1495]/Sistema bancario nacional [1415]/Agricultura [1416]'),Node('/BCCR/Sector Monetario y Financiero/Crédito interno total [1494]/Crédito al sector privado por actividad económica [1495]/Sistema bancario nacional [1415]/Agricultura [1416]')
1417,Ganadería,Ganadería,E07.07.07.01.02.00.00.00.00.M.CRC,Mensual,CRC,4,Colón Costarricense,Millones,M,M.CRC,Node('/BCCR/Sector Monetario y Financiero/Crédito interno total [1494]/Crédito al sector privado por actividad económica [1495]/Sistema bancario nacional [1415]/Ganadería [1417]'),Node('/BCCR/Sector Monetario y Financiero/Crédito interno total [1494]/Crédito al sector privado por actividad económica [1495]/Sistema bancario nacional [1415]/Ganadería [1417]')
1418,Pesca,Pesca,E07.07.07.01.03.00.00.00.00.M.CRC,Mensual,CRC,4,Colón Costarricense,Millones,M,M.CRC,Node('/BCCR/Sector Monetario y Financiero/Crédito interno total [1494]/Crédito al sector privado por actividad económica [1495]/Sistema bancario nacional [1415]/Pesca [1418]'),Node('/BCCR/Sector Monetario y Financiero/Crédito interno total [1494]/Crédito al sector privado por actividad económica [1495]/Sistema bancario nacional [1415]/Pesca [1418]')
1419,Industria,Industria,E07.07.07.01.04.00.00.00.00.M.CRC,Mensual,CRC,4,Colón Costarricense,Millones,M,M.CRC,Node('/BCCR/Sector Monetario y Financiero/Crédito interno total [1494]/Crédito al sector privado por actividad económica [1495]/Sistema bancario nacional [1415]/Industria [1419]'),Node('/BCCR/Sector Monetario y Financiero/Crédito interno total [1494]/Crédito al sector privado por actividad económica [1495]/Sistema bancario nacional [1415]/Industria [1419]')
1420,Vivienda,Vivienda,E07.07.07.01.05.00.00.00.00.M.CRC,Mensual,CRC,4,Colón Costarricense,Millones,M,M.CRC,Node('/BCCR/Sector Monetario y Financiero/Crédito interno total [1494]/Crédito al sector privado por actividad económica [1495]/Sistema bancario nacional [1415]/Vivienda [1420]'),Node('/BCCR/Sector Monetario y Financiero/Crédito interno total [1494]/Crédito al sector privado por actividad económica [1495]/Sistema bancario nacional [1415]/Vivienda [1420]')
1421,Construcción,Construcción,E07.07.07.01.06.00.00.00.00.M.CRC,Mensual,CRC,4,Colón Costarricense,Millones,M,M.CRC,Node('/BCCR/Sector Monetario y Financiero/Crédito interno total [1494]/Crédito al sector privado por actividad económica [1495]/Sistema bancario nacional [1415]/Construcción [1421]'),Node('/BCCR/Sector Monetario y Financiero/Crédito interno total [1494]/Crédito al sector privado por actividad económica [1495]/Sistema bancario nacional [1415]/Construcción [1421]')
1422,Turismo,Turismo,E07.07.07.01.07.00.00.00.00.M.CRC,Mensual,CRC,4,Colón Costarricense,Millones,M,M.CRC,Node('/BCCR/Sector Monetario y Financiero/Crédito interno total [1494]/Crédito al sector privado por actividad económica [1495]/Sistema bancario nacional [1415]/Turismo [1422]'),Node('/BCCR/Sector Monetario y Financiero/Crédito interno total [1494]/Crédito al sector privado por actividad económica [1495]/Sistema bancario nacional [1415]/Turismo [1422]')
1423,Electricidad,Electricidad,E07.07.07.01.08.00.00.00.00.M.CRC,Mensual,CRC,4,Colón Costarricense,Millones,M,M.CRC,Node('/BCCR/Sector Monetario y Financiero/Crédito interno total [1494]/Crédito al sector privado por actividad económica [1495]/Sistema bancario nacional [1415]/Electricidad [1423]'),Node('/BCCR/Sector Monetario y Financiero/Crédito interno total [1494]/Crédito al sector privado por actividad económica [1495]/Sistema bancario nacional [1415]/Electricidad [1423]')
1424,Comercio,Comercio,E07.07.07.01.09.00.00.00.00.M.CRC,Mensual,CRC,4,Colón Costarricense,Millones,M,M.CRC,Node('/BCCR/Sector Monetario y Financiero/Crédito interno total [1494]/Crédito al sector privado por actividad económica [1495]/Sistema bancario nacional [1415]/Comercio [1424]'),Node('/BCCR/Sector Monetario y Financiero/Crédito interno total [1494]/Crédito al sector privado por actividad económica [1495]/Sistema bancario nacional [1415]/Comercio [1424]')
1425,Servicios,Servicios,E07.07.07.01.10.00.00.00.00.M.CRC,Mensual,CRC,4,Colón Costarricense,Millones,M,M.CRC,Node('/BCCR/Sector Monetario y Financiero/Crédito interno total [1494]/Crédito al sector privado por actividad económica [1495]/Sistema bancario nacional [1415]/Servicios [1425]'),Node('/BCCR/Sector Monetario y Financiero/Crédito interno total [1494]/Crédito al sector privado por actividad económica [1495]/Sistema bancario nacional [1415]/Servicios [1425]')
1426,Consumo,Consumo,E07.07.07.01.11.00.00.00.00.M.CRC,Mensual,CRC,4,Colón Costarricense,Millones,M,M.CRC,Node('/BCCR/Sector Monetario y Financiero/Crédito interno total [1494]/Crédito al sector privado por actividad económica [1495]/Sistema bancario nacional [1415]/Consumo [1426]'),Node('/BCCR/Sector Monetario y Financiero/Crédito interno total [1494]/Crédito al sector privado por actividad económica [1495]/Sistema bancario nacional [1415]/Consumo [1426]')
1427,Transporte,Transporte,E07.07.07.01.12.00.00.00.00.M.CRC,Mensual,CRC,4,Colón Costarricense,Millones,M,M.CRC,Node('/BCCR/Sector Monetario y Financiero/Crédito interno total [1494]/Crédito al sector privado por actividad económica [1495]/Sistema bancario nacional [1415]/Transporte [1427]'),Node('/BCCR/Sector Monetario y Financiero/Crédito interno total [1494]/Crédito al sector privado por actividad económica [1495]/Sistema bancario nacional [1415]/Transporte [1427]')
1428,Depósitos y almacenamiento,Depósitos y almacenamiento,E07.07.07.01.13.00.00.00.00.M.CRC,Mensual,CRC,4,Colón Costarricense,Millones,M,M.CRC,Node('/BCCR/Sector Monetario y Financiero/Crédito interno total [1494]/Crédito al sector privado por actividad económica [1495]/Sistema bancario nacional [1415]/Depósitos y almacenamiento [1428]'),Node('/BCCR/Sector Monetario y Financiero/Crédito interno total [1494]/Crédito al sector privado por actividad económica [1495]/Sistema bancario nacional [1415]/Depósitos y almacenamiento [1428]')
1429,Otras Actividades,Otras Actividades,E07.07.07.01.14.00.00.00.00.M.CRC,Mensual,CRC,4,Colón Costarricense,Millones,M,M.CRC,Node('/BCCR/Sector Monetario y Financiero/Crédito interno total [1494]/Crédito al sector privado por actividad económica [1495]/Sistema bancario nacional [1415]/Otras Actividades [1429]'),Node('/BCCR/Sector Monetario y Financiero/Crédito interno total [1494]/Crédito al sector privado por actividad económica [1495]/Sistema bancario nacional [1415]/Otras Actividades [1429]')
1430,Ajuste por limpieza de cartera,Ajuste por limpieza de cartera,E07.07.07.01.15.00.00.00.00.M.CRC,Mensual,CRC,4,Colón Costarricense,Millones,M,M.CRC,Node('/BCCR/Sector Monetario y Financiero/Crédito interno total [1494]/Crédito al sector privado por actividad económica [1495]/Sistema bancario nacional [1415]/Ajuste por limpieza de cartera [1430]'),Node('/BCCR/Sector Monetario y Financiero/Crédito interno total [1494]/Crédito al sector privado por actividad económica [1495]/Sistema bancario nacional [1415]/Ajuste por limpieza de cartera [1430]')
1432,Crédito al sector privado financiero no bancario,Crédito al sector privado financiero no bancario,E07.07.08.00.00.00.00.00.00.M.CRC,Mensual,CRC,4,Colón Costarricense,Millones,M,M.CRC,Node('/BCCR/Sector Monetario y Financiero/Crédito interno total [1494]/Crédito al sector privado financiero no bancario [1432]'),Node('/BCCR/Sector Monetario y Financiero/Crédito interno total [1494]/Crédito al sector privado financiero no bancario [1432]')
1433,Sistema bancario nacional,Sistema bancario nacional,E07.07.04.02.00.00.00.00.00.M.CRC,Mensual,CRC,4,Colón Costarricense,Millones,M,M.CRC,Node('/BCCR/Sector Monetario y Financiero/Crédito interno total [1494]/Crédito neto al Gobierno [3641]/Sistema bancario nacional [1433]'),Node('/BCCR/Sector Monetario y Financiero/Crédito interno total [1494]/Crédito neto al Gobierno [3641]/Sistema bancario nacional [1433]')
1434,Crédito corriente al gobierno,Crédito corriente al gobierno,E07.07.04.02.01.00.00.00.00.M.CRC,Mensual,CRC,4,Colón Costarricense,Millones,M,M.CRC,Node('/BCCR/Sector Monetario y Financiero/Crédito interno total [1494]/Crédito neto al Gobierno [3641]/Sistema bancario nacional [1433]/Crédito corriente al gobierno [1434]'),Node('/BCCR/Sector Monetario y Financiero/Crédito interno total [1494]/Crédito neto al Gobierno [3641]/Sistema bancario nacional [1433]/Crédito corriente al gobierno [1434]')
1435,Crédito renegociado al gobierno,Crédito renegociado al gobierno,E07.07.04.02.02.00.00.00.00.M.CRC,Mensual,CRC,4,Colón Costarricense,Millones,M,M.CRC,Node('/BCCR/Sector Monetario y Financiero/Crédito interno total [1494]/Crédito neto al Gobierno [3641]/Sistema bancario nacional [1433]/Crédito renegociado al gobierno [1435]'),Node('/BCCR/Sector Monetario y Financiero/Crédito interno total [1494]/Crédito neto al Gobierno [3641]/Sistema bancario nacional [1433]/Crédito renegociado al gobierno [1435]')
1436,Sistema bancario nacional,Sistema bancario nacional,E07.07.05.02.00.00.00.00.00.M.CRC,Mensual,CRC,4,Colón Costarricense,Millones,M,M.CRC,Node('/BCCR/Sector Monetario y Financiero/Crédito interno total [1494]/Crédito al resto del sector público [3638]/Sistema bancario nacional [1436]'),Node('/BCCR/Sector Monetario y Financiero/Crédito interno total [1494]/Crédito al resto del sector público [3638]/Sistema bancario nacional [1436]')
1438,Crédito corriente del sistema bancario nacional al resto SP,Crédito corrientedel sistema bancario nacional,E07.07.05.02.01.00.00.00.00.M.CRC,Mensual,CRC,4,Colón Costarricense,Millones,M,M.CRC,Node('/BCCR/Sector Monetario y Financiero/Crédito interno total [1494]/Crédito al resto del sector público [3638]/Sistema bancario nacional [1436]/Crédito corriente del sistema bancario nacional al resto SP [1438]'),Node('/BCCR/Sector Monetario y Financiero/Crédito interno total [1494]/Crédito al resto del sector público [3638]/Sistema bancario nacional [1436]/Crédito corriente del sistema bancario nacional al resto SP [1438]')
1439,Crédito renegociado del sistema bancario nacional,Crédito renegociado del sistema bancario nacional,E07.07.05.02.02.00.00.00.00.M.CRC,Mensual,CRC,4,Colón Costarricense,Millones,M,M.CRC,Node('/BCCR/Sector Monetario y Financiero/Crédito interno total [1494]/Crédito al resto del sector público [3638]/Sistema bancario nacional [1436]/Crédito renegociado del sistema bancario nacional [1439]'),Node('/BCCR/Sector Monetario y Financiero/Crédito interno total [1494]/Crédito al resto del sector público [3638]/Sistema bancario nacional [1436]/Crédito renegociado del sistema bancario nacional [1439]')
1441,Sistema bancario nacional,Sistema bancario nacional,E07.07.06.02.00.00.00.00.00.M.CRC,Mensual,CRC,4,Colón Costarricense,Millones,M,M.CRC,Node('/BCCR/Sector Monetario y Financiero/Crédito interno total [1494]/Crédito al sector privado [3639]/Sistema bancario nacional [1441]'),Node('/BCCR/Sector Monetario y Financiero/Crédito interno total [1494]/Crédito al sector privado [3639]/Sistema bancario nacional [1441]')
1443,bancos comerciales,bancos comerciales,E07.03.02.02.00.00.00.00.00.M.USD,Mensual,USD,4,Dólar EEUU,Millones,M,M.USD,Node('/BCCR/Sector Monetario y Financiero/Pasivos externos [3709]/Pasivos externos de largo plazo [3710]/bancos comerciales [1443]'),Node('/BCCR/Sector Monetario y Financiero/Pasivos externos [3709]/Pasivos externos de largo plazo [3710]/bancos comerciales [1443]')
1445,Medio circulante sistema bancario nacional,Medio circulante sistema bancario nacional,E07.10.01.00.00.00.00.00.00.M.CRC,Mensual,CRC,4,Colón Costarricense,Millones,M,M.CRC,Node('/BCCR/Sector Monetario y Financiero/Medio circulante [608]/Medio circulante sistema bancario nacional [1445]'),Node('/BCCR/Sector Monetario y Financiero/Medio circulante [608]/Medio circulante sistema bancario nacional [1445]')
1446,Sistema bancario nacional,Sistema bancario nacional,E07.11.01.00.00.00.00.00.00.M.CRC,Mensual,CRC,4,Colón Costarricense,Millones,M,M.CRC,Node('/BCCR/Sector Monetario y Financiero/Cuasidinero [3642]/Sistema bancario nacional [1446]'),Node('/BCCR/Sector Monetario y Financiero/Cuasidinero [3642]/Sistema bancario nacional [1446]')
1447,Cuasidinero m/e,Cuasidinero m/e,E07.11.01.02.00.00.00.00.00.M.CRC,Mensual,CRC,4,Colón Costarricense,Millones,M,M.CRC,Node('/BCCR/Sector Monetario y Financiero/Cuasidinero [3642]/Sistema bancario nacional [1446]/Cuasidinero m/e [1447]'),Node('/BCCR/Sector Monetario y Financiero/Cuasidinero [3642]/Sistema bancario nacional [1446]/Cuasidinero m/e [1447]')
1448,Cuasidinero m/n,Cuasidinero m/n,E07.11.01.01.00.00.00.00.00.M.CRC,Mensual,CRC,4,Colón Costarricense,Millones,M,M.CRC,Node('/BCCR/Sector Monetario y Financiero/Cuasidinero [3642]/Sistema bancario nacional [1446]/Cuasidinero m/n [1448]'),Node('/BCCR/Sector Monetario y Financiero/Cuasidinero [3642]/Sistema bancario nacional [1446]/Cuasidinero m/n [1448]')
1450,Sistema bancario nacional,Sistema bancario nacional,E07.12.01.00.00.00.00.00.00.M.CRC,Mensual,CRC,4,Colón Costarricense,Millones,M,M.CRC,Node('/BCCR/Sector Monetario y Financiero/Liquidez total [3685]/Sistema bancario nacional [1450]'),Node('/BCCR/Sector Monetario y Financiero/Liquidez total [3685]/Sistema bancario nacional [1450]')
1451,Liquidez total m/e,Liquidez total m/e,E07.12.01.02.00.00.00.00.00.M.CRC,Mensual,CRC,4,Colón Costarricense,Millones,M,M.CRC,Node('/BCCR/Sector Monetario y Financiero/Liquidez total [3685]/Sistema bancario nacional [1450]/Liquidez total m/e [1451]'),Node('/BCCR/Sector Monetario y Financiero/Liquidez total [3685]/Sistema bancario nacional [1450]/Liquidez total m/e [1451]')
1452,Liquidez total m/n,Liquidez total m/n,E07.12.01.01.00.00.00.00.00.M.CRC,Mensual,CRC,4,Colón Costarricense,Millones,M,M.CRC,Node('/BCCR/Sector Monetario y Financiero/Liquidez total [3685]/Sistema bancario nacional [1450]/Liquidez total m/n [1452]'),Node('/BCCR/Sector Monetario y Financiero/Liquidez total [3685]/Sistema bancario nacional [1450]/Liquidez total m/n [1452]')
1453,Liquidez total m/e,Liquidez total m/e,E07.12.01.02.00.00.00.00.00.M.USD,Mensual,USD,4,Dólar EEUU,Millones,M,M.USD,Node('/BCCR/Sector Monetario y Financiero/Liquidez total m/e [1453]'),Node('/BCCR/Sector Monetario y Financiero/Liquidez total m/e [1453]')
1455,Sistema bancario nacional,Sistema financiero nacional,E07.14.01.00.00.00.00.00.00.M.CRC,Mensual,CRC,2,Colón Costarricense,No definida,M,M.CRC,Node('/BCCR/Sector Monetario y Financiero/Multiplicador bancario [3690]/Sistema bancario nacional [1455]'),Node('/BCCR/Sector Monetario y Financiero/Multiplicador bancario [3690]/Sistema bancario nacional [1455]')
1456,Sistema bancario nacional,Sistema bancario nacional,E07.06.02.00.00.00.00.00.00.M.CRC,Mensual,CRC,4,Colón Costarricense,Millones,M,M.CRC,Node('/BCCR/Sector Monetario y Financiero/Sistema bancario nacional [1456]'),Node('/BCCR/Sector Monetario y Financiero/Sistema bancario nacional [1456]')
1458,Depósitos electrónicos a plazo con el banco central,Depósitos electrónicos a plazo con el banco central,E07.02.02.00.00.00.00.00.00.M.CRC,Mensual,CRC,1,Colón Costarricense,,M,M.CRC,Node('/BCCR/Sector Monetario y Financiero/Activos internos [1361]/Depósitos electrónicos a plazo con el banco central [1458]'),Node('/BCCR/Sector Monetario y Financiero/Activos internos [1361]/Depósitos electrónicos a plazo con el banco central [1458]')
1460,Cuenta corriente m/n,Cuenta corriente m/n,E07.04.06.02.01.00.00.00.00.M.CRC,Mensual,CRC,4,Colón Costarricense,Millones,M,M.CRC,Node('/BCCR/Sector Monetario y Financiero/Pasivos internos [3711]/Depósitos en cuenta corriente del sector privado [1405]/Otros intermediarios financieros [3700]/Cuenta corriente m/n [1460]'),Node('/BCCR/Sector Monetario y Financiero/Pasivos internos [3711]/Depósitos en cuenta corriente del sector privado [1405]/Otros intermediarios financieros [3700]/Cuenta corriente m/n [1460]')
1461,Depósitos ahorro a la vista m/n,Depósitos ahorro a la vista m/n,E07.04.10.02.01.00.00.00.00.M.CRC,Mensual,CRC,4,Colón Costarricense,Millones,M,M.CRC,Node('/BCCR/Sector Monetario y Financiero/Pasivos internos [3711]/Depósitos de ahorro a la vista del sector privado [3644]/Otros intermediarios financieros [3702]/Depósitos ahorro a la vista m/n [1461]'),Node('/BCCR/Sector Monetario y Financiero/Pasivos internos [3711]/Depósitos de ahorro a la vista del sector privado [3644]/Otros intermediarios financieros [3702]/Depósitos ahorro a la vista m/n [1461]')
1462,Depósitos a plazo m/n,Depósitos a plazo m/n,E07.04.09.02.01.00.00.00.00.M.CRC,Mensual,CRC,4,Colón Costarricense,Millones,M,M.CRC,Node('/BCCR/Sector Monetario y Financiero/Pasivos internos [3711]/Depósitos a plazo del sector privado [3643]/Otros intermediarios financieros [3701]/Depósitos a plazo m/n [1462]'),Node('/BCCR/Sector Monetario y Financiero/Pasivos internos [3711]/Depósitos a plazo del sector privado [3643]/Otros intermediarios financieros [3701]/Depósitos a plazo m/n [1462]')
1464,Cuenta corriente m/e,Cuenta corriente m/e,E07.04.06.02.02.00.00.00.00.M.CRC,Mensual,CRC,4,Colón Costarricense,Millones,M,M.CRC,Node('/BCCR/Sector Monetario y Financiero/Pasivos internos [3711]/Depósitos en cuenta corriente del sector privado [1405]/Otros intermediarios financieros [3700]/Cuenta corriente m/e [1464]'),Node('/BCCR/Sector Monetario y Financiero/Pasivos internos [3711]/Depósitos en cuenta corriente del sector privado [1405]/Otros intermediarios financieros [3700]/Cuenta corriente m/e [1464]')
1465,Depósitos ahorro a la vista m/e,Depósitos ahorro a la vista m/e,E07.04.10.02.02.00.00.00.00.M.CRC,Mensual,CRC,4,Colón Costarricense,Millones,M,M.CRC,Node('/BCCR/Sector Monetario y Financiero/Pasivos internos [3711]/Depósitos de ahorro a la vista del sector privado [3644]/Otros intermediarios financieros [3702]/Depósitos ahorro a la vista m/e [1465]'),Node('/BCCR/Sector Monetario y Financiero/Pasivos internos [3711]/Depósitos de ahorro a la vista del sector privado [3644]/Otros intermediarios financieros [3702]/Depósitos ahorro a la vista m/e [1465]')
1466,Depósitos a plazo m/e,Depósitos a plazo m/e,E07.04.09.02.02.00.00.00.00.M.CRC,Mensual,CRC,4,Colón Costarricense,Millones,M,M.CRC,Node('/BCCR/Sector Monetario y Financiero/Pasivos internos [3711]/Depósitos a plazo del sector privado [3643]/Otros intermediarios financieros [3701]/Depósitos a plazo m/e [1466]'),Node('/BCCR/Sector Monetario y Financiero/Pasivos internos [3711]/Depósitos a plazo del sector privado [3643]/Otros intermediarios financieros [3701]/Depósitos a plazo m/e [1466]')
1467,Sistema financiero nacional,Sistema financiero nacional,E07.07.03.00.00.00.00.00.00.M.CRC,Mensual,CRC,4,Colón Costarricense,Millones,M,M.CRC,Node('/BCCR/Sector Monetario y Financiero/Crédito interno total [1494]/Sistema financiero nacional [1467]'),Node('/BCCR/Sector Monetario y Financiero/Crédito interno total [1494]/Sistema financiero nacional [1467]')
1468,Sistema financiero nacional,Sistema financiero nacional,E07.07.04.03.00.00.00.00.00.M.CRC,Mensual,CRC,4,Colón Costarricense,Millones,M,M.CRC,Node('/BCCR/Sector Monetario y Financiero/Crédito interno total [1494]/Crédito neto al Gobierno [3641]/Sistema financiero nacional [1468]'),Node('/BCCR/Sector Monetario y Financiero/Crédito interno total [1494]/Crédito neto al Gobierno [3641]/Sistema financiero nacional [1468]')
1469,Crédito corriente al gobierno,Crédito corriente al gobierno,E07.07.04.03.01.00.00.00.00.M.CRC,Mensual,CRC,4,Colón Costarricense,Millones,M,M.CRC,Node('/BCCR/Sector Monetario y Financiero/Crédito interno total [1494]/Crédito neto al Gobierno [3641]/Sistema financiero nacional [1468]/Crédito corriente al gobierno [1469]'),Node('/BCCR/Sector Monetario y Financiero/Crédito interno total [1494]/Crédito neto al Gobierno [3641]/Sistema financiero nacional [1468]/Crédito corriente al gobierno [1469]')
1470,Crédito renegociado al gobierno,Crédito renegociado al gobierno,E07.07.04.03.02.00.00.00.00.M.CRC,Mensual,CRC,4,Colón Costarricense,Millones,M,M.CRC,Node('/BCCR/Sector Monetario y Financiero/Crédito interno total [1494]/Crédito neto al Gobierno [3641]/Sistema financiero nacional [1468]/Crédito renegociado al gobierno [1470]'),Node('/BCCR/Sector Monetario y Financiero/Crédito interno total [1494]/Crédito neto al Gobierno [3641]/Sistema financiero nacional [1468]/Crédito renegociado al gobierno [1470]')
1471,Sistema financiero nacional,Sistema financiero nacional,E07.07.05.03.00.00.00.00.00.M.CRC,Mensual,CRC,4,Colón Costarricense,Millones,M,M.CRC,Node('/BCCR/Sector Monetario y Financiero/Crédito interno total [1494]/Crédito al resto del sector público [3638]/Sistema financiero nacional [1471]'),Node('/BCCR/Sector Monetario y Financiero/Crédito interno total [1494]/Crédito al resto del sector público [3638]/Sistema financiero nacional [1471]')
1472,Crédito corriente sistema financiero nacional,Crédito corriente sistema financiero nacional,E07.07.05.03.01.00.00.00.00.M.CRC,Mensual,CRC,4,Colón Costarricense,Millones,M,M.CRC,Node('/BCCR/Sector Monetario y Financiero/Crédito interno total [1494]/Crédito al resto del sector público [3638]/Sistema financiero nacional [1471]/Crédito corriente sistema financiero nacional [1472]'),Node('/BCCR/Sector Monetario y Financiero/Crédito interno total [1494]/Crédito al resto del sector público [3638]/Sistema financiero nacional [1471]/Crédito corriente sistema financiero nacional [1472]')
1473,Crédito renegociado sistema financiero nacional,Crédito renegociado sistema financiero nacional,E07.07.05.03.02.00.00.00.00.M.CRC,Mensual,CRC,4,Colón Costarricense,Millones,M,M.CRC,Node('/BCCR/Sector Monetario y Financiero/Crédito interno total [1494]/Crédito al resto del sector público [3638]/Sistema financiero nacional [1471]/Crédito renegociado sistema financiero nacional [1473]'),Node('/BCCR/Sector Monetario y Financiero/Crédito interno total [1494]/Crédito al resto del sector público [3638]/Sistema financiero nacional [1471]/Crédito renegociado sistema financiero nacional [1473]')
1475,Sistema financiero nacional,Sistema financiero nacional,E07.07.06.03.00.00.00.00.00.M.CRC,Mensual,CRC,4,Colón Costarricense,Millones,M,M.CRC,Node('/BCCR/Sector Monetario y Financiero/Crédito interno total [1494]/Crédito al sector privado [3639]/Sistema financiero nacional [1475]'),Node('/BCCR/Sector Monetario y Financiero/Crédito interno total [1494]/Crédito al sector privado [3639]/Sistema financiero nacional [1475]')
1477,Otros intermediarios financieros,Otros intermediarios financieros,E07.03.02.03.00.00.00.00.00.M.USD,Mensual,USD,1,Dólar EEUU,,M,M.USD,Node('/BCCR/Sector Monetario y Financiero/Pasivos externos [3709]/Pasivos externos de largo plazo [3710]/Otros intermediarios financieros [1477]'),Node('/BCCR/Sector Monetario y Financiero/Pasivos externos [3709]/Pasivos externos de largo plazo [3710]/Otros intermediarios financieros [1477]')
1478,Sistema financiero nacional,Sistema financiero nacional,E07.02.03.03.00.00.00.00.00.M.CRC,Mensual,CRC,1,Colón Costarricense,,M,M.CRC,Node('/BCCR/Sector Monetario y Financiero/Activos internos [1361]/Títulos valores con el banco central [542]/Sistema financiero nacional [1478]'),Node('/BCCR/Sector Monetario y Financiero/Activos internos [1361]/Títulos valores con el banco central [542]/Sistema financiero nacional [1478]')
1479,Medio circulante sistema financiero nacional,Medio circulante sistema financiero nacional,E07.10.02.00.00.00.00.00.00.M.CRC,Mensual,CRC,4,Colón Costarricense,Millones,M,M.CRC,Node('/BCCR/Sector Monetario y Financiero/Medio circulante [608]/Medio circulante sistema financiero nacional [1479]'),Node('/BCCR/Sector Monetario y Financiero/Medio circulante [608]/Medio circulante sistema financiero nacional [1479]')
1480,Sistema financiero nacional,Sistema financiero nacional,E07.11.02.00.00.00.00.00.00.M.CRC,Mensual,CRC,4,Colón Costarricense,Millones,M,M.CRC,Node('/BCCR/Sector Monetario y Financiero/Cuasidinero [3642]/Sistema financiero nacional [1480]'),Node('/BCCR/Sector Monetario y Financiero/Cuasidinero [3642]/Sistema financiero nacional [1480]')
1481,Cuasidinero m/e,Cuasidinero m/e,E07.11.02.02.00.00.00.00.00.M.CRC,Mensual,CRC,4,Colón Costarricense,Millones,M,M.CRC,Node('/BCCR/Sector Monetario y Financiero/Cuasidinero [3642]/Sistema financiero nacional [1480]/Cuasidinero m/e [1481]'),Node('/BCCR/Sector Monetario y Financiero/Cuasidinero [3642]/Sistema financiero nacional [1480]/Cuasidinero m/e [1481]')
1482,Cuasidinero m/n,Cuasidinero m/n,E07.11.02.01.00.00.00.00.00.M.CRC,Mensual,CRC,4,Colón Costarricense,Millones,M,M.CRC,Node('/BCCR/Sector Monetario y Financiero/Cuasidinero [3642]/Sistema financiero nacional [1480]/Cuasidinero m/n [1482]'),Node('/BCCR/Sector Monetario y Financiero/Cuasidinero [3642]/Sistema financiero nacional [1480]/Cuasidinero m/n [1482]')
1484,Sistema financiero nacional,Sistema financiero nacional,E07.12.02.00.00.00.00.00.00.M.CRC,Mensual,CRC,4,Colón Costarricense,Millones,M,M.CRC,Node('/BCCR/Sector Monetario y Financiero/Liquidez total [3685]/Sistema financiero nacional [1484]'),Node('/BCCR/Sector Monetario y Financiero/Liquidez total [3685]/Sistema financiero nacional [1484]')
1485,Liquidez total m/e,Liquidez total m/e,E07.12.02.02.00.00.00.00.00.M.CRC,Mensual,CRC,4,Colón Costarricense,Millones,M,M.CRC,Node('/BCCR/Sector Monetario y Financiero/Liquidez total [3685]/Sistema financiero nacional [1484]/Liquidez total m/e [1485]'),Node('/BCCR/Sector Monetario y Financiero/Liquidez total [3685]/Sistema financiero nacional [1484]/Liquidez total m/e [1485]')
1486,Liquidez  total m/n,Liquidez  total m/n,E07.12.02.01.00.00.00.00.00.M.CRC,Mensual,CRC,4,Colón Costarricense,Millones,M,M.CRC,Node('/BCCR/Sector Monetario y Financiero/Liquidez total [3685]/Sistema financiero nacional [1484]/Liquidez  total m/n [1486]'),Node('/BCCR/Sector Monetario y Financiero/Liquidez total [3685]/Sistema financiero nacional [1484]/Liquidez  total m/n [1486]')
1488,Base monetaria + SICP,Base monetaria + SICP,E07.09.02.00.00.00.00.00.00.M.CRC,Mensual,CRC,4,Colón Costarricense,Millones,M,M.CRC,Node('/BCCR/Sector Monetario y Financiero/Base monetaria [3621]/Base monetaria + SICP [1488]'),Node('/BCCR/Sector Monetario y Financiero/Base monetaria [3621]/Base monetaria + SICP [1488]')
1489,Numerario en poder del sistema financiero,Numerario en poder del sistema financiero,E07.04.03.00.00.00.00.00.00.M.CRC,Mensual,CRC,4,Colón Costarricense,Millones,M,M.CRC,Node('/BCCR/Sector Monetario y Financiero/Pasivos internos [3711]/Numerario en poder del sistema financiero [1489]'),Node('/BCCR/Sector Monetario y Financiero/Pasivos internos [3711]/Numerario en poder del sistema financiero [1489]')
1491,Sistema financiero nacional,Sistema financiero nacional,E07.14.02.00.00.00.00.00.00.M.CRC,Mensual,CRC,1,Colón Costarricense,NO DEFINIDO,M,M.CRC,Node('/BCCR/Sector Monetario y Financiero/Multiplicador bancario [3690]/Sistema financiero nacional [1491]'),Node('/BCCR/Sector Monetario y Financiero/Multiplicador bancario [3690]/Sistema financiero nacional [1491]')
1492,Sistema financiero nacional,Sistema financiero nacional,E07.06.03.00.00.00.00.00.00.M.CRC,Mensual,CRC,4,Colón Costarricense,Millones,M,M.CRC,Node('/BCCR/Sector Monetario y Financiero/Sistema financiero nacional [1492]'),Node('/BCCR/Sector Monetario y Financiero/Sistema financiero nacional [1492]')
1494,Crédito interno total,Crédito interno total,E07.07.00.00.00.00.00.00.00.M.CRC,Mensual,CRC,1,Colón Costarricense,,M,M.CRC,Node('/BCCR/Sector Monetario y Financiero/Crédito interno total [1494]'),Node('/BCCR/Sector Monetario y Financiero/Crédito interno total [1494]')
1495,Crédito al sector privado por actividad económica,Crédito al sector privado por actividad económica,E07.07.07.00.00.00.00.00.00.M.CRC,Mensual,CRC,1,Colón Costarricense,,M,M.CRC,Node('/BCCR/Sector Monetario y Financiero/Crédito interno total [1494]/Crédito al sector privado por actividad económica [1495]'),Node('/BCCR/Sector Monetario y Financiero/Crédito interno total [1494]/Crédito al sector privado por actividad económica [1495]')
1496,Sistema financiero nacional,Sistema financiero nacional,E07.07.07.02.00.00.00.00.00.M.CRC,Mensual,CRC,4,Colón Costarricense,Millones,M,M.CRC,Node('/BCCR/Sector Monetario y Financiero/Crédito interno total [1494]/Crédito al sector privado por actividad económica [1495]/Sistema financiero nacional [1496]'),Node('/BCCR/Sector Monetario y Financiero/Crédito interno total [1494]/Crédito al sector privado por actividad económica [1495]/Sistema financiero nacional [1496]')
1497,Agricultura,Agricultura,E07.07.07.02.01.00.00.00.00.M.CRC,Mensual,CRC,4,Colón Costarricense,Millones,M,M.CRC,Node('/BCCR/Sector Monetario y Financiero/Crédito interno total [1494]/Crédito al sector privado por actividad económica [1495]/Sistema financiero nacional [1496]/Agricultura [1497]'),Node('/BCCR/Sector Monetario y Financiero/Crédito interno total [1494]/Crédito al sector privado por actividad económica [1495]/Sistema financiero nacional [1496]/Agricultura [1497]')
1498,Ganadería,Ganadería,E07.07.07.02.02.00.00.00.00.M.CRC,Mensual,CRC,4,Colón Costarricense,Millones,M,M.CRC,Node('/BCCR/Sector Monetario y Financiero/Crédito interno total [1494]/Crédito al sector privado por actividad económica [1495]/Sistema financiero nacional [1496]/Ganadería [1498]'),Node('/BCCR/Sector Monetario y Financiero/Crédito interno total [1494]/Crédito al sector privado por actividad económica [1495]/Sistema financiero nacional [1496]/Ganadería [1498]')
1499,Pesca,Pesca,E07.07.07.02.03.00.00.00.00.M.CRC,Mensual,CRC,4,Colón Costarricense,Millones,M,M.CRC,Node('/BCCR/Sector Monetario y Financiero/Crédito interno total [1494]/Crédito al sector privado por actividad económica [1495]/Sistema financiero nacional [1496]/Pesca [1499]'),Node('/BCCR/Sector Monetario y Financiero/Crédito interno total [1494]/Crédito al sector privado por actividad económica [1495]/Sistema financiero nacional [1496]/Pesca [1499]')
1500,Industria,Industria,E07.07.07.02.04.00.00.00.00.M.CRC,Mensual,CRC,4,Colón Costarricense,Millones,M,M.CRC,Node('/BCCR/Sector Monetario y Financiero/Crédito interno total [1494]/Crédito al sector privado por actividad económica [1495]/Sistema financiero nacional [1496]/Industria [1500]'),Node('/BCCR/Sector Monetario y Financiero/Crédito interno total [1494]/Crédito al sector privado por actividad económica [1495]/Sistema financiero nacional [1496]/Industria [1500]')
1501,Vivienda,Vivienda,E07.07.07.02.05.00.00.00.00.M.CRC,Mensual,CRC,4,Colón Costarricense,Millones,M,M.CRC,Node('/BCCR/Sector Monetario y Financiero/Crédito interno total [1494]/Crédito al sector privado por actividad económica [1495]/Sistema financiero nacional [1496]/Vivienda [1501]'),Node('/BCCR/Sector Monetario y Financiero/Crédito interno total [1494]/Crédito al sector privado por actividad económica [1495]/Sistema financiero nacional [1496]/Vivienda [1501]')
1502,Construcción,Construcción,E07.07.07.02.06.00.00.00.00.M.CRC,Mensual,CRC,4,Colón Costarricense,Millones,M,M.CRC,Node('/BCCR/Sector Monetario y Financiero/Crédito interno total [1494]/Crédito al sector privado por actividad económica [1495]/Sistema financiero nacional [1496]/Construcción [1502]'),Node('/BCCR/Sector Monetario y Financiero/Crédito interno total [1494]/Crédito al sector privado por actividad económica [1495]/Sistema financiero nacional [1496]/Construcción [1502]')
1503,Turismo,Turismo,E07.07.07.02.07.00.00.00.00.M.CRC,Mensual,CRC,4,Colón Costarricense,Millones,M,M.CRC,Node('/BCCR/Sector Monetario y Financiero/Crédito interno total [1494]/Crédito al sector privado por actividad económica [1495]/Sistema financiero nacional [1496]/Turismo [1503]'),Node('/BCCR/Sector Monetario y Financiero/Crédito interno total [1494]/Crédito al sector privado por actividad económica [1495]/Sistema financiero nacional [1496]/Turismo [1503]')
1504,Electricidad,Electricidad,E07.07.07.02.08.00.00.00.00.M.CRC,Mensual,CRC,4,Colón Costarricense,Millones,M,M.CRC,Node('/BCCR/Sector Monetario y Financiero/Crédito interno total [1494]/Crédito al sector privado por actividad económica [1495]/Sistema financiero nacional [1496]/Electricidad [1504]'),Node('/BCCR/Sector Monetario y Financiero/Crédito interno total [1494]/Crédito al sector privado por actividad económica [1495]/Sistema financiero nacional [1496]/Electricidad [1504]')
1505,Comercio,Comercio,E07.07.07.02.09.00.00.00.00.M.CRC,Mensual,CRC,4,Colón Costarricense,Millones,M,M.CRC,Node('/BCCR/Sector Monetario y Financiero/Crédito interno total [1494]/Crédito al sector privado por actividad económica [1495]/Sistema financiero nacional [1496]/Comercio [1505]'),Node('/BCCR/Sector Monetario y Financiero/Crédito interno total [1494]/Crédito al sector privado por actividad económica [1495]/Sistema financiero nacional [1496]/Comercio [1505]')
1506,Servicios,Servicios,E07.07.07.02.10.00.00.00.00.M.CRC,Mensual,CRC,1,Colón Costarricense,NO DEFINIDO,M,M.CRC,Node('/BCCR/Sector Monetario y Financiero/Crédito interno total [1494]/Crédito al sector privado por actividad económica [1495]/Sistema financiero nacional [1496]/Servicios [1506]'),Node('/BCCR/Sector Monetario y Financiero/Crédito interno total [1494]/Crédito al sector privado por actividad económica [1495]/Sistema financiero nacional [1496]/Servicios [1506]')
1507,Consumo,Consumo,E07.07.07.02.11.00.00.00.00.M.CRC,Mensual,CRC,4,Colón Costarricense,Millones,M,M.CRC,Node('/BCCR/Sector Monetario y Financiero/Crédito interno total [1494]/Crédito al sector privado por actividad económica [1495]/Sistema financiero nacional [1496]/Consumo [1507]'),Node('/BCCR/Sector Monetario y Financiero/Crédito interno total [1494]/Crédito al sector privado por actividad económica [1495]/Sistema financiero nacional [1496]/Consumo [1507]')
1508,Transporte,Transporte,E07.07.07.02.12.00.00.00.00.M.CRC,Mensual,CRC,4,Colón Costarricense,Millones,M,M.CRC,Node('/BCCR/Sector Monetario y Financiero/Crédito interno total [1494]/Crédito al sector privado por actividad económica [1495]/Sistema financiero nacional [1496]/Transporte [1508]'),Node('/BCCR/Sector Monetario y Financiero/Crédito interno total [1494]/Crédito al sector privado por actividad económica [1495]/Sistema financiero nacional [1496]/Transporte [1508]')
1509,Depósitos y almacenamiento,Depósitos y almacenamiento,E07.07.07.02.13.00.00.00.00.M.CRC,Mensual,CRC,4,Colón Costarricense,Millones,M,M.CRC,Node('/BCCR/Sector Monetario y Financiero/Crédito interno total [1494]/Crédito al sector privado por actividad económica [1495]/Sistema financiero nacional [1496]/Depósitos y almacenamiento [1509]'),Node('/BCCR/Sector Monetario y Financiero/Crédito interno total [1494]/Crédito al sector privado por actividad económica [1495]/Sistema financiero nacional [1496]/Depósitos y almacenamiento [1509]')
1510,Otros,Otros,E07.07.07.02.14.00.00.00.00.M.CRC,Mensual,CRC,4,Colón Costarricense,Millones,M,M.CRC,Node('/BCCR/Sector Monetario y Financiero/Crédito interno total [1494]/Crédito al sector privado por actividad económica [1495]/Sistema financiero nacional [1496]/Otros [1510]'),Node('/BCCR/Sector Monetario y Financiero/Crédito interno total [1494]/Crédito al sector privado por actividad económica [1495]/Sistema financiero nacional [1496]/Otros [1510]')
1788,Depósitos ahorro a la vista m/e,Depósitos ahorro a la vista m/e,E07.04.10.02.02.00.00.00.00.M.USD,Mensual,USD,4,Dólar EEUU,Millones,M,M.USD,Node('/BCCR/Sector Monetario y Financiero/Depósitos ahorro a la vista m/e [1788]'),Node('/BCCR/Sector Monetario y Financiero/Depósitos ahorro a la vista m/e [1788]')
1789,Depósitos a plazo m/e,Depósitos a plazo m/e,E07.04.09.02.02.00.00.00.00.M.USD,Mensual,USD,4,Dólar EEUU,Millones,M,M.USD,Node('/BCCR/Sector Monetario y Financiero/Depósitos a plazo m/e [1789]'),Node('/BCCR/Sector Monetario y Financiero/Depósitos a plazo m/e [1789]')
1791,Cuenta corriente m/e,Cuenta corriente m/e,E07.04.06.02.02.00.00.00.00.M.USD,Mensual,USD,4,Dólar EEUU,Millones,M,M.USD,Node('/BCCR/Sector Monetario y Financiero/Cuenta corriente m/e [1791]'),Node('/BCCR/Sector Monetario y Financiero/Cuenta corriente m/e [1791]')
1799,Cuasidinero m/e,Cuasidinero m/e,E07.11.02.02.00.00.00.00.00.M.USD,Mensual,USD,4,Dólar EEUU,Millones,M,M.USD,Node('/BCCR/Sector Monetario y Financiero/Cuasidinero m/e [1799]'),Node('/BCCR/Sector Monetario y Financiero/Cuasidinero m/e [1799]')
1801,Liquidez total m/e,Liquidez total m/e,E07.12.02.02.00.00.00.00.00.M.USD,Mensual,USD,4,Dólar EEUU,Millones,M,M.USD,Node('/BCCR/Sector Monetario y Financiero/Liquidez total m/e [1801]'),Node('/BCCR/Sector Monetario y Financiero/Liquidez total m/e [1801]')
1812,Cuasidinero m/e,Cuasidinero m/e,E07.11.01.02.00.00.00.00.00.M.USD,Mensual,USD,4,Dólar EEUU,Millones,M,M.USD,Node('/BCCR/Sector Monetario y Financiero/Cuasidinero m/e [1812]'),Node('/BCCR/Sector Monetario y Financiero/Cuasidinero m/e [1812]')
1813,Cuenta corriente en m/e,Cuenta corriente en m/e,E07.04.06.01.02.00.00.00.00.M.USD,Mensual,USD,4,Dólar EEUU,Millones,M,M.USD,Node('/BCCR/Sector Monetario y Financiero/Cuenta corriente en m/e [1813]'),Node('/BCCR/Sector Monetario y Financiero/Cuenta corriente en m/e [1813]')
1814,Depósitos ahorro a la vista en m/e,Depósitos ahorro a la vista en m/e,E07.04.10.01.02.00.00.00.00.M.USD,Mensual,USD,4,Dólar EEUU,Millones,M,M.USD,Node('/BCCR/Sector Monetario y Financiero/Depósitos ahorro a la vista en m/e [1814]'),Node('/BCCR/Sector Monetario y Financiero/Depósitos ahorro a la vista en m/e [1814]')
1815,Depósitos a plazo en m/e,Depósitos a plazo en m/e,E07.04.09.01.02.00.00.00.00.M.USD,Mensual,USD,4,Dólar EEUU,Millones,M,M.USD,Node('/BCCR/Sector Monetario y Financiero/Depósitos a plazo en m/e [1815]'),Node('/BCCR/Sector Monetario y Financiero/Depósitos a plazo en m/e [1815]')
1858,Bancos comerciales,Bancos comerciales,E07.01.01.02.00.00.00.00.00.M.CRC,Mensual,CRC,4,Colón Costarricense,Millones,M,M.CRC,Node('/BCCR/Sector Monetario y Financiero/Activos externos [355]/Activos externos de reserva [1302]/Bancos comerciales [1858]'),Node('/BCCR/Sector Monetario y Financiero/Activos externos [355]/Activos externos de reserva [1302]/Bancos comerciales [1858]')
1859,Bancos comerciales,Bancos comerciales,E07.03.02.02.00.00.00.00.00.M.CRC,Mensual,CRC,4,Colón Costarricense,Millones,M,M.CRC,Node('/BCCR/Sector Monetario y Financiero/Bancos comerciales [1859]'),Node('/BCCR/Sector Monetario y Financiero/Bancos comerciales [1859]')
1860,Crédito al sector privado m/n,Crédito al sector privado m/n,E07.07.06.02.01.00.00.00.00.M.CRC,Mensual,CRC,4,Colón Costarricense,Millones,M,M.CRC,Node('/BCCR/Sector Monetario y Financiero/Crédito interno total [1494]/Crédito al sector privado [3639]/Sistema bancario nacional [1441]/Crédito al sector privado m/n [1860]'),Node('/BCCR/Sector Monetario y Financiero/Crédito interno total [1494]/Crédito al sector privado [3639]/Sistema bancario nacional [1441]/Crédito al sector privado m/n [1860]')
1861,Crédito al sector privado m/e,Crédito al sector privado m/e,E07.07.06.02.02.00.00.00.00.M.CRC,Mensual,CRC,4,Colón Costarricense,Millones,M,M.CRC,Node('/BCCR/Sector Monetario y Financiero/Crédito interno total [1494]/Crédito al sector privado [3639]/Sistema bancario nacional [1441]/Crédito al sector privado m/e [1861]'),Node('/BCCR/Sector Monetario y Financiero/Crédito interno total [1494]/Crédito al sector privado [3639]/Sistema bancario nacional [1441]/Crédito al sector privado m/e [1861]')
1863,Bancos comerciales,Bancos comerciales,E07.01.02.02.00.00.00.00.00.M.CRC,Mensual,CRC,4,Colón Costarricense,Millones,M,M.CRC,Node('/BCCR/Sector Monetario y Financiero/Activos externos [355]/Préstamos al exterior [486]/Bancos comerciales [1863]'),Node('/BCCR/Sector Monetario y Financiero/Activos externos [355]/Préstamos al exterior [486]/Bancos comerciales [1863]')
1865,Otros activos internos netos,Otros activos internos netos,E07.02.12.00.00.00.00.00.00.M.CRC,Mensual,CRC,1,Colón Costarricense,,M,M.CRC,Node('/BCCR/Sector Monetario y Financiero/Activos internos [1361]/Otros activos internos netos [1865]'),Node('/BCCR/Sector Monetario y Financiero/Activos internos [1361]/Otros activos internos netos [1865]')
1866,Bancos comerciales,Bancos comerciales,E07.02.12.02.00.00.00.00.00.M.CRC,Mensual,CRC,4,Colón Costarricense,Millones,M,M.CRC,Node('/BCCR/Sector Monetario y Financiero/Activos internos [1361]/Otros activos internos netos [1865]/Bancos comerciales [1866]'),Node('/BCCR/Sector Monetario y Financiero/Activos internos [1361]/Otros activos internos netos [1865]/Bancos comerciales [1866]')
1867,BEM m/n,BEM m/n,E07.04.15.01.00.00.00.00.00.M.CRC,Mensual,CRC,4,Colón Costarricense,Millones,M,M.CRC,Node('/BCCR/Sector Monetario y Financiero/Pasivos internos [3711]/Títulos valores de banco central [3755]/BEM m/n [1867]'),Node('/BCCR/Sector Monetario y Financiero/Pasivos internos [3711]/Títulos valores de banco central [3755]/BEM m/n [1867]')
1868,Sistema de inversiones de corto plazo,Sistema de inversiones de corto plazo,E07.04.13.00.00.00.00.00.00.M.CRC,Mensual,CRC,4,Colón Costarricense,Millones,M,M.CRC,Node('/BCCR/Sector Monetario y Financiero/Pasivos internos [3711]/Sistema de inversiones de corto plazo [1868]'),Node('/BCCR/Sector Monetario y Financiero/Pasivos internos [3711]/Sistema de inversiones de corto plazo [1868]')
1870,BEM m/e,BEM m/e,E07.04.15.02.00.00.00.00.00.M.CRC,Mensual,CRC,4,Colón Costarricense,Millones,M,M.CRC,Node('/BCCR/Sector Monetario y Financiero/Pasivos internos [3711]/Títulos valores de banco central [3755]/BEM m/e [1870]'),Node('/BCCR/Sector Monetario y Financiero/Pasivos internos [3711]/Títulos valores de banco central [3755]/BEM m/e [1870]')
1998,Sistema financiero nacional,Sistema financiero nacional,E07.06.03.00.00.00.00.00.00.M.USD,Mensual,USD,4,Dólar EEUU,Millones,M,M.USD,Node('/BCCR/Sector Monetario y Financiero/Posición externa neta [3730]/Sistema financiero nacional [1998]'),Node('/BCCR/Sector Monetario y Financiero/Posición externa neta [3730]/Sistema financiero nacional [1998]')
2225,sistema bancario nacional,sistema bancario nacional,E07.06.02.00.00.00.00.00.00.M.USD,Mensual,USD,4,Dólar EEUU,Millones,M,M.USD,Node('/BCCR/Sector Monetario y Financiero/Posición externa neta [3730]/sistema bancario nacional [2225]'),Node('/BCCR/Sector Monetario y Financiero/Posición externa neta [3730]/sistema bancario nacional [2225]')
2336,Banco central,Banco central,E07.06.01.00.00.00.00.00.00.M.USD,Mensual,USD,1,Dólar EEUU,NO DEFINIDO,M,M.USD,Node('/BCCR/Sector Monetario y Financiero/Posición externa neta [3730]/Banco central [2336]'),Node('/BCCR/Sector Monetario y Financiero/Posición externa neta [3730]/Banco central [2336]')
2930,Crédito al sector privado m/n,Crédito al sector privado m/n,E07.07.06.03.01.00.00.00.00.M.CRC,Mensual,CRC,4,Colón Costarricense,Millones,M,M.CRC,Node('/BCCR/Sector Monetario y Financiero/Crédito interno total [1494]/Crédito al sector privado [3639]/Sistema financiero nacional [1475]/Crédito al sector privado m/n [2930]'),Node('/BCCR/Sector Monetario y Financiero/Crédito interno total [1494]/Crédito al sector privado [3639]/Sistema financiero nacional [1475]/Crédito al sector privado m/n [2930]')
2931,Crédito al sector privado m/e,Crédito al sector privado m/e,E07.07.06.03.02.00.00.00.00.M.CRC,Mensual,CRC,4,Colón Costarricense,Millones,M,M.CRC,Node('/BCCR/Sector Monetario y Financiero/Crédito interno total [1494]/Crédito al sector privado [3639]/Sistema financiero nacional [1475]/Crédito al sector privado m/e [2931]'),Node('/BCCR/Sector Monetario y Financiero/Crédito interno total [1494]/Crédito al sector privado [3639]/Sistema financiero nacional [1475]/Crédito al sector privado m/e [2931]')
2933,Otros intermediarios financieros,Otros intermediarios financieros,E07.01.02.03.00.00.00.00.00.M.CRC,Mensual,CRC,4,Colón Costarricense,Millones,M,M.CRC,Node('/BCCR/Sector Monetario y Financiero/Activos externos [355]/Préstamos al exterior [486]/Otros intermediarios financieros [2933]'),Node('/BCCR/Sector Monetario y Financiero/Activos externos [355]/Préstamos al exterior [486]/Otros intermediarios financieros [2933]')
2936,Otros activos netos,Otros activos netos,E07.10.02.05.00.00.00.00.00.M.CRC,Mensual,CRC,4,Colón Costarricense,Millones,M,M.CRC,Node('/BCCR/Sector Monetario y Financiero/Medio circulante [608]/Medio circulante sistema financiero nacional [1479]/Otros activos netos [2936]'),Node('/BCCR/Sector Monetario y Financiero/Medio circulante [608]/Medio circulante sistema financiero nacional [1479]/Otros activos netos [2936]')
2937,Sistema financiero nacional,Sistema financiero nacional,E07.02.02.03.00.00.00.00.00.M.CRC,Mensual,CRC,1,Colón Costarricense,,M,M.CRC,Node('/BCCR/Sector Monetario y Financiero/Activos internos [1361]/Depósitos electrónicos a plazo con el banco central [1458]/Sistema financiero nacional [2937]'),Node('/BCCR/Sector Monetario y Financiero/Activos internos [1361]/Depósitos electrónicos a plazo con el banco central [1458]/Sistema financiero nacional [2937]')
2939,Sistema financiero nacional,Sistema financiero nacional,E07.02.01.03.00.00.00.00.00.M.CRC,Mensual,CRC,4,Colón Costarricense,Millones,M,M.CRC,Node('/BCCR/Sector Monetario y Financiero/Activos internos [1361]/Sistema de inversiones de corto plazo [1404]/Sistema financiero nacional [2939]'),Node('/BCCR/Sector Monetario y Financiero/Activos internos [1361]/Sistema de inversiones de corto plazo [1404]/Sistema financiero nacional [2939]')
2942,BEM m/n,BEM m/n,E07.02.03.03.01.00.00.00.00.M.CRC,Mensual,CRC,4,Colón Costarricense,Millones,M,M.CRC,Node('/BCCR/Sector Monetario y Financiero/Activos internos [1361]/Títulos valores con el banco central [542]/Sistema financiero nacional [1478]/BEM m/n [2942]'),Node('/BCCR/Sector Monetario y Financiero/Activos internos [1361]/Títulos valores con el banco central [542]/Sistema financiero nacional [1478]/BEM m/n [2942]')
2943,BEM m/e,BEM m/e,E07.02.03.03.02.00.00.00.00.M.CRC,Mensual,CRC,4,Colón Costarricense,Millones,M,M.CRC,Node('/BCCR/Sector Monetario y Financiero/Activos internos [1361]/Títulos valores con el banco central [542]/Sistema financiero nacional [1478]/BEM m/e [2943]'),Node('/BCCR/Sector Monetario y Financiero/Activos internos [1361]/Títulos valores con el banco central [542]/Sistema financiero nacional [1478]/BEM m/e [2943]')
3044,Otros intermediarios financieros,Otros intermediarios financieros,E07.01.01.03.00.00.00.00.00.M.CRC,Mensual,CRC,4,Colón Costarricense,Millones,M,M.CRC,Node('/BCCR/Sector Monetario y Financiero/Activos externos [355]/Activos externos de reserva [1302]/Otros intermediarios financieros [3044]'),Node('/BCCR/Sector Monetario y Financiero/Activos externos [355]/Activos externos de reserva [1302]/Otros intermediarios financieros [3044]')
3045,Otros intermediarios financieros,Otros intermediarios financieros,E07.03.02.03.02.00.00.00.00.M.USD,Mensual,USD,4,Dólar EEUU,Millones,M,M.USD,Node('/BCCR/Sector Monetario y Financiero/Pasivos externos [3709]/Pasivos externos de largo plazo [3710]/Otros intermediarios financieros [1477]/Otros intermediarios financieros [3045]'),Node('/BCCR/Sector Monetario y Financiero/Pasivos externos [3709]/Pasivos externos de largo plazo [3710]/Otros intermediarios financieros [1477]/Otros intermediarios financieros [3045]')
3321,Depósitos electrónicos a plazo de banco central,Depósitos electrónicos a plazo de banco central,E07.04.14.00.00.00.00.00.00.M.CRC,Mensual,CRC,1,Colón Costarricense,,M,M.CRC,Node('/BCCR/Sector Monetario y Financiero/Pasivos internos [3711]/Depósitos electrónicos a plazo de banco central [3321]'),Node('/BCCR/Sector Monetario y Financiero/Pasivos internos [3711]/Depósitos electrónicos a plazo de banco central [3321]')
3322,DEP en m/n,DEP en m/n,E07.04.14.01.00.00.00.00.00.M.CRC,Mensual,CRC,4,Colón Costarricense,Millones,M,M.CRC,Node('/BCCR/Sector Monetario y Financiero/Pasivos internos [3711]/Depósitos electrónicos a plazo de banco central [3321]/DEP en m/n [3322]'),Node('/BCCR/Sector Monetario y Financiero/Pasivos internos [3711]/Depósitos electrónicos a plazo de banco central [3321]/DEP en m/n [3322]')
3344,DEP m/n,DEP m/n,E07.02.02.03.01.00.00.00.00.M.CRC,Mensual,CRC,4,Colón Costarricense,Millones,M,M.CRC,Node('/BCCR/Sector Monetario y Financiero/Activos internos [1361]/Depósitos electrónicos a plazo con el banco central [1458]/Sistema financiero nacional [2937]/DEP m/n [3344]'),Node('/BCCR/Sector Monetario y Financiero/Activos internos [1361]/Depósitos electrónicos a plazo con el banco central [1458]/Sistema financiero nacional [2937]/DEP m/n [3344]')
3351,Riqueza financiera del sector privado,Riqueza financiera del sector privado,E07.13.00.00.00.00.00.00.00.M.CRC,Mensual,CRC,4,Colón Costarricense,Millones,M,M.CRC,Node('/BCCR/Sector Monetario y Financiero/Riqueza financiera del sector privado [3351]'),Node('/BCCR/Sector Monetario y Financiero/Riqueza financiera del sector privado [3351]')
3352,Riqueza financiera al sector privado cobertura SBN m/n,Riqueza financiera al sector privado cobertura SBN m/n,E07.13.01.00.00.00.00.00.00.M.CRC,Mensual,CRC,4,Colón Costarricense,Millones,M,M.CRC,Node('/BCCR/Sector Monetario y Financiero/Riqueza financiera del sector privado [3351]/Riqueza financiera al sector privado cobertura SBN m/n [3352]'),Node('/BCCR/Sector Monetario y Financiero/Riqueza financiera del sector privado [3351]/Riqueza financiera al sector privado cobertura SBN m/n [3352]')
3353,Riqueza financiera m/e,Riqueza financiera m/e,E07.13.02.00.00.00.00.00.00.M.CRC,Mensual,CRC,4,Colón Costarricense,Millones,M,M.CRC,Node('/BCCR/Sector Monetario y Financiero/Riqueza financiera del sector privado [3351]/Riqueza financiera m/e [3353]'),Node('/BCCR/Sector Monetario y Financiero/Riqueza financiera del sector privado [3351]/Riqueza financiera m/e [3353]')
3354,Depósitos bancarios,Depósitos bancarios,E07.13.01.02.00.00.00.00.00.M.CRC,Mensual,CRC,1,Colón Costarricense,,M,M.CRC,Node('/BCCR/Sector Monetario y Financiero/Riqueza financiera del sector privado [3351]/Riqueza financiera al sector privado cobertura SBN m/n [3352]/Depósitos bancarios [3354]'),Node('/BCCR/Sector Monetario y Financiero/Riqueza financiera del sector privado [3351]/Riqueza financiera al sector privado cobertura SBN m/n [3352]/Depósitos bancarios [3354]')
3355,BEM,BEM,E07.13.01.03.00.00.00.00.00.M.CRC,Mensual,CRC,1,Colón Costarricense,,M,M.CRC,Node('/BCCR/Sector Monetario y Financiero/Riqueza financiera del sector privado [3351]/Riqueza financiera al sector privado cobertura SBN m/n [3352]/BEM [3355]'),Node('/BCCR/Sector Monetario y Financiero/Riqueza financiera del sector privado [3351]/Riqueza financiera al sector privado cobertura SBN m/n [3352]/BEM [3355]')
3356,DEP,DEP,E07.13.01.04.00.00.00.00.00.M.CRC,Mensual,CRC,4,Colón Costarricense,Millones,M,M.CRC,Node('/BCCR/Sector Monetario y Financiero/Riqueza financiera del sector privado [3351]/Riqueza financiera al sector privado cobertura SBN m/n [3352]/DEP [3356]'),Node('/BCCR/Sector Monetario y Financiero/Riqueza financiera del sector privado [3351]/Riqueza financiera al sector privado cobertura SBN m/n [3352]/DEP [3356]')
3357,SICP,SICP,E07.13.01.05.00.00.00.00.00.M.CRC,Mensual,CRC,4,Colón Costarricense,Millones,M,M.CRC,Node('/BCCR/Sector Monetario y Financiero/Riqueza financiera del sector privado [3351]/Riqueza financiera al sector privado cobertura SBN m/n [3352]/SICP [3357]'),Node('/BCCR/Sector Monetario y Financiero/Riqueza financiera del sector privado [3351]/Riqueza financiera al sector privado cobertura SBN m/n [3352]/SICP [3357]')
3358,Bonos fiscales,Bonos fiscales,E07.13.01.06.00.00.00.00.00.M.CRC,Mensual,CRC,1,Colón Costarricense,,M,M.CRC,Node('/BCCR/Sector Monetario y Financiero/Riqueza financiera del sector privado [3351]/Riqueza financiera al sector privado cobertura SBN m/n [3352]/Bonos fiscales [3358]'),Node('/BCCR/Sector Monetario y Financiero/Riqueza financiera del sector privado [3351]/Riqueza financiera al sector privado cobertura SBN m/n [3352]/Bonos fiscales [3358]')
3571,Banco central,Banco central,E07.02.12.01.00.00.00.00.00.M.CRC,Mensual,CRC,4,Colón Costarricense,Millones,M,M.CRC,Node('/BCCR/Sector Monetario y Financiero/Activos internos [1361]/Otros activos internos netos [1865]/Banco central [3571]'),Node('/BCCR/Sector Monetario y Financiero/Activos internos [1361]/Otros activos internos netos [1865]/Banco central [3571]')
3587,Banco central,Banco central,E07.01.01.01.00.00.00.00.00.M.CRC,Mensual,CRC,4,Colón Costarricense,Millones,M,M.CRC,Node('/BCCR/Sector Monetario y Financiero/Activos externos [355]/Activos externos de reserva [1302]/Banco central [3587]'),Node('/BCCR/Sector Monetario y Financiero/Activos externos [355]/Activos externos de reserva [1302]/Banco central [3587]')
3588,Banco central,Banco central,E07.03.02.01.00.00.00.00.00.M.CRC,Mensual,CRC,4,Colón Costarricense,Millones,M,M.CRC,Node('/BCCR/Sector Monetario y Financiero/Banco central [3588]'),Node('/BCCR/Sector Monetario y Financiero/Banco central [3588]')
3612,Bancos comerciales,Bancos comerciales,E07.04.06.01.00.00.00.00.00.M.CRC,Mensual,CRC,1,Colón Costarricense,,M,M.CRC,Node('/BCCR/Sector Monetario y Financiero/Pasivos internos [3711]/Depósitos en cuenta corriente del sector privado [1405]/Bancos comerciales [3612]'),Node('/BCCR/Sector Monetario y Financiero/Pasivos internos [3711]/Depósitos en cuenta corriente del sector privado [1405]/Bancos comerciales [3612]')
3613,Bancos comerciales,Bancos comerciales,E07.04.09.01.00.00.00.00.00.M.CRC,Mensual,CRC,1,Colón Costarricense,,M,M.CRC,Node('/BCCR/Sector Monetario y Financiero/Pasivos internos [3711]/Depósitos a plazo del sector privado [3643]/Bancos comerciales [3613]'),Node('/BCCR/Sector Monetario y Financiero/Pasivos internos [3711]/Depósitos a plazo del sector privado [3643]/Bancos comerciales [3613]')
3614,Bancos comerciales,Bancos comerciales,E07.04.10.01.00.00.00.00.00.M.CRC,Mensual,CRC,1,Colón Costarricense,,M,M.CRC,Node('/BCCR/Sector Monetario y Financiero/Pasivos internos [3711]/Depósitos de ahorro a la vista del sector privado [3644]/Bancos comerciales [3614]'),Node('/BCCR/Sector Monetario y Financiero/Pasivos internos [3711]/Depósitos de ahorro a la vista del sector privado [3644]/Bancos comerciales [3614]')
3621,Base monetaria,Base monetaria,E07.09.00.00.00.00.00.00.00.M.CRC,Mensual,CRC,1,Colón Costarricense,,M,M.CRC,Node('/BCCR/Sector Monetario y Financiero/Base monetaria [3621]'),Node('/BCCR/Sector Monetario y Financiero/Base monetaria [3621]')
3622,Base monetaria amplia,Base monetaria amplia,E07.09.01.00.00.00.00.00.00.M.CRC,Mensual,CRC,1,Colón Costarricense,,M,M.CRC,Node('/BCCR/Sector Monetario y Financiero/Base monetaria [3621]/Base monetaria amplia [3622]'),Node('/BCCR/Sector Monetario y Financiero/Base monetaria [3621]/Base monetaria amplia [3622]')
3638,Crédito al resto del sector público,Crédito al resto del sector público,E07.07.05.00.00.00.00.00.00.M.CRC,Mensual,CRC,1,Colón Costarricense,,M,M.CRC,Node('/BCCR/Sector Monetario y Financiero/Crédito interno total [1494]/Crédito al resto del sector público [3638]'),Node('/BCCR/Sector Monetario y Financiero/Crédito interno total [1494]/Crédito al resto del sector público [3638]')
3639,Crédito al sector privado,Crédito al sector privado,E07.07.06.00.00.00.00.00.00.M.CRC,Mensual,CRC,1,Colón Costarricense,,M,M.CRC,Node('/BCCR/Sector Monetario y Financiero/Crédito interno total [1494]/Crédito al sector privado [3639]'),Node('/BCCR/Sector Monetario y Financiero/Crédito interno total [1494]/Crédito al sector privado [3639]')
3640,Crédito corriente a la banca comercial,Crédito corriente a la banca comercial,E07.07.09.00.00.00.00.00.00.M.CRC,Mensual,CRC,1,Colón Costarricense,,M,M.CRC,Node('/BCCR/Sector Monetario y Financiero/Crédito interno total [1494]/Crédito corriente a la banca comercial [3640]'),Node('/BCCR/Sector Monetario y Financiero/Crédito interno total [1494]/Crédito corriente a la banca comercial [3640]')
3641,Crédito neto al Gobierno,Crédito neto al Gobierno,E07.07.04.00.00.00.00.00.00.M.CRC,Mensual,CRC,1,Colón Costarricense,,M,M.CRC,Node('/BCCR/Sector Monetario y Financiero/Crédito interno total [1494]/Crédito neto al Gobierno [3641]'),Node('/BCCR/Sector Monetario y Financiero/Crédito interno total [1494]/Crédito neto al Gobierno [3641]')
3642,Cuasidinero,Cuasidinero,E07.11.00.00.00.00.00.00.00.M.CRC,Mensual,CRC,1,Colón Costarricense,,M,M.CRC,Node('/BCCR/Sector Monetario y Financiero/Cuasidinero [3642]'),Node('/BCCR/Sector Monetario y Financiero/Cuasidinero [3642]')
3643,Depósitos a plazo del sector privado,Depósitos a plazo del sector privado,E07.04.09.00.00.00.00.00.00.M.CRC,Mensual,CRC,1,Colón Costarricense,,M,M.CRC,Node('/BCCR/Sector Monetario y Financiero/Pasivos internos [3711]/Depósitos a plazo del sector privado [3643]'),Node('/BCCR/Sector Monetario y Financiero/Pasivos internos [3711]/Depósitos a plazo del sector privado [3643]')
3644,Depósitos de ahorro a la vista del sector privado,Depósitos de ahorro a la vista del sector privado,E07.04.10.00.00.00.00.00.00.M.CRC,Mensual,CRC,1,Colón Costarricense,,M,M.CRC,Node('/BCCR/Sector Monetario y Financiero/Pasivos internos [3711]/Depósitos de ahorro a la vista del sector privado [3644]'),Node('/BCCR/Sector Monetario y Financiero/Pasivos internos [3711]/Depósitos de ahorro a la vista del sector privado [3644]')
3685,Liquidez total,Liquidez total,E07.12.00.00.00.00.00.00.00.M.CRC,Mensual,CRC,1,Colón Costarricense,,M,M.CRC,Node('/BCCR/Sector Monetario y Financiero/Liquidez total [3685]'),Node('/BCCR/Sector Monetario y Financiero/Liquidez total [3685]')
3690,Multiplicador bancario,Multiplicador bancario,E07.14.00.00.00.00.00.00.00.M.CRC,Mensual,CRC,1,Colón Costarricense,,M,M.CRC,Node('/BCCR/Sector Monetario y Financiero/Multiplicador bancario [3690]'),Node('/BCCR/Sector Monetario y Financiero/Multiplicador bancario [3690]')
3700,Otros intermediarios financieros,Otros intermediarios financieros,E07.04.06.02.00.00.00.00.00.M.CRC,Mensual,CRC,1,Colón Costarricense,,M,M.CRC,Node('/BCCR/Sector Monetario y Financiero/Pasivos internos [3711]/Depósitos en cuenta corriente del sector privado [1405]/Otros intermediarios financieros [3700]'),Node('/BCCR/Sector Monetario y Financiero/Pasivos internos [3711]/Depósitos en cuenta corriente del sector privado [1405]/Otros intermediarios financieros [3700]')
3701,Otros intermediarios financieros,Otros intermediarios financieros,E07.04.09.02.00.00.00.00.00.M.CRC,Mensual,CRC,1,Colón Costarricense,,M,M.CRC,Node('/BCCR/Sector Monetario y Financiero/Pasivos internos [3711]/Depósitos a plazo del sector privado [3643]/Otros intermediarios financieros [3701]'),Node('/BCCR/Sector Monetario y Financiero/Pasivos internos [3711]/Depósitos a plazo del sector privado [3643]/Otros intermediarios financieros [3701]')
3702,Otros intermediarios financieros,Otros intermediarios financieros,E07.04.10.02.00.00.00.00.00.M.CRC,Mensual,CRC,1,Colón Costarricense,,M,M.CRC,Node('/BCCR/Sector Monetario y Financiero/Pasivos internos [3711]/Depósitos de ahorro a la vista del sector privado [3644]/Otros intermediarios financieros [3702]'),Node('/BCCR/Sector Monetario y Financiero/Pasivos internos [3711]/Depósitos de ahorro a la vista del sector privado [3644]/Otros intermediarios financieros [3702]')
3709,Pasivos externos,Pasivos externos,E07.03.00.00.00.00.00.00.00.M.USD,Mensual,USD,1,Dólar EEUU,,M,M.USD,Node('/BCCR/Sector Monetario y Financiero/Pasivos externos [3709]'),Node('/BCCR/Sector Monetario y Financiero/Pasivos externos [3709]')
3710,Pasivos externos de largo plazo,Pasivos externos de largo plazo,E07.03.02.00.00.00.00.00.00.M.USD,Mensual,USD,1,Dólar EEUU,,M,M.USD,Node('/BCCR/Sector Monetario y Financiero/Pasivos externos [3709]/Pasivos externos de largo plazo [3710]'),Node('/BCCR/Sector Monetario y Financiero/Pasivos externos [3709]/Pasivos externos de largo plazo [3710]')
3711,Pasivos internos,Pasivos internos,E07.04.00.00.00.00.00.00.00.M.CRC,Mensual,CRC,1,Colón Costarricense,,M,M.CRC,Node('/BCCR/Sector Monetario y Financiero/Pasivos internos [3711]'),Node('/BCCR/Sector Monetario y Financiero/Pasivos internos [3711]')
3730,Posición externa neta,Posición externa neta,E07.06.00.00.00.00.00.00.00.M.USD,Mensual,USD,1,Dólar EEUU,,M,M.USD,Node('/BCCR/Sector Monetario y Financiero/Posición externa neta [3730]'),Node('/BCCR/Sector Monetario y Financiero/Posición externa neta [3730]')
3755,Títulos valores de banco central,Títulos valores de banco central,E07.04.15.00.00.00.00.00.00.M.CRC,Mensual,CRC,1,Colón Costarricense,,M,M.CRC,Node('/BCCR/Sector Monetario y Financiero/Pasivos internos [3711]/Títulos valores de banco central [3755]'),Node('/BCCR/Sector Monetario y Financiero/Pasivos internos [3711]/Títulos valores de banco central [3755]')
3764,Variables históricas,Variables históricas,E07.99.00.00.00.00.00.00.00.M.CRC,Mensual,CRC,1,Colón Costarricense,,M,M.CRC,Node('/BCCR/Sector Monetario y Financiero/Variables históricas [3764]'),Node('/BCCR/Sector Monetario y Financiero/Variables históricas [3764]')
19422,"Base monetaria restringida, pasivos frente a OSD encaje Dep.","Base monetaria restringida, pasivos frente a OSD por encaje legal, depósitos transferibles",E07.17.01.02.03.00.00.00.00.M.CRC,Mensual,CRC,4,Colón Costarricense,Millones,M,M.CRC,"Node('/BCCR/Sector Monetario y Financiero/Panorama de bancos (excluidos offshore) [20504]/Activos externos netos [19958]/Pasivos frente a no residentes [20521]/Base monetaria restringida, pasivos frente a OSD encaje Dep. [19422]')","Node('/BCCR/Sector Monetario y Financiero/Panorama de bancos (excluidos offshore) [20504]/Activos externos netos [19958]/Pasivos frente a no residentes [20521]/Base monetaria restringida, pasivos frente a OSD encaje Dep. [19422]')"
19505,Sistema bancario nacional,Sistema bancario nacional,E07.02.03.02.00.00.00.00.00.M.CRC,Mensual,CRC,1,Colón Costarricense,,M,M.CRC,Node('/BCCR/Sector Monetario y Financiero/Activos internos [1361]/Títulos valores con el banco central [542]/Sistema bancario nacional [19505]'),Node('/BCCR/Sector Monetario y Financiero/Activos internos [1361]/Títulos valores con el banco central [542]/Sistema bancario nacional [19505]')
19506,BEM m/n SBN,BEM m/n SBN,E07.02.03.02.01.00.00.00.00.M.CRC,Mensual,CRC,4,Colón Costarricense,Millones,M,M.CRC,Node('/BCCR/Sector Monetario y Financiero/Activos internos [1361]/Títulos valores con el banco central [542]/Sistema bancario nacional [19505]/BEM m/n SBN [19506]'),Node('/BCCR/Sector Monetario y Financiero/Activos internos [1361]/Títulos valores con el banco central [542]/Sistema bancario nacional [19505]/BEM m/n SBN [19506]')
19507,BEM m/e SBN,BEM m/e,E07.02.03.02.02.00.00.00.00.M.CRC,Mensual,CRC,4,Colón Costarricense,Millones,M,M.CRC,Node('/BCCR/Sector Monetario y Financiero/Activos internos [1361]/Títulos valores con el banco central [542]/Sistema bancario nacional [19505]/BEM m/e SBN [19507]'),Node('/BCCR/Sector Monetario y Financiero/Activos internos [1361]/Títulos valores con el banco central [542]/Sistema bancario nacional [19505]/BEM m/e SBN [19507]')
19508,SICP SBN,SICP SBN,E07.02.01.02.00.00.00.00.00.M.CRC,Mensual,CRC,4,Colón Costarricense,Millones,M,M.CRC,Node('/BCCR/Sector Monetario y Financiero/Activos internos [1361]/Sistema de inversiones de corto plazo [1404]/SICP SBN [19508]'),Node('/BCCR/Sector Monetario y Financiero/Activos internos [1361]/Sistema de inversiones de corto plazo [1404]/SICP SBN [19508]')
19509,DEP SBN,DEP SBN,E07.02.02.02.00.00.00.00.00.M.CRC,Mensual,CRC,4,Colón Costarricense,Millones,M,M.CRC,Node('/BCCR/Sector Monetario y Financiero/Activos internos [1361]/Depósitos electrónicos a plazo con el banco central [1458]/DEP SBN [19509]'),Node('/BCCR/Sector Monetario y Financiero/Activos internos [1361]/Depósitos electrónicos a plazo con el banco central [1458]/DEP SBN [19509]')
19862,Composición del capital y posición en moneda extranjera de,Composición del capital y posición en moneda extranjera de las otras sociedades de depósito,E07.39.00.00.00.00.00.00.00.M.CRC,Mensual,CRC,1,Colón Costarricense,,M,M.CRC,Node('/BCCR/Sector Monetario y Financiero/Composición del capital y posición en moneda extranjera de [19862]'),Node('/BCCR/Sector Monetario y Financiero/Composición del capital y posición en moneda extranjera de [19862]')
19863,Composición del capital y posición en moneda extranjera del,Composición del capital y posición en moneda extranjera del banco central,E07.38.00.00.00.00.00.00.00.M.CRC,Mensual,CRC,1,Colón Costarricense,,M,M.CRC,Node('/BCCR/Sector Monetario y Financiero/Composición del capital y posición en moneda extranjera del [19863]'),Node('/BCCR/Sector Monetario y Financiero/Composición del capital y posición en moneda extranjera del [19863]')
19864,Gobierno Central,Gobierno Central,E07.36.01.02.01.00.00.00.00.M.CRC,Mensual,CRC,4,Colón Costarricense,Millones,M,M.CRC,Node('/BCCR/Sector Monetario y Financiero/Crédito al sector público no financiero del banco central [20085]/Activos [19952]/Préstamos [20551]/Gobierno Central [19864]'),Node('/BCCR/Sector Monetario y Financiero/Crédito al sector público no financiero del banco central [20085]/Activos [19952]/Préstamos [20551]/Gobierno Central [19864]')
19865,Hogares y ISFLSH,Hogares y ISFLSH,E07.32.01.01.01.02.05.00.00.M.CRC,Mensual,CRC,4,Colón Costarricense,Millones,M,M.CRC,Node('/BCCR/Sector Monetario y Financiero/Liquidez total [20292]/M3 [20295]/M2 [20294]/M1 [20293]/Depósitos transferibles (MN) en poder de : [20139]/Hogares y ISFLSH [19865]'),Node('/BCCR/Sector Monetario y Financiero/Liquidez total [20292]/M3 [20295]/M2 [20294]/M1 [20293]/Depósitos transferibles (MN) en poder de : [20139]/Hogares y ISFLSH [19865]')
19866,Otras sociedades financieras,Otras sociedades financieras,E07.32.01.01.01.02.01.00.00.M.CRC,Mensual,CRC,4,Colón Costarricense,Millones,M,M.CRC,Node('/BCCR/Sector Monetario y Financiero/Liquidez total [20292]/M3 [20295]/M2 [20294]/M1 [20293]/Depósitos transferibles (MN) en poder de : [20139]/Otras sociedades financieras [19866]'),Node('/BCCR/Sector Monetario y Financiero/Liquidez total [20292]/M3 [20295]/M2 [20294]/M1 [20293]/Depósitos transferibles (MN) en poder de : [20139]/Otras sociedades financieras [19866]')
19867,Otras sociedades no financieras,Otras sociedades no financieras,E07.32.01.04.04.00.00.00.00.M.CRC,Mensual,CRC,4,Colón Costarricense,Millones,M,M.CRC,Node('/BCCR/Sector Monetario y Financiero/Liquidez total [20292]/M3 [20295]/Valores distintos de acciones (ME) en poder de: [20696]/Otras sociedades no financieras [19867]'),Node('/BCCR/Sector Monetario y Financiero/Liquidez total [20292]/M3 [20295]/Valores distintos de acciones (ME) en poder de: [20696]/Otras sociedades no financieras [19867]')
19868,(ME),(ME),E07.31.01.03.01.02.00.00.00.M.CRC,Mensual,CRC,4,Colón Costarricense,Millones,M,M.CRC,Node('/BCCR/Sector Monetario y Financiero/Base monetaria [20012]/Base monetaria amplia [20014]/Otros pasivos frente a otras sociedades de depósito a corto [20486]/Otros depósitos [20441]/(ME) [19868]'),Node('/BCCR/Sector Monetario y Financiero/Base monetaria [20012]/Base monetaria amplia [20014]/Otros pasivos frente a otras sociedades de depósito a corto [20486]/Otros depósitos [20441]/(ME) [19868]')
19869,(ME),(ME),E07.31.01.03.02.02.00.00.00.M.CRC,Mensual,CRC,4,Colón Costarricense,Millones,M,M.CRC,Node('/BCCR/Sector Monetario y Financiero/Base monetaria [20012]/Base monetaria amplia [20014]/Otros pasivos frente a otras sociedades de depósito a corto [20486]/Otros valores [20503]/(ME) [19869]'),Node('/BCCR/Sector Monetario y Financiero/Base monetaria [20012]/Base monetaria amplia [20014]/Otros pasivos frente a otras sociedades de depósito a corto [20486]/Otros valores [20503]/(ME) [19869]')
19870,(ME),(ME),E07.31.01.04.02.00.00.00.00.M.CRC,Mensual,CRC,4,Colón Costarricense,Millones,M,M.CRC,Node('/BCCR/Sector Monetario y Financiero/Base monetaria [20012]/Base monetaria amplia [20014]/Depósitos y valores otros sectores [20144]/(ME) [19870]'),Node('/BCCR/Sector Monetario y Financiero/Base monetaria [20012]/Base monetaria amplia [20014]/Depósitos y valores otros sectores [20144]/(ME) [19870]')
19871,(MN),(MN),E07.31.01.03.01.01.00.00.00.M.CRC,Mensual,CRC,4,Colón Costarricense,Millones,M,M.CRC,Node('/BCCR/Sector Monetario y Financiero/Base monetaria [20012]/Base monetaria amplia [20014]/Otros pasivos frente a otras sociedades de depósito a corto [20486]/Otros depósitos [20441]/(MN) [19871]'),Node('/BCCR/Sector Monetario y Financiero/Base monetaria [20012]/Base monetaria amplia [20014]/Otros pasivos frente a otras sociedades de depósito a corto [20486]/Otros depósitos [20441]/(MN) [19871]')
19872,(MN),(MN),E07.31.01.03.02.01.00.00.00.M.CRC,Mensual,CRC,4,Colón Costarricense,Millones,M,M.CRC,Node('/BCCR/Sector Monetario y Financiero/Base monetaria [20012]/Base monetaria amplia [20014]/Otros pasivos frente a otras sociedades de depósito a corto [20486]/Otros valores [20503]/(MN) [19872]'),Node('/BCCR/Sector Monetario y Financiero/Base monetaria [20012]/Base monetaria amplia [20014]/Otros pasivos frente a otras sociedades de depósito a corto [20486]/Otros valores [20503]/(MN) [19872]')
19873,(MN),(MN),E07.31.01.04.01.00.00.00.00.M.CRC,Mensual,CRC,4,Colón Costarricense,Millones,M,M.CRC,Node('/BCCR/Sector Monetario y Financiero/Base monetaria [20012]/Base monetaria amplia [20014]/Depósitos y valores otros sectores [20144]/(MN) [19873]'),Node('/BCCR/Sector Monetario y Financiero/Base monetaria [20012]/Base monetaria amplia [20014]/Depósitos y valores otros sectores [20144]/(MN) [19873]')
19874,A corto plazo,A corto plazo,E07.40.01.02.01.00.00.00.00.M.USD,Mensual,USD,3,Dólar EEUU,Miles,M,M.USD,Node('/BCCR/Sector Monetario y Financiero/Activos externos netos [19964]/Banco Central [20011]/Pasivos externos [20519]/A corto plazo [19874]'),Node('/BCCR/Sector Monetario y Financiero/Activos externos netos [19964]/Banco Central [20011]/Pasivos externos [20519]/A corto plazo [19874]')
19875,Absoluto,Absoluto,E07.33.01.02.01.00.00.00.00.M.CRC,Mensual,CRC,4,Colón Costarricense,Millones,M,M.CRC,Node('/BCCR/Sector Monetario y Financiero/Encaje bancario requerido y efectivo por monedas (bancos com [20148]/MN [20311]/Encaje requerido [20153]/Absoluto [19875]'),Node('/BCCR/Sector Monetario y Financiero/Encaje bancario requerido y efectivo por monedas (bancos com [20148]/MN [20311]/Encaje requerido [20153]/Absoluto [19875]')
19876,Absoluto,Absoluto,E07.33.01.03.01.00.00.00.00.M.CRC,Mensual,CRC,4,Colón Costarricense,Millones,M,M.CRC,Node('/BCCR/Sector Monetario y Financiero/Encaje bancario requerido y efectivo por monedas (bancos com [20148]/MN [20311]/Encaje efectivo [20149]/Absoluto [19876]'),Node('/BCCR/Sector Monetario y Financiero/Encaje bancario requerido y efectivo por monedas (bancos com [20148]/MN [20311]/Encaje efectivo [20149]/Absoluto [19876]')
19877,Absoluto,Absoluto,E07.33.01.04.01.00.00.00.00.M.CRC,Mensual,CRC,4,Colón Costarricense,Millones,M,M.CRC,Node('/BCCR/Sector Monetario y Financiero/Encaje bancario requerido y efectivo por monedas (bancos com [20148]/MN [20311]/Encaje excedente/faltante [20151]/Absoluto [19877]'),Node('/BCCR/Sector Monetario y Financiero/Encaje bancario requerido y efectivo por monedas (bancos com [20148]/MN [20311]/Encaje excedente/faltante [20151]/Absoluto [19877]')
19878,Absoluto,Absoluto,E07.33.02.02.01.00.00.00.00.M.USD,Mensual,USD,4,Dólar EEUU,Millones,M,M.USD,Node('/BCCR/Sector Monetario y Financiero/ME [20301]/Encaje requerido [20154]/Absoluto [19878]'),Node('/BCCR/Sector Monetario y Financiero/ME [20301]/Encaje requerido [20154]/Absoluto [19878]')
19879,Absoluto,Absoluto,E07.33.02.03.01.00.00.00.00.M.USD,Mensual,USD,4,Dólar EEUU,Millones,M,M.USD,Node('/BCCR/Sector Monetario y Financiero/ME [20301]/Encaje efectivo [20150]/Absoluto [19879]'),Node('/BCCR/Sector Monetario y Financiero/ME [20301]/Encaje efectivo [20150]/Absoluto [19879]')
19880,Absoluto,Absoluto,E07.33.02.04.01.00.00.00.00.M.USD,Mensual,USD,4,Dólar EEUU,Millones,M,M.USD,Node('/BCCR/Sector Monetario y Financiero/ME [20301]/Encaje excedente/faltante [20152]/Absoluto [19880]'),Node('/BCCR/Sector Monetario y Financiero/ME [20301]/Encaje excedente/faltante [20152]/Absoluto [19880]')
19881,Acciones y otras participaciones de capital,Acciones y otras participaciones de capital,E07.22.01.05.00.00.00.00.00.M.CRC,Mensual,CRC,4,Colón Costarricense,Millones,M,M.CRC,Node('/BCCR/Sector Monetario y Financiero/Balance sectorial de las otras sociedades de depósito: resum [19995]/Activos [19947]/Acciones y otras participaciones de capital [19881]'),Node('/BCCR/Sector Monetario y Financiero/Balance sectorial de las otras sociedades de depósito: resum [19995]/Activos [19947]/Acciones y otras participaciones de capital [19881]')
19882,Acciones y otras participaciones de capital,Acciones y otras participaciones de capital,E07.22.02.05.00.00.00.00.00.M.CRC,Mensual,CRC,4,Colón Costarricense,Millones,M,M.CRC,Node('/BCCR/Sector Monetario y Financiero/Balance sectorial de las otras sociedades de depósito: resum [19995]/Pasivos y capital [20533]/Acciones y otras participaciones de capital [19882]'),Node('/BCCR/Sector Monetario y Financiero/Balance sectorial de las otras sociedades de depósito: resum [19995]/Pasivos y capital [20533]/Acciones y otras participaciones de capital [19882]')
19885,Acciones y otras participaciones de capital,Acciones y otras participaciones de capital,E07.39.02.01.00.00.00.00.00.M.CRC,Mensual,CRC,1,Colón Costarricense,,M,M.CRC,Node('/BCCR/Sector Monetario y Financiero/Composición del capital y posición en moneda extranjera de [19862]/Pasivos [20515]/Acciones y otras participaciones de capital [19885]'),Node('/BCCR/Sector Monetario y Financiero/Composición del capital y posición en moneda extranjera de [19862]/Pasivos [20515]/Acciones y otras participaciones de capital [19885]')
19888,Acciones y otras participaciones de capital,Acciones y otras participaciones de capital,E07.38.02.01.00.00.00.00.00.M.CRC,Mensual,CRC,1,Colón Costarricense,,M,M.CRC,Node('/BCCR/Sector Monetario y Financiero/Composición del capital y posición en moneda extranjera del [19863]/Pasivos y Acciones y otras participaciones de capital [20532]/Acciones y otras participaciones de capital [19888]'),Node('/BCCR/Sector Monetario y Financiero/Composición del capital y posición en moneda extranjera del [19863]/Pasivos y Acciones y otras participaciones de capital [20532]/Acciones y otras participaciones de capital [19888]')
19945,Activa,Activa,E07.39.04.01.00.00.00.00.00.M.CRC,Mensual,CRC,4,Colón Costarricense,Millones,M,M.CRC,Node('/BCCR/Sector Monetario y Financiero/Composición del capital y posición en moneda extranjera de [19862]/Indice de dolarización [20287]/Activa [19945]'),Node('/BCCR/Sector Monetario y Financiero/Composición del capital y posición en moneda extranjera de [19862]/Indice de dolarización [20287]/Activa [19945]')
19946,Activa,Activa,E07.38.04.01.00.00.00.00.00.M.CRC,Mensual,CRC,7,Colón Costarricense,Unidades,M,M.CRC,Node('/BCCR/Sector Monetario y Financiero/Composición del capital y posición en moneda extranjera del [19863]/Indice de dolarización [20288]/Activa [19946]'),Node('/BCCR/Sector Monetario y Financiero/Composición del capital y posición en moneda extranjera del [19863]/Indice de dolarización [20288]/Activa [19946]')
19947,Activos,Activos,E07.22.01.00.00.00.00.00.00.M.CRC,Mensual,CRC,4,Colón Costarricense,Millones,M,M.CRC,Node('/BCCR/Sector Monetario y Financiero/Balance sectorial de las otras sociedades de depósito: resum [19995]/Activos [19947]'),Node('/BCCR/Sector Monetario y Financiero/Balance sectorial de las otras sociedades de depósito: resum [19995]/Activos [19947]')
19949,Activos,Activos,E07.39.01.00.00.00.00.00.00.M.CRC,Mensual,CRC,4,Colón Costarricense,Millones,M,M.CRC,Node('/BCCR/Sector Monetario y Financiero/Composición del capital y posición en moneda extranjera de [19862]/Activos [19949]'),Node('/BCCR/Sector Monetario y Financiero/Composición del capital y posición en moneda extranjera de [19862]/Activos [19949]')
19951,Activos,Activos,E07.38.01.00.00.00.00.00.00.M.CRC,Mensual,CRC,4,Colón Costarricense,Millones,M,M.CRC,Node('/BCCR/Sector Monetario y Financiero/Composición del capital y posición en moneda extranjera del [19863]/Activos [19951]'),Node('/BCCR/Sector Monetario y Financiero/Composición del capital y posición en moneda extranjera del [19863]/Activos [19951]')
19952,Activos,Activos,E07.36.01.00.00.00.00.00.00.M.CRC,Mensual,CRC,4,Colón Costarricense,Millones,M,M.CRC,Node('/BCCR/Sector Monetario y Financiero/Crédito al sector público no financiero del banco central [20085]/Activos [19952]'),Node('/BCCR/Sector Monetario y Financiero/Crédito al sector público no financiero del banco central [20085]/Activos [19952]')
19953,Activos,Activos,E07.37.01.00.00.00.00.00.00.M.CRC,Mensual,CRC,4,Colón Costarricense,Millones,M,M.CRC,Node('/BCCR/Sector Monetario y Financiero/Crédito al sector público no financiero de las otras socieda [20084]/Activos [19953]'),Node('/BCCR/Sector Monetario y Financiero/Crédito al sector público no financiero de las otras socieda [20084]/Activos [19953]')
19954,Activos de reserva oficial,Activos de reserva oficial,E07.15.01.01.01.00.00.00.00.M.CRC,Mensual,CRC,4,Colón Costarricense,Millones,M,M.CRC,Node('/BCCR/Sector Monetario y Financiero/Panorama del Banco Central [20510]/Activos Externos Netos [19963]/Activos frente a no residentes [19973]/Activos de reserva oficial [19954]'),Node('/BCCR/Sector Monetario y Financiero/Panorama del Banco Central [20510]/Activos Externos Netos [19963]/Activos frente a no residentes [19973]/Activos de reserva oficial [19954]')
19955,Activos de reserva oficiales,Activos de reserva oficiales,E07.40.01.01.01.00.00.00.00.M.USD,Mensual,USD,3,Dólar EEUU,Miles,M,M.USD,Node('/BCCR/Sector Monetario y Financiero/Activos externos netos [19964]/Banco Central [20011]/Activos externos [19956]/Activos de reserva oficiales [19955]'),Node('/BCCR/Sector Monetario y Financiero/Activos externos netos [19964]/Banco Central [20011]/Activos externos [19956]/Activos de reserva oficiales [19955]')
19956,Activos externos,Activos externos,E07.40.01.01.00.00.00.00.00.M.USD,Mensual,USD,3,Dólar EEUU,Miles,M,M.USD,Node('/BCCR/Sector Monetario y Financiero/Activos externos netos [19964]/Banco Central [20011]/Activos externos [19956]'),Node('/BCCR/Sector Monetario y Financiero/Activos externos netos [19964]/Banco Central [20011]/Activos externos [19956]')
19957,Activos externos netos,Activos externos netos,E07.16.01.00.00.00.00.00.00.M.CRC,Mensual,CRC,4,Colón Costarricense,Millones,M,M.CRC,Node('/BCCR/Sector Monetario y Financiero/Panorama de otras sociedades de deposito [20507]/Activos externos netos [19957]'),Node('/BCCR/Sector Monetario y Financiero/Panorama de otras sociedades de deposito [20507]/Activos externos netos [19957]')
19958,Activos externos netos,Activos externos netos,E07.17.01.00.00.00.00.00.00.M.CRC,Mensual,CRC,4,Colón Costarricense,Millones,M,M.CRC,Node('/BCCR/Sector Monetario y Financiero/Panorama de bancos (excluidos offshore) [20504]/Activos externos netos [19958]'),Node('/BCCR/Sector Monetario y Financiero/Panorama de bancos (excluidos offshore) [20504]/Activos externos netos [19958]')
19959,Activos externos netos,Activos externos netos,E07.18.01.00.00.00.00.00.00.M.CRC,Mensual,CRC,4,Colón Costarricense,Millones,M,M.CRC,Node('/BCCR/Sector Monetario y Financiero/Panorama de otros intermediarios financieros [20509]/Activos externos netos [19959]'),Node('/BCCR/Sector Monetario y Financiero/Panorama de otros intermediarios financieros [20509]/Activos externos netos [19959]')
19960,Activos externos netos,Activos externos netos,E07.19.01.00.00.00.00.00.00.M.CRC,Mensual,CRC,4,Colón Costarricense,Millones,M,M.CRC,Node('/BCCR/Sector Monetario y Financiero/Panorama de las sociedades de deposito [20505]/Activos externos netos [19960]'),Node('/BCCR/Sector Monetario y Financiero/Panorama de las sociedades de deposito [20505]/Activos externos netos [19960]')
19961,Activos externos netos,Activos externos netos,E07.20.01.00.00.00.00.00.00.M.CRC,Mensual,CRC,4,Colón Costarricense,Millones,M,M.CRC,Node('/BCCR/Sector Monetario y Financiero/Panorama de otras sociedades financieras [20508]/Activos externos netos [19961]'),Node('/BCCR/Sector Monetario y Financiero/Panorama de otras sociedades financieras [20508]/Activos externos netos [19961]')
19962,Activos externos netos,Activos externos netos,E07.21.01.00.00.00.00.00.00.M.CRC,Mensual,CRC,4,Colón Costarricense,Millones,M,M.CRC,Node('/BCCR/Sector Monetario y Financiero/Panorama de las sociedades financieras [20506]/Activos externos netos [19962]'),Node('/BCCR/Sector Monetario y Financiero/Panorama de las sociedades financieras [20506]/Activos externos netos [19962]')
19963,Activos Externos Netos,Activos Externos Netos,E07.15.01.00.00.00.00.00.00.M.CRC,Mensual,CRC,4,Colón Costarricense,Millones,M,M.CRC,Node('/BCCR/Sector Monetario y Financiero/Panorama del Banco Central [20510]/Activos Externos Netos [19963]'),Node('/BCCR/Sector Monetario y Financiero/Panorama del Banco Central [20510]/Activos Externos Netos [19963]')
19964,Activos externos netos,Activos externos netos,E07.40.00.00.00.00.00.00.00.M.USD,Mensual,USD,1,Dólar EEUU,,M,M.USD,Node('/BCCR/Sector Monetario y Financiero/Activos externos netos [19964]'),Node('/BCCR/Sector Monetario y Financiero/Activos externos netos [19964]')
19965,Activos financieros,Activos financieros,E07.39.01.01.00.00.00.00.00.M.CRC,Mensual,CRC,1,Colón Costarricense,,M,M.CRC,Node('/BCCR/Sector Monetario y Financiero/Composición del capital y posición en moneda extranjera de [19862]/Activos [19949]/Activos financieros [19965]'),Node('/BCCR/Sector Monetario y Financiero/Composición del capital y posición en moneda extranjera de [19862]/Activos [19949]/Activos financieros [19965]')
19966,Activos financieros,Activos financieros,E07.38.01.01.00.00.00.00.00.M.CRC,Mensual,CRC,1,Colón Costarricense,,M,M.CRC,Node('/BCCR/Sector Monetario y Financiero/Composición del capital y posición en moneda extranjera del [19863]/Activos [19951]/Activos financieros [19966]'),Node('/BCCR/Sector Monetario y Financiero/Composición del capital y posición en moneda extranjera del [19863]/Activos [19951]/Activos financieros [19966]')
19967,Activos frente a no residentes,Activos frente a no residentes,E07.16.01.01.00.00.00.00.00.M.CRC,Mensual,CRC,4,Colón Costarricense,Millones,M,M.CRC,Node('/BCCR/Sector Monetario y Financiero/Panorama de otras sociedades de deposito [20507]/Activos externos netos [19957]/Activos frente a no residentes [19967]'),Node('/BCCR/Sector Monetario y Financiero/Panorama de otras sociedades de deposito [20507]/Activos externos netos [19957]/Activos frente a no residentes [19967]')
19968,Activos frente a no residentes,Activos frente a no residentes,E07.17.01.01.00.00.00.00.00.M.CRC,Mensual,CRC,4,Colón Costarricense,Millones,M,M.CRC,Node('/BCCR/Sector Monetario y Financiero/Panorama de bancos (excluidos offshore) [20504]/Activos externos netos [19958]/Activos frente a no residentes [19968]'),Node('/BCCR/Sector Monetario y Financiero/Panorama de bancos (excluidos offshore) [20504]/Activos externos netos [19958]/Activos frente a no residentes [19968]')
19969,Activos frente a no residentes,Activos frente a no residentes,E07.18.01.01.00.00.00.00.00.M.CRC,Mensual,CRC,4,Colón Costarricense,Millones,M,M.CRC,Node('/BCCR/Sector Monetario y Financiero/Panorama de otros intermediarios financieros [20509]/Activos externos netos [19959]/Activos frente a no residentes [19969]'),Node('/BCCR/Sector Monetario y Financiero/Panorama de otros intermediarios financieros [20509]/Activos externos netos [19959]/Activos frente a no residentes [19969]')
19970,Activos frente a no residentes,Activos frente a no residentes,E07.19.01.01.00.00.00.00.00.M.CRC,Mensual,CRC,4,Colón Costarricense,Millones,M,M.CRC,Node('/BCCR/Sector Monetario y Financiero/Panorama de las sociedades de deposito [20505]/Activos externos netos [19960]/Activos frente a no residentes [19970]'),Node('/BCCR/Sector Monetario y Financiero/Panorama de las sociedades de deposito [20505]/Activos externos netos [19960]/Activos frente a no residentes [19970]')
19971,Activos frente a no residentes,Activos frente a no residentes,E07.20.01.01.00.00.00.00.00.M.CRC,Mensual,CRC,4,Colón Costarricense,Millones,M,M.CRC,Node('/BCCR/Sector Monetario y Financiero/Panorama de otras sociedades financieras [20508]/Activos externos netos [19961]/Activos frente a no residentes [19971]'),Node('/BCCR/Sector Monetario y Financiero/Panorama de otras sociedades financieras [20508]/Activos externos netos [19961]/Activos frente a no residentes [19971]')
19972,Activos frente a no residentes,Activos frente a no residentes,E07.21.01.01.00.00.00.00.00.M.CRC,Mensual,CRC,4,Colón Costarricense,Millones,M,M.CRC,Node('/BCCR/Sector Monetario y Financiero/Panorama de las sociedades financieras [20506]/Activos externos netos [19962]/Activos frente a no residentes [19972]'),Node('/BCCR/Sector Monetario y Financiero/Panorama de las sociedades financieras [20506]/Activos externos netos [19962]/Activos frente a no residentes [19972]')
19973,Activos frente a no residentes,Activos frente a no residentes,E07.15.01.01.00.00.00.00.00.M.CRC,Mensual,CRC,1,Colón Costarricense,,M,M.CRC,Node('/BCCR/Sector Monetario y Financiero/Panorama del Banco Central [20510]/Activos Externos Netos [19963]/Activos frente a no residentes [19973]'),Node('/BCCR/Sector Monetario y Financiero/Panorama del Banco Central [20510]/Activos Externos Netos [19963]/Activos frente a no residentes [19973]')
19974,Activos internos,Activos internos,E07.16.02.00.00.00.00.00.00.M.CRC,Mensual,CRC,4,Colón Costarricense,Millones,M,M.CRC,Node('/BCCR/Sector Monetario y Financiero/Panorama de otras sociedades de deposito [20507]/Activos internos [19974]'),Node('/BCCR/Sector Monetario y Financiero/Panorama de otras sociedades de deposito [20507]/Activos internos [19974]')
19975,Activos internos,Activos internos,E07.17.02.00.00.00.00.00.00.M.CRC,Mensual,CRC,4,Colón Costarricense,Millones,M,M.CRC,Node('/BCCR/Sector Monetario y Financiero/Panorama de bancos (excluidos offshore) [20504]/Activos internos [19975]'),Node('/BCCR/Sector Monetario y Financiero/Panorama de bancos (excluidos offshore) [20504]/Activos internos [19975]')
19976,Activos internos,Activos internos,E07.18.02.00.00.00.00.00.00.M.CRC,Mensual,CRC,4,Colón Costarricense,Millones,M,M.CRC,Node('/BCCR/Sector Monetario y Financiero/Panorama de otros intermediarios financieros [20509]/Activos internos [19976]'),Node('/BCCR/Sector Monetario y Financiero/Panorama de otros intermediarios financieros [20509]/Activos internos [19976]')
19977,Activos internos,Activos internos,E07.19.02.00.00.00.00.00.00.M.CRC,Mensual,CRC,4,Colón Costarricense,Millones,M,M.CRC,Node('/BCCR/Sector Monetario y Financiero/Panorama de las sociedades de deposito [20505]/Activos internos [19977]'),Node('/BCCR/Sector Monetario y Financiero/Panorama de las sociedades de deposito [20505]/Activos internos [19977]')
19978,Activos internos,Activos internos,E07.20.02.00.00.00.00.00.00.M.CRC,Mensual,CRC,4,Colón Costarricense,Millones,M,M.CRC,Node('/BCCR/Sector Monetario y Financiero/Panorama de otras sociedades financieras [20508]/Activos internos [19978]'),Node('/BCCR/Sector Monetario y Financiero/Panorama de otras sociedades financieras [20508]/Activos internos [19978]')
19979,Activos internos,Activos internos,E07.21.02.00.00.00.00.00.00.M.CRC,Mensual,CRC,4,Colón Costarricense,Millones,M,M.CRC,Node('/BCCR/Sector Monetario y Financiero/Panorama de las sociedades financieras [20506]/Activos internos [19979]'),Node('/BCCR/Sector Monetario y Financiero/Panorama de las sociedades financieras [20506]/Activos internos [19979]')
19980,Activos Internos,Activos Internos,E07.15.02.00.00.00.00.00.00.M.CRC,Mensual,CRC,4,Colón Costarricense,Millones,M,M.CRC,Node('/BCCR/Sector Monetario y Financiero/Panorama del Banco Central [20510]/Activos Internos [19980]'),Node('/BCCR/Sector Monetario y Financiero/Panorama del Banco Central [20510]/Activos Internos [19980]')
19981,Activos no financieros,Activos no financieros,E07.22.01.07.00.00.00.00.00.M.CRC,Mensual,CRC,4,Colón Costarricense,Millones,M,M.CRC,Node('/BCCR/Sector Monetario y Financiero/Balance sectorial de las otras sociedades de depósito: resum [19995]/Activos [19947]/Activos no financieros [19981]'),Node('/BCCR/Sector Monetario y Financiero/Balance sectorial de las otras sociedades de depósito: resum [19995]/Activos [19947]/Activos no financieros [19981]')
19982,Activos no financieros,Activos no financieros,E07.39.01.02.00.00.00.00.00.M.CRC,Mensual,CRC,4,Colón Costarricense,Millones,M,M.CRC,Node('/BCCR/Sector Monetario y Financiero/Composición del capital y posición en moneda extranjera de [19862]/Activos [19949]/Activos no financieros [19982]'),Node('/BCCR/Sector Monetario y Financiero/Composición del capital y posición en moneda extranjera de [19862]/Activos [19949]/Activos no financieros [19982]')
19983,Activos no financieros,Activos no financieros,E07.38.01.02.00.00.00.00.00.M.CRC,Mensual,CRC,4,Colón Costarricense,Millones,M,M.CRC,Node('/BCCR/Sector Monetario y Financiero/Composición del capital y posición en moneda extranjera del [19863]/Activos [19951]/Activos no financieros [19983]'),Node('/BCCR/Sector Monetario y Financiero/Composición del capital y posición en moneda extranjera del [19863]/Activos [19951]/Activos no financieros [19983]')
19984,"Agricultura, ganadería silvicultura, caza y pesca","Agricultura, ganadería silvicultura, caza y pesca",E07.35.03.00.00.00.00.00.00.M.CRC,Mensual,CRC,4,Colón Costarricense,Millones,M,M.CRC,"Node('/BCCR/Sector Monetario y Financiero/PRESTAMOS DE LAS OTRAS SOCIEDADES DE DEPÓSITO AL SECTOR PRIV [20578]/Agricultura, ganadería silvicultura, caza y pesca [19984]')","Node('/BCCR/Sector Monetario y Financiero/PRESTAMOS DE LAS OTRAS SOCIEDADES DE DEPÓSITO AL SECTOR PRIV [20578]/Agricultura, ganadería silvicultura, caza y pesca [19984]')"
19985,"Agricultura, ganadería, silvicultura, caza y pesca","Agricultura, ganadería, silvicultura, caza y pesca",E07.34.03.00.00.00.00.00.00.M.CRC,Mensual,CRC,4,Colón Costarricense,Millones,M,M.CRC,"Node('/BCCR/Sector Monetario y Financiero/Prestamos de las otras sociedades de depósito al sector priv [20579]/Agricultura, ganadería, silvicultura, caza y pesca [19985]')","Node('/BCCR/Sector Monetario y Financiero/Prestamos de las otras sociedades de depósito al sector priv [20579]/Agricultura, ganadería, silvicultura, caza y pesca [19985]')"
19986,Ajustes por valoración,Ajustes por valoración,E07.39.02.01.05.00.00.00.00.M.CRC,Mensual,CRC,4,Colón Costarricense,Millones,M,M.CRC,Node('/BCCR/Sector Monetario y Financiero/Composición del capital y posición en moneda extranjera de [19862]/Pasivos [20515]/Acciones y otras participaciones de capital [19885]/Ajustes por valoración [19986]'),Node('/BCCR/Sector Monetario y Financiero/Composición del capital y posición en moneda extranjera de [19862]/Pasivos [20515]/Acciones y otras participaciones de capital [19885]/Ajustes por valoración [19986]')
19987,Ajustes por valoración,Ajustes por valoración,E07.38.02.01.05.00.00.00.00.M.CRC,Mensual,CRC,4,Colón Costarricense,Millones,M,M.CRC,Node('/BCCR/Sector Monetario y Financiero/Composición del capital y posición en moneda extranjera del [19863]/Pasivos y Acciones y otras participaciones de capital [20532]/Acciones y otras participaciones de capital [19888]/Ajustes por valoración [19987]'),Node('/BCCR/Sector Monetario y Financiero/Composición del capital y posición en moneda extranjera del [19863]/Pasivos y Acciones y otras participaciones de capital [20532]/Acciones y otras participaciones de capital [19888]/Ajustes por valoración [19987]')
19989,Balance sectorial de las otras sociedades de depósito: instr,Balance sectorial de las otras sociedades de depósito: instrumentos y sectores institucionales (acti,E07.25.00.00.00.00.00.00.00.M.CRC,Mensual,CRC,1,Colón Costarricense,,M,M.CRC,Node('/BCCR/Sector Monetario y Financiero/Balance sectorial de las otras sociedades de depósito: instr [19989]'),Node('/BCCR/Sector Monetario y Financiero/Balance sectorial de las otras sociedades de depósito: instr [19989]')
19990,Balance sectorial de las otras sociedades de deposito: instr,Balance sectorial de las otras sociedades de deposito: instrumentos y sectores institucionales (acti,E07.24.00.00.00.00.00.00.00.M.CRC,Mensual,CRC,1,Colón Costarricense,,M,M.CRC,Node('/BCCR/Sector Monetario y Financiero/Balance sectorial de las otras sociedades de deposito: instr [19990]'),Node('/BCCR/Sector Monetario y Financiero/Balance sectorial de las otras sociedades de deposito: instr [19990]')
19991,Balance sectorial de las otras sociedades de depósito: instr,Balance sectorial de las otras sociedades de depósito: instrumentos y sectores institucionales (acti,E07.23.00.00.00.00.00.00.00.M.CRC,Mensual,CRC,1,Colón Costarricense,,M,M.CRC,Node('/BCCR/Sector Monetario y Financiero/Balance sectorial de las otras sociedades de depósito: instr [19991]'),Node('/BCCR/Sector Monetario y Financiero/Balance sectorial de las otras sociedades de depósito: instr [19991]')
19992,Balance sectorial de las otras sociedades de depósito: instr,Balance sectorial de las otras sociedades de depósito: instrumentos y sectores institucionales (pasi,E07.28.00.00.00.00.00.00.00.M.CRC,Mensual,CRC,1,Colón Costarricense,,M,M.CRC,Node('/BCCR/Sector Monetario y Financiero/Balance sectorial de las otras sociedades de depósito: instr [19992]'),Node('/BCCR/Sector Monetario y Financiero/Balance sectorial de las otras sociedades de depósito: instr [19992]')
19993,Balance sectorial de las otras sociedades de depósito: instr,Balance sectorial de las otras sociedades de depósito: instrumentos y sectores institucionales (pasi,E07.27.00.00.00.00.00.00.00.M.CRC,Mensual,CRC,1,Colón Costarricense,,M,M.CRC,Node('/BCCR/Sector Monetario y Financiero/Balance sectorial de las otras sociedades de depósito: instr [19993]'),Node('/BCCR/Sector Monetario y Financiero/Balance sectorial de las otras sociedades de depósito: instr [19993]')
19994,Balance sectorial de las otras sociedades de depósito: instr,Balance sectorial de las otras sociedades de depósito: instrumentos y sectores institucionales (pasi,E07.26.00.00.00.00.00.00.00.M.CRC,Mensual,CRC,1,Colón Costarricense,,M,M.CRC,Node('/BCCR/Sector Monetario y Financiero/Balance sectorial de las otras sociedades de depósito: instr [19994]'),Node('/BCCR/Sector Monetario y Financiero/Balance sectorial de las otras sociedades de depósito: instr [19994]')
19995,Balance sectorial de las otras sociedades de depósito: resum,Balance sectorial de las otras sociedades de depósito: resumen por instrumentos,E07.22.00.00.00.00.00.00.00.M.CRC,Mensual,CRC,1,Colón Costarricense,,M,M.CRC,Node('/BCCR/Sector Monetario y Financiero/Balance sectorial de las otras sociedades de depósito: resum [19995]'),Node('/BCCR/Sector Monetario y Financiero/Balance sectorial de las otras sociedades de depósito: resum [19995]')
19997,Banco central,Banco central,E07.16.02.04.00.00.00.00.00.M.CRC,Mensual,CRC,1,Colón Costarricense,,M,M.CRC,Node('/BCCR/Sector Monetario y Financiero/Panorama de otras sociedades de deposito [20507]/Activos internos [19974]/Banco central [19997]'),Node('/BCCR/Sector Monetario y Financiero/Panorama de otras sociedades de deposito [20507]/Activos internos [19974]/Banco central [19997]')
19998,Banco central,Banco central,E07.17.02.04.00.00.00.00.00.M.CRC,Mensual,CRC,1,Colón Costarricense,,M,M.CRC,Node('/BCCR/Sector Monetario y Financiero/Panorama de bancos (excluidos offshore) [20504]/Activos internos [19975]/Banco central [19998]'),Node('/BCCR/Sector Monetario y Financiero/Panorama de bancos (excluidos offshore) [20504]/Activos internos [19975]/Banco central [19998]')
19999,Banco central,Banco central,E07.18.02.04.00.00.00.00.00.M.CRC,Mensual,CRC,1,Colón Costarricense,,M,M.CRC,Node('/BCCR/Sector Monetario y Financiero/Panorama de otros intermediarios financieros [20509]/Activos internos [19976]/Banco central [19999]'),Node('/BCCR/Sector Monetario y Financiero/Panorama de otros intermediarios financieros [20509]/Activos internos [19976]/Banco central [19999]')
20000,Banco central,Banco central,E07.20.02.04.00.00.00.00.00.M.CRC,Mensual,CRC,1,Colón Costarricense,,M,M.CRC,Node('/BCCR/Sector Monetario y Financiero/Panorama de otras sociedades financieras [20508]/Activos internos [19978]/Banco central [20000]'),Node('/BCCR/Sector Monetario y Financiero/Panorama de otras sociedades financieras [20508]/Activos internos [19978]/Banco central [20000]')
20001,Banco Central,Banco Central,E07.23.01.02.00.00.00.00.00.M.CRC,Mensual,CRC,4,Colón Costarricense,Millones,M,M.CRC,Node('/BCCR/Sector Monetario y Financiero/Balance sectorial de las otras sociedades de depósito: instr [19991]/Billetes y monedas y depósitos [20074]/Banco Central [20001]'),Node('/BCCR/Sector Monetario y Financiero/Balance sectorial de las otras sociedades de depósito: instr [19991]/Billetes y monedas y depósitos [20074]/Banco Central [20001]')
20002,Banco Central,Banco Central,E07.23.02.02.00.00.00.00.00.M.CRC,Mensual,CRC,4,Colón Costarricense,Millones,M,M.CRC,Node('/BCCR/Sector Monetario y Financiero/Balance sectorial de las otras sociedades de depósito: instr [19991]/Valores distintos de acciones [20687]/Banco Central [20002]'),Node('/BCCR/Sector Monetario y Financiero/Balance sectorial de las otras sociedades de depósito: instr [19991]/Valores distintos de acciones [20687]/Banco Central [20002]')
20003,Banco Central,Banco Central,E07.24.01.02.00.00.00.00.00.M.CRC,Mensual,CRC,4,Colón Costarricense,Millones,M,M.CRC,Node('/BCCR/Sector Monetario y Financiero/Balance sectorial de las otras sociedades de deposito: instr [19990]/Billetes y monedas y depósitos [20075]/Banco Central [20003]'),Node('/BCCR/Sector Monetario y Financiero/Balance sectorial de las otras sociedades de deposito: instr [19990]/Billetes y monedas y depósitos [20075]/Banco Central [20003]')
20004,Banco Central,Banco Central,E07.24.02.02.00.00.00.00.00.M.CRC,Mensual,CRC,4,Colón Costarricense,Millones,M,M.CRC,Node('/BCCR/Sector Monetario y Financiero/Balance sectorial de las otras sociedades de deposito: instr [19990]/Valores distintos de acciones [20688]/Banco Central [20004]'),Node('/BCCR/Sector Monetario y Financiero/Balance sectorial de las otras sociedades de deposito: instr [19990]/Valores distintos de acciones [20688]/Banco Central [20004]')
20005,Banco Central,Banco Central,E07.25.01.02.00.00.00.00.00.M.CRC,Mensual,CRC,4,Colón Costarricense,Millones,M,M.CRC,Node('/BCCR/Sector Monetario y Financiero/Balance sectorial de las otras sociedades de depósito: instr [19989]/Billetes y monedas y depósitos [20076]/Banco Central [20005]'),Node('/BCCR/Sector Monetario y Financiero/Balance sectorial de las otras sociedades de depósito: instr [19989]/Billetes y monedas y depósitos [20076]/Banco Central [20005]')
20006,Banco Central,Banco Central,E07.25.02.02.00.00.00.00.00.M.CRC,Mensual,CRC,4,Colón Costarricense,Millones,M,M.CRC,Node('/BCCR/Sector Monetario y Financiero/Balance sectorial de las otras sociedades de depósito: instr [19989]/Valores distintos de acciones [20689]/Banco Central [20006]'),Node('/BCCR/Sector Monetario y Financiero/Balance sectorial de las otras sociedades de depósito: instr [19989]/Valores distintos de acciones [20689]/Banco Central [20006]')
20007,Banco Central,Banco Central,E07.26.02.02.00.00.00.00.00.M.CRC,Mensual,CRC,4,Colón Costarricense,Millones,M,M.CRC,Node('/BCCR/Sector Monetario y Financiero/Balance sectorial de las otras sociedades de depósito: instr [19994]/Préstamos [20544]/Banco Central [20007]'),Node('/BCCR/Sector Monetario y Financiero/Balance sectorial de las otras sociedades de depósito: instr [19994]/Préstamos [20544]/Banco Central [20007]')
20008,Banco Central,Banco Central,E07.27.02.02.00.00.00.00.00.M.CRC,Mensual,CRC,4,Colón Costarricense,Millones,M,M.CRC,Node('/BCCR/Sector Monetario y Financiero/Balance sectorial de las otras sociedades de depósito: instr [19993]/Préstamos [20545]/Banco Central [20008]'),Node('/BCCR/Sector Monetario y Financiero/Balance sectorial de las otras sociedades de depósito: instr [19993]/Préstamos [20545]/Banco Central [20008]')
20009,Banco Central,Banco Central,E07.28.02.02.00.00.00.00.00.M.CRC,Mensual,CRC,4,Colón Costarricense,Millones,M,M.CRC,Node('/BCCR/Sector Monetario y Financiero/Balance sectorial de las otras sociedades de depósito: instr [19992]/Préstamos [20546]/Banco Central [20009]'),Node('/BCCR/Sector Monetario y Financiero/Balance sectorial de las otras sociedades de depósito: instr [19992]/Préstamos [20546]/Banco Central [20009]')
20010,Banco central,Banco central,E07.32.03.02.01.00.00.00.00.M.CRC,Mensual,CRC,4,Colón Costarricense,Millones,M,M.CRC,Node('/BCCR/Sector Monetario y Financiero/Liquidez total [20292]/Depósitos y valores a largo plazo [20142]/Valores a largo plazo emitidos por: [20685]/Banco central [20010]'),Node('/BCCR/Sector Monetario y Financiero/Liquidez total [20292]/Depósitos y valores a largo plazo [20142]/Valores a largo plazo emitidos por: [20685]/Banco central [20010]')
20011,Banco Central,Banco Central,E07.40.01.00.00.00.00.00.00.M.USD,Mensual,USD,3,Dólar EEUU,Miles,M,M.USD,Node('/BCCR/Sector Monetario y Financiero/Activos externos netos [19964]/Banco Central [20011]'),Node('/BCCR/Sector Monetario y Financiero/Activos externos netos [19964]/Banco Central [20011]')
20012,Base monetaria,Base monetaria,E07.31.00.00.00.00.00.00.00.M.CRC,Mensual,CRC,1,Colón Costarricense,,M,M.CRC,Node('/BCCR/Sector Monetario y Financiero/Base monetaria [20012]'),Node('/BCCR/Sector Monetario y Financiero/Base monetaria [20012]')
20013,Base Monetaria amplia,Base Monetaria amplia,E07.15.03.00.00.00.00.00.00.M.CRC,Mensual,CRC,4,Colón Costarricense,Millones,M,M.CRC,Node('/BCCR/Sector Monetario y Financiero/Panorama del Banco Central [20510]/Base Monetaria amplia [20013]'),Node('/BCCR/Sector Monetario y Financiero/Panorama del Banco Central [20510]/Base Monetaria amplia [20013]')
20014,Base monetaria amplia,Base monetaria amplia,E07.31.01.00.00.00.00.00.00.M.CRC,Mensual,CRC,4,Colón Costarricense,Millones,M,M.CRC,Node('/BCCR/Sector Monetario y Financiero/Base monetaria [20012]/Base monetaria amplia [20014]'),Node('/BCCR/Sector Monetario y Financiero/Base monetaria [20012]/Base monetaria amplia [20014]')
20015,Base monetaria restringida,Base monetaria restringida,E07.31.01.01.00.00.00.00.00.M.CRC,Mensual,CRC,4,Colón Costarricense,Millones,M,M.CRC,Node('/BCCR/Sector Monetario y Financiero/Base monetaria [20012]/Base monetaria amplia [20014]/Base monetaria restringida [20015]'),Node('/BCCR/Sector Monetario y Financiero/Base monetaria [20012]/Base monetaria amplia [20014]/Base monetaria restringida [20015]')
20017,Billetes y moneda,Billetes y moneda,E07.22.01.01.00.00.00.00.00.M.CRC,Mensual,CRC,4,Colón Costarricense,Millones,M,M.CRC,Node('/BCCR/Sector Monetario y Financiero/Balance sectorial de las otras sociedades de depósito: resum [19995]/Activos [19947]/Billetes y moneda [20017]'),Node('/BCCR/Sector Monetario y Financiero/Balance sectorial de las otras sociedades de depósito: resum [19995]/Activos [19947]/Billetes y moneda [20017]')
20018,Billetes y monedas,Billetes y monedas,E07.16.02.04.01.00.00.00.00.M.CRC,Mensual,CRC,4,Colón Costarricense,Millones,M,M.CRC,Node('/BCCR/Sector Monetario y Financiero/Panorama de otras sociedades de deposito [20507]/Activos internos [19974]/Banco central [19997]/Billetes y monedas [20018]'),Node('/BCCR/Sector Monetario y Financiero/Panorama de otras sociedades de deposito [20507]/Activos internos [19974]/Banco central [19997]/Billetes y monedas [20018]')
20019,Billetes y monedas,Billetes y monedas,E07.17.02.04.01.00.00.00.00.M.CRC,Mensual,CRC,4,Colón Costarricense,Millones,M,M.CRC,Node('/BCCR/Sector Monetario y Financiero/Panorama de bancos (excluidos offshore) [20504]/Activos internos [19975]/Banco central [19998]/Billetes y monedas [20019]'),Node('/BCCR/Sector Monetario y Financiero/Panorama de bancos (excluidos offshore) [20504]/Activos internos [19975]/Banco central [19998]/Billetes y monedas [20019]')
20020,Billetes y monedas,Billetes y monedas,E07.18.02.04.01.00.00.00.00.M.CRC,Mensual,CRC,4,Colón Costarricense,Millones,M,M.CRC,Node('/BCCR/Sector Monetario y Financiero/Panorama de otros intermediarios financieros [20509]/Activos internos [19976]/Banco central [19999]/Billetes y monedas [20020]'),Node('/BCCR/Sector Monetario y Financiero/Panorama de otros intermediarios financieros [20509]/Activos internos [19976]/Banco central [19999]/Billetes y monedas [20020]')
20021,Billetes y monedas,Billetes y monedas,E07.20.02.04.01.00.00.00.00.M.CRC,Mensual,CRC,4,Colón Costarricense,Millones,M,M.CRC,Node('/BCCR/Sector Monetario y Financiero/Panorama de otras sociedades financieras [20508]/Activos internos [19978]/Banco central [20000]/Billetes y monedas [20021]'),Node('/BCCR/Sector Monetario y Financiero/Panorama de otras sociedades financieras [20508]/Activos internos [19978]/Banco central [20000]/Billetes y monedas [20021]')
20052,Billetes y monedas en circulación,Billetes y monedas en circulación,E07.15.03.01.00.00.00.00.00.M.CRC,Mensual,CRC,4,Colón Costarricense,Millones,M,M.CRC,Node('/BCCR/Sector Monetario y Financiero/Panorama del Banco Central [20510]/Base Monetaria amplia [20013]/Billetes y monedas en circulación [20052]'),Node('/BCCR/Sector Monetario y Financiero/Panorama del Banco Central [20510]/Base Monetaria amplia [20013]/Billetes y monedas en circulación [20052]')
20054,Billetes y monedas en circulación,Billetes y monedas en circulación,E07.31.01.01.01.00.00.00.00.M.CRC,Mensual,CRC,4,Colón Costarricense,Millones,M,M.CRC,Node('/BCCR/Sector Monetario y Financiero/Base monetaria [20012]/Base monetaria amplia [20014]/Base monetaria restringida [20015]/Billetes y monedas en circulación [20054]'),Node('/BCCR/Sector Monetario y Financiero/Base monetaria [20012]/Base monetaria amplia [20014]/Base monetaria restringida [20015]/Billetes y monedas en circulación [20054]')
20069,Billetes y monedas en poder del público,Billetes y monedas en poder del público,E07.19.03.01.00.00.00.00.00.M.CRC,Mensual,CRC,4,Colón Costarricense,Millones,M,M.CRC,Node('/BCCR/Sector Monetario y Financiero/Panorama de las sociedades de deposito [20505]/Dinero en sentido amplio [20146]/Billetes y monedas en poder del público [20069]'),Node('/BCCR/Sector Monetario y Financiero/Panorama de las sociedades de deposito [20505]/Dinero en sentido amplio [20146]/Billetes y monedas en poder del público [20069]')
20070,Billetes y monedas en poder del público,Billetes y monedas en poder del público,E07.21.03.01.00.00.00.00.00.M.CRC,Mensual,CRC,4,Colón Costarricense,Millones,M,M.CRC,Node('/BCCR/Sector Monetario y Financiero/Panorama de las sociedades financieras [20506]/Pasivos [20514]/Billetes y monedas en poder del público [20070]'),Node('/BCCR/Sector Monetario y Financiero/Panorama de las sociedades financieras [20506]/Pasivos [20514]/Billetes y monedas en poder del público [20070]')
20071,Billetes y monedas en poder del público,Billetes y monedas en poder del público,E07.32.01.01.01.01.00.00.00.M.CRC,Mensual,CRC,4,Colón Costarricense,Millones,M,M.CRC,Node('/BCCR/Sector Monetario y Financiero/Liquidez total [20292]/M3 [20295]/M2 [20294]/M1 [20293]/Billetes y monedas en poder del público [20071]'),Node('/BCCR/Sector Monetario y Financiero/Liquidez total [20292]/M3 [20295]/M2 [20294]/M1 [20293]/Billetes y monedas en poder del público [20071]')
20072,Billetes y monedas extranjeros,Billetes y monedas extranjeros,E07.40.02.01.00.00.00.00.00.M.USD,Mensual,USD,3,Dólar EEUU,Miles,M,M.USD,Node('/BCCR/Sector Monetario y Financiero/Activos externos netos [19964]/Otras sociedades de depósito [20355]/Billetes y monedas extranjeros [20072]'),Node('/BCCR/Sector Monetario y Financiero/Activos externos netos [19964]/Otras sociedades de depósito [20355]/Billetes y monedas extranjeros [20072]')
20073,Billetes y monedas extranjeros,Billetes y monedas extranjeros,E07.40.01.01.01.01.00.00.00.M.USD,Mensual,USD,3,Dólar EEUU,Miles,M,M.USD,Node('/BCCR/Sector Monetario y Financiero/Activos externos netos [19964]/Banco Central [20011]/Activos externos [19956]/Activos de reserva oficiales [19955]/Billetes y monedas extranjeros [20073]'),Node('/BCCR/Sector Monetario y Financiero/Activos externos netos [19964]/Banco Central [20011]/Activos externos [19956]/Activos de reserva oficiales [19955]/Billetes y monedas extranjeros [20073]')
20074,Billetes y monedas y depósitos,Billetes y monedas y depósitos,E07.23.01.00.00.00.00.00.00.M.CRC,Mensual,CRC,1,Colón Costarricense,,M,M.CRC,Node('/BCCR/Sector Monetario y Financiero/Balance sectorial de las otras sociedades de depósito: instr [19991]/Billetes y monedas y depósitos [20074]'),Node('/BCCR/Sector Monetario y Financiero/Balance sectorial de las otras sociedades de depósito: instr [19991]/Billetes y monedas y depósitos [20074]')
20075,Billetes y monedas y depósitos,Billetes y monedas y depósitos,E07.24.01.00.00.00.00.00.00.M.CRC,Mensual,CRC,1,Colón Costarricense,,M,M.CRC,Node('/BCCR/Sector Monetario y Financiero/Balance sectorial de las otras sociedades de deposito: instr [19990]/Billetes y monedas y depósitos [20075]'),Node('/BCCR/Sector Monetario y Financiero/Balance sectorial de las otras sociedades de deposito: instr [19990]/Billetes y monedas y depósitos [20075]')
20076,Billetes y monedas y depósitos,Billetes y monedas y depósitos,E07.25.01.00.00.00.00.00.00.M.CRC,Mensual,CRC,1,Colón Costarricense,,M,M.CRC,Node('/BCCR/Sector Monetario y Financiero/Balance sectorial de las otras sociedades de depósito: instr [19989]/Billetes y monedas y depósitos [20076]'),Node('/BCCR/Sector Monetario y Financiero/Balance sectorial de las otras sociedades de depósito: instr [19989]/Billetes y monedas y depósitos [20076]')
20077,"Comercio, restaurantes y hoteles","Comercio, restaurantes y hoteles",E07.34.05.00.00.00.00.00.00.M.CRC,Mensual,CRC,4,Colón Costarricense,Millones,M,M.CRC,"Node('/BCCR/Sector Monetario y Financiero/Prestamos de las otras sociedades de depósito al sector priv [20579]/Comercio, restaurantes y hoteles [20077]')","Node('/BCCR/Sector Monetario y Financiero/Prestamos de las otras sociedades de depósito al sector priv [20579]/Comercio, restaurantes y hoteles [20077]')"
20078,"Comercio, restaurantes y hoteles","Comercio, restaurantes y hoteles",E07.35.05.00.00.00.00.00.00.M.CRC,Mensual,CRC,4,Colón Costarricense,Millones,M,M.CRC,"Node('/BCCR/Sector Monetario y Financiero/PRESTAMOS DE LAS OTRAS SOCIEDADES DE DEPÓSITO AL SECTOR PRIV [20578]/Comercio, restaurantes y hoteles [20078]')","Node('/BCCR/Sector Monetario y Financiero/PRESTAMOS DE LAS OTRAS SOCIEDADES DE DEPÓSITO AL SECTOR PRIV [20578]/Comercio, restaurantes y hoteles [20078]')"
20079,Construcción,Construcción,E07.34.04.01.00.00.00.00.00.M.CRC,Mensual,CRC,4,Colón Costarricense,Millones,M,M.CRC,Node('/BCCR/Sector Monetario y Financiero/Prestamos de las otras sociedades de depósito al sector priv [20579]/Industria [20289]/Construcción [20079]'),Node('/BCCR/Sector Monetario y Financiero/Prestamos de las otras sociedades de depósito al sector priv [20579]/Industria [20289]/Construcción [20079]')
20080,Construcción,Construcción,E07.35.04.01.00.00.00.00.00.M.CRC,Mensual,CRC,4,Colón Costarricense,Millones,M,M.CRC,Node('/BCCR/Sector Monetario y Financiero/PRESTAMOS DE LAS OTRAS SOCIEDADES DE DEPÓSITO AL SECTOR PRIV [20578]/Industria [20290]/Construcción [20080]'),Node('/BCCR/Sector Monetario y Financiero/PRESTAMOS DE LAS OTRAS SOCIEDADES DE DEPÓSITO AL SECTOR PRIV [20578]/Industria [20290]/Construcción [20080]')
20081,Consumo,Consumo,E07.34.01.00.00.00.00.00.00.M.CRC,Mensual,CRC,1,Colón Costarricense,,M,M.CRC,Node('/BCCR/Sector Monetario y Financiero/Prestamos de las otras sociedades de depósito al sector priv [20579]/Consumo [20081]'),Node('/BCCR/Sector Monetario y Financiero/Prestamos de las otras sociedades de depósito al sector priv [20579]/Consumo [20081]')
20082,Consumo,Consumo,E07.35.01.00.00.00.00.00.00.M.CRC,Mensual,CRC,1,Colón Costarricense,,M,M.CRC,Node('/BCCR/Sector Monetario y Financiero/PRESTAMOS DE LAS OTRAS SOCIEDADES DE DEPÓSITO AL SECTOR PRIV [20578]/Consumo [20082]'),Node('/BCCR/Sector Monetario y Financiero/PRESTAMOS DE LAS OTRAS SOCIEDADES DE DEPÓSITO AL SECTOR PRIV [20578]/Consumo [20082]')
20083,Corto Plazo,Corto Plazo,E07.15.01.02.01.00.00.00.00.M.CRC,Mensual,CRC,4,Colón Costarricense,Millones,M,M.CRC,Node('/BCCR/Sector Monetario y Financiero/Panorama del Banco Central [20510]/Activos Externos Netos [19963]/Pasivos frente a no residentes [20526]/Corto Plazo [20083]'),Node('/BCCR/Sector Monetario y Financiero/Panorama del Banco Central [20510]/Activos Externos Netos [19963]/Pasivos frente a no residentes [20526]/Corto Plazo [20083]')
20084,Crédito al sector público no financiero de las otras socieda,Crédito al sector público no financiero de las otras sociedades de depósito,E07.37.00.00.00.00.00.00.00.M.CRC,Mensual,CRC,1,Colón Costarricense,,M,M.CRC,Node('/BCCR/Sector Monetario y Financiero/Crédito al sector público no financiero de las otras socieda [20084]'),Node('/BCCR/Sector Monetario y Financiero/Crédito al sector público no financiero de las otras socieda [20084]')
20085,Crédito al sector público no financiero del banco central,Crédito al sector público no financiero del banco central,E07.36.00.00.00.00.00.00.00.M.CRC,Mensual,CRC,1,Colón Costarricense,,M,M.CRC,Node('/BCCR/Sector Monetario y Financiero/Crédito al sector público no financiero del banco central [20085]'),Node('/BCCR/Sector Monetario y Financiero/Crédito al sector público no financiero del banco central [20085]')
20086,Crédito neto,Crédito neto,E07.36.03.00.00.00.00.00.00.M.CRC,Mensual,CRC,4,Colón Costarricense,Millones,M,M.CRC,Node('/BCCR/Sector Monetario y Financiero/Crédito al sector público no financiero del banco central [20085]/Crédito neto [20086]'),Node('/BCCR/Sector Monetario y Financiero/Crédito al sector público no financiero del banco central [20085]/Crédito neto [20086]')
20087,Crédito neto,Crédito neto,E07.37.03.00.00.00.00.00.00.M.CRC,Mensual,CRC,4,Colón Costarricense,Millones,M,M.CRC,Node('/BCCR/Sector Monetario y Financiero/Crédito al sector público no financiero de las otras socieda [20084]/Crédito neto [20087]'),Node('/BCCR/Sector Monetario y Financiero/Crédito al sector público no financiero de las otras socieda [20084]/Crédito neto [20087]')
20088,Depósitos,Depósitos,E07.16.02.04.02.00.00.00.00.M.CRC,Mensual,CRC,4,Colón Costarricense,Millones,M,M.CRC,Node('/BCCR/Sector Monetario y Financiero/Panorama de otras sociedades de deposito [20507]/Activos internos [19974]/Banco central [19997]/Depósitos [20088]'),Node('/BCCR/Sector Monetario y Financiero/Panorama de otras sociedades de deposito [20507]/Activos internos [19974]/Banco central [19997]/Depósitos [20088]')
20089,Depósitos,Depósitos,E07.17.02.04.02.00.00.00.00.M.CRC,Mensual,CRC,4,Colón Costarricense,Millones,M,M.CRC,Node('/BCCR/Sector Monetario y Financiero/Panorama de bancos (excluidos offshore) [20504]/Activos internos [19975]/Banco central [19998]/Depósitos [20089]'),Node('/BCCR/Sector Monetario y Financiero/Panorama de bancos (excluidos offshore) [20504]/Activos internos [19975]/Banco central [19998]/Depósitos [20089]')
20090,Depósitos,Depósitos,E07.18.02.04.02.00.00.00.00.M.CRC,Mensual,CRC,4,Colón Costarricense,Millones,M,M.CRC,Node('/BCCR/Sector Monetario y Financiero/Panorama de otros intermediarios financieros [20509]/Activos internos [19976]/Banco central [19999]/Depósitos [20090]'),Node('/BCCR/Sector Monetario y Financiero/Panorama de otros intermediarios financieros [20509]/Activos internos [19976]/Banco central [19999]/Depósitos [20090]')
20091,Depósitos,Depósitos,E07.21.03.02.00.00.00.00.00.M.CRC,Mensual,CRC,1,Colón Costarricense,,M,M.CRC,Node('/BCCR/Sector Monetario y Financiero/Panorama de las sociedades financieras [20506]/Pasivos [20514]/Depósitos [20091]'),Node('/BCCR/Sector Monetario y Financiero/Panorama de las sociedades financieras [20506]/Pasivos [20514]/Depósitos [20091]')
20092,Depósitos,Depósitos,E07.22.01.02.00.00.00.00.00.M.CRC,Mensual,CRC,4,Colón Costarricense,Millones,M,M.CRC,Node('/BCCR/Sector Monetario y Financiero/Balance sectorial de las otras sociedades de depósito: resum [19995]/Activos [19947]/Depósitos [20092]'),Node('/BCCR/Sector Monetario y Financiero/Balance sectorial de las otras sociedades de depósito: resum [19995]/Activos [19947]/Depósitos [20092]')
20093,Depósitos,Depósitos,E07.22.02.01.00.00.00.00.00.M.CRC,Mensual,CRC,1,Colón Costarricense,,M,M.CRC,Node('/BCCR/Sector Monetario y Financiero/Balance sectorial de las otras sociedades de depósito: resum [19995]/Pasivos y capital [20533]/Depósitos [20093]'),Node('/BCCR/Sector Monetario y Financiero/Balance sectorial de las otras sociedades de depósito: resum [19995]/Pasivos y capital [20533]/Depósitos [20093]')
20094,Depósitos,Depósitos,E07.26.01.00.00.00.00.00.00.M.CRC,Mensual,CRC,1,Colón Costarricense,,M,M.CRC,Node('/BCCR/Sector Monetario y Financiero/Balance sectorial de las otras sociedades de depósito: instr [19994]/Depósitos [20094]'),Node('/BCCR/Sector Monetario y Financiero/Balance sectorial de las otras sociedades de depósito: instr [19994]/Depósitos [20094]')
20095,Depósitos,Depósitos,E07.27.01.00.00.00.00.00.00.M.CRC,Mensual,CRC,1,Colón Costarricense,,M,M.CRC,Node('/BCCR/Sector Monetario y Financiero/Balance sectorial de las otras sociedades de depósito: instr [19993]/Depósitos [20095]'),Node('/BCCR/Sector Monetario y Financiero/Balance sectorial de las otras sociedades de depósito: instr [19993]/Depósitos [20095]')
20096,Depósitos,Depósitos,E07.28.01.00.00.00.00.00.00.M.CRC,Mensual,CRC,1,Colón Costarricense,,M,M.CRC,Node('/BCCR/Sector Monetario y Financiero/Balance sectorial de las otras sociedades de depósito: instr [19992]/Depósitos [20096]'),Node('/BCCR/Sector Monetario y Financiero/Balance sectorial de las otras sociedades de depósito: instr [19992]/Depósitos [20096]')
20101,Depósitos,Depósitos,E07.40.01.01.01.02.00.00.00.M.USD,Mensual,USD,3,Dólar EEUU,Miles,M,M.USD,Node('/BCCR/Sector Monetario y Financiero/Activos externos netos [19964]/Banco Central [20011]/Activos externos [19956]/Activos de reserva oficiales [19955]/Depósitos [20101]'),Node('/BCCR/Sector Monetario y Financiero/Activos externos netos [19964]/Banco Central [20011]/Activos externos [19956]/Activos de reserva oficiales [19955]/Depósitos [20101]')
20102,Depósitos (neto),Depósitos (neto),E07.40.02.02.00.00.00.00.00.M.USD,Mensual,USD,3,Dólar EEUU,Miles,M,M.USD,Node('/BCCR/Sector Monetario y Financiero/Activos externos netos [19964]/Otras sociedades de depósito [20355]/Depósitos (neto) [20102]'),Node('/BCCR/Sector Monetario y Financiero/Activos externos netos [19964]/Otras sociedades de depósito [20355]/Depósitos (neto) [20102]')
20103,Depósitos a largo plazo,Depósitos a largo plazo,E07.32.03.01.00.00.00.00.00.M.CRC,Mensual,CRC,4,Colón Costarricense,Millones,M,M.CRC,Node('/BCCR/Sector Monetario y Financiero/Liquidez total [20292]/Depósitos y valores a largo plazo [20142]/Depósitos a largo plazo [20103]'),Node('/BCCR/Sector Monetario y Financiero/Liquidez total [20292]/Depósitos y valores a largo plazo [20142]/Depósitos a largo plazo [20103]')
20132,Depósitos transferibles,Depósitos transferibles,E07.16.03.01.00.00.00.00.00.M.CRC,Mensual,CRC,4,Colón Costarricense,Millones,M,M.CRC,Node('/BCCR/Sector Monetario y Financiero/Panorama de otras sociedades de deposito [20507]/Pasivos incluidos en la definición de dinero en sentido ampl [20529]/Depósitos transferibles [20132]'),Node('/BCCR/Sector Monetario y Financiero/Panorama de otras sociedades de deposito [20507]/Pasivos incluidos en la definición de dinero en sentido ampl [20529]/Depósitos transferibles [20132]')
20133,Depósitos transferibles,Depósitos transferibles,E07.17.03.01.00.00.00.00.00.M.CRC,Mensual,CRC,4,Colón Costarricense,Millones,M,M.CRC,Node('/BCCR/Sector Monetario y Financiero/Panorama de bancos (excluidos offshore) [20504]/Pasivos incluidos en la definición de dinero en sentido ampl [20530]/Depósitos transferibles [20133]'),Node('/BCCR/Sector Monetario y Financiero/Panorama de bancos (excluidos offshore) [20504]/Pasivos incluidos en la definición de dinero en sentido ampl [20530]/Depósitos transferibles [20133]')
20134,Depósitos transferibles,Depósitos transferibles,E07.18.03.01.00.00.00.00.00.M.CRC,Mensual,CRC,4,Colón Costarricense,Millones,M,M.CRC,Node('/BCCR/Sector Monetario y Financiero/Panorama de otros intermediarios financieros [20509]/Pasivos incluidos en la definición de dinero en sentido ampl [20531]/Depósitos transferibles [20134]'),Node('/BCCR/Sector Monetario y Financiero/Panorama de otros intermediarios financieros [20509]/Pasivos incluidos en la definición de dinero en sentido ampl [20531]/Depósitos transferibles [20134]')
20135,Depósitos transferibles,Depósitos transferibles,E07.19.03.02.00.00.00.00.00.M.CRC,Mensual,CRC,1,Colón Costarricense,,M,M.CRC,Node('/BCCR/Sector Monetario y Financiero/Panorama de las sociedades de deposito [20505]/Dinero en sentido amplio [20146]/Depósitos transferibles [20135]'),Node('/BCCR/Sector Monetario y Financiero/Panorama de las sociedades de deposito [20505]/Dinero en sentido amplio [20146]/Depósitos transferibles [20135]')
20136,Depósitos transferibles,Depósitos transferibles,E07.31.01.01.02.01.00.00.00.M.CRC,Mensual,CRC,4,Colón Costarricense,Millones,M,M.CRC,Node('/BCCR/Sector Monetario y Financiero/Base monetaria [20012]/Base monetaria amplia [20014]/Base monetaria restringida [20015]/Pasivos frente a otras sociedades de depósito de encaje lega [20528]/Depósitos transferibles [20136]'),Node('/BCCR/Sector Monetario y Financiero/Base monetaria [20012]/Base monetaria amplia [20014]/Base monetaria restringida [20015]/Pasivos frente a otras sociedades de depósito de encaje lega [20528]/Depósitos transferibles [20136]')
20137,Depósitos transferibles,Depósitos transferibles,E07.31.01.02.01.00.00.00.00.M.CRC,Mensual,CRC,4,Colón Costarricense,Millones,M,M.CRC,Node('/BCCR/Sector Monetario y Financiero/Base monetaria [20012]/Base monetaria amplia [20014]/Pasivos frente a otras sociedades de depósito de encaje lega [20527]/Depósitos transferibles [20137]'),Node('/BCCR/Sector Monetario y Financiero/Base monetaria [20012]/Base monetaria amplia [20014]/Pasivos frente a otras sociedades de depósito de encaje lega [20527]/Depósitos transferibles [20137]')
20138,Depósitos transferibles (ME) en poder de:,Depósitos transferibles (ME) en poder de:,E07.32.01.02.00.00.00.00.00.M.CRC,Mensual,CRC,4,Colón Costarricense,Millones,M,M.CRC,Node('/BCCR/Sector Monetario y Financiero/Liquidez total [20292]/M3 [20295]/Depósitos transferibles (ME) en poder de: [20138]'),Node('/BCCR/Sector Monetario y Financiero/Liquidez total [20292]/M3 [20295]/Depósitos transferibles (ME) en poder de: [20138]')
20139,Depósitos transferibles (MN) en poder de :,Depósitos transferibles (MN) en poder de :,E07.32.01.01.01.02.00.00.00.M.CRC,Mensual,CRC,4,Colón Costarricense,Millones,M,M.CRC,Node('/BCCR/Sector Monetario y Financiero/Liquidez total [20292]/M3 [20295]/M2 [20294]/M1 [20293]/Depósitos transferibles (MN) en poder de : [20139]'),Node('/BCCR/Sector Monetario y Financiero/Liquidez total [20292]/M3 [20295]/M2 [20294]/M1 [20293]/Depósitos transferibles (MN) en poder de : [20139]')
20140,Depósitos Transferibles y Otros,Depósitos Transferibles y Otros,E07.36.02.01.00.00.00.00.00.M.CRC,Mensual,CRC,4,Colón Costarricense,Millones,M,M.CRC,Node('/BCCR/Sector Monetario y Financiero/Crédito al sector público no financiero del banco central [20085]/Pasivos [20517]/Depósitos Transferibles y Otros [20140]'),Node('/BCCR/Sector Monetario y Financiero/Crédito al sector público no financiero del banco central [20085]/Pasivos [20517]/Depósitos Transferibles y Otros [20140]')
20141,Depósitos Transferibles y Otros,Depósitos Transferibles y Otros,E07.37.02.01.00.00.00.00.00.M.CRC,Mensual,CRC,1,Colón Costarricense,,M,M.CRC,Node('/BCCR/Sector Monetario y Financiero/Crédito al sector público no financiero de las otras socieda [20084]/Pasivos [20518]/Depósitos Transferibles y Otros [20141]'),Node('/BCCR/Sector Monetario y Financiero/Crédito al sector público no financiero de las otras socieda [20084]/Pasivos [20518]/Depósitos Transferibles y Otros [20141]')
20142,Depósitos y valores a largo plazo,Depósitos y valores a largo plazo,E07.32.03.00.00.00.00.00.00.M.CRC,Mensual,CRC,4,Colón Costarricense,Millones,M,M.CRC,Node('/BCCR/Sector Monetario y Financiero/Liquidez total [20292]/Depósitos y valores a largo plazo [20142]'),Node('/BCCR/Sector Monetario y Financiero/Liquidez total [20292]/Depósitos y valores a largo plazo [20142]')
20143,Depósitos y valores de encaje,Depósitos y valores de encaje,E07.20.02.04.02.00.00.00.00.M.CRC,Mensual,CRC,4,Colón Costarricense,Millones,M,M.CRC,Node('/BCCR/Sector Monetario y Financiero/Panorama de otras sociedades financieras [20508]/Activos internos [19978]/Banco central [20000]/Depósitos y valores de encaje [20143]'),Node('/BCCR/Sector Monetario y Financiero/Panorama de otras sociedades financieras [20508]/Activos internos [19978]/Banco central [20000]/Depósitos y valores de encaje [20143]')
20144,Depósitos y valores otros sectores,Depósitos y valores otros sectores,E07.31.01.04.00.00.00.00.00.M.CRC,Mensual,CRC,1,Colón Costarricense,,M,M.CRC,Node('/BCCR/Sector Monetario y Financiero/Base monetaria [20012]/Base monetaria amplia [20014]/Depósitos y valores otros sectores [20144]'),Node('/BCCR/Sector Monetario y Financiero/Base monetaria [20012]/Base monetaria amplia [20014]/Depósitos y valores otros sectores [20144]')
20145,"Depósitos, valores y otros pasivos","Depósitos, valores y otros pasivos",E07.15.03.02.00.00.00.00.00.M.CRC,Mensual,CRC,4,Colón Costarricense,Millones,M,M.CRC,"Node('/BCCR/Sector Monetario y Financiero/Panorama del Banco Central [20510]/Base Monetaria amplia [20013]/Depósitos, valores y otros pasivos [20145]')","Node('/BCCR/Sector Monetario y Financiero/Panorama del Banco Central [20510]/Base Monetaria amplia [20013]/Depósitos, valores y otros pasivos [20145]')"
20146,Dinero en sentido amplio,Dinero en sentido amplio,E07.19.03.00.00.00.00.00.00.M.CRC,Mensual,CRC,4,Colón Costarricense,Millones,M,M.CRC,Node('/BCCR/Sector Monetario y Financiero/Panorama de las sociedades de deposito [20505]/Dinero en sentido amplio [20146]'),Node('/BCCR/Sector Monetario y Financiero/Panorama de las sociedades de deposito [20505]/Dinero en sentido amplio [20146]')
20148,Encaje bancario requerido y efectivo por monedas (bancos com,Encaje bancario requerido y efectivo por monedas (bancos comerciales),E07.33.00.00.00.00.00.00.00.M.CRC,Mensual,CRC,1,Colón Costarricense,,M,M.CRC,Node('/BCCR/Sector Monetario y Financiero/Encaje bancario requerido y efectivo por monedas (bancos com [20148]'),Node('/BCCR/Sector Monetario y Financiero/Encaje bancario requerido y efectivo por monedas (bancos com [20148]')
20149,Encaje efectivo,Encaje efectivo,E07.33.01.03.00.00.00.00.00.M.CRC,Mensual,CRC,1,Colón Costarricense,,M,M.CRC,Node('/BCCR/Sector Monetario y Financiero/Encaje bancario requerido y efectivo por monedas (bancos com [20148]/MN [20311]/Encaje efectivo [20149]'),Node('/BCCR/Sector Monetario y Financiero/Encaje bancario requerido y efectivo por monedas (bancos com [20148]/MN [20311]/Encaje efectivo [20149]')
20150,Encaje efectivo,Encaje efectivo,E07.33.02.03.00.00.00.00.00.M.USD,Mensual,USD,1,Dólar EEUU,,M,M.USD,Node('/BCCR/Sector Monetario y Financiero/ME [20301]/Encaje efectivo [20150]'),Node('/BCCR/Sector Monetario y Financiero/ME [20301]/Encaje efectivo [20150]')
20151,Encaje excedente/faltante,Encaje excedente/faltante,E07.33.01.04.00.00.00.00.00.M.CRC,Mensual,CRC,1,Colón Costarricense,,M,M.CRC,Node('/BCCR/Sector Monetario y Financiero/Encaje bancario requerido y efectivo por monedas (bancos com [20148]/MN [20311]/Encaje excedente/faltante [20151]'),Node('/BCCR/Sector Monetario y Financiero/Encaje bancario requerido y efectivo por monedas (bancos com [20148]/MN [20311]/Encaje excedente/faltante [20151]')
20152,Encaje excedente/faltante,Encaje excedente/faltante,E07.33.02.04.00.00.00.00.00.M.USD,Mensual,USD,1,Dólar EEUU,,M,M.USD,Node('/BCCR/Sector Monetario y Financiero/ME [20301]/Encaje excedente/faltante [20152]'),Node('/BCCR/Sector Monetario y Financiero/ME [20301]/Encaje excedente/faltante [20152]')
20153,Encaje requerido,Encaje requerido,E07.33.01.02.00.00.00.00.00.M.CRC,Mensual,CRC,1,Colón Costarricense,,M,M.CRC,Node('/BCCR/Sector Monetario y Financiero/Encaje bancario requerido y efectivo por monedas (bancos com [20148]/MN [20311]/Encaje requerido [20153]'),Node('/BCCR/Sector Monetario y Financiero/Encaje bancario requerido y efectivo por monedas (bancos com [20148]/MN [20311]/Encaje requerido [20153]')
20154,Encaje requerido,Encaje requerido,E07.33.02.02.00.00.00.00.00.M.USD,Mensual,USD,1,Dólar EEUU,,M,M.USD,Node('/BCCR/Sector Monetario y Financiero/ME [20301]/Encaje requerido [20154]'),Node('/BCCR/Sector Monetario y Financiero/ME [20301]/Encaje requerido [20154]')
20155,Excluidos de dinero en sentido amplio,Excluidos de dinero en sentido amplio,E07.22.02.01.02.00.00.00.00.M.CRC,Mensual,CRC,4,Colón Costarricense,Millones,M,M.CRC,Node('/BCCR/Sector Monetario y Financiero/Balance sectorial de las otras sociedades de depósito: resum [19995]/Pasivos y capital [20533]/Depósitos [20093]/Excluidos de dinero en sentido amplio [20155]'),Node('/BCCR/Sector Monetario y Financiero/Balance sectorial de las otras sociedades de depósito: resum [19995]/Pasivos y capital [20533]/Depósitos [20093]/Excluidos de dinero en sentido amplio [20155]')
20186,Fondos aportados por los propietarios,Fondos aportados por los propietarios,E07.39.02.01.01.00.00.00.00.M.CRC,Mensual,CRC,4,Colón Costarricense,Millones,M,M.CRC,Node('/BCCR/Sector Monetario y Financiero/Composición del capital y posición en moneda extranjera de [19862]/Pasivos [20515]/Acciones y otras participaciones de capital [19885]/Fondos aportados por los propietarios [20186]'),Node('/BCCR/Sector Monetario y Financiero/Composición del capital y posición en moneda extranjera de [19862]/Pasivos [20515]/Acciones y otras participaciones de capital [19885]/Fondos aportados por los propietarios [20186]')
20187,Fondos aportados por los propietarios,Fondos aportados por los propietarios,E07.38.02.01.01.00.00.00.00.M.CRC,Mensual,CRC,4,Colón Costarricense,Millones,M,M.CRC,Node('/BCCR/Sector Monetario y Financiero/Composición del capital y posición en moneda extranjera del [19863]/Pasivos y Acciones y otras participaciones de capital [20532]/Acciones y otras participaciones de capital [19888]/Fondos aportados por los propietarios [20187]'),Node('/BCCR/Sector Monetario y Financiero/Composición del capital y posición en moneda extranjera del [19863]/Pasivos y Acciones y otras participaciones de capital [20532]/Acciones y otras participaciones de capital [19888]/Fondos aportados por los propietarios [20187]')
20188,Gobierno Central,Gobierno Central,E07.23.02.03.00.00.00.00.00.M.CRC,Mensual,CRC,4,Colón Costarricense,Millones,M,M.CRC,Node('/BCCR/Sector Monetario y Financiero/Balance sectorial de las otras sociedades de depósito: instr [19991]/Valores distintos de acciones [20687]/Gobierno Central [20188]'),Node('/BCCR/Sector Monetario y Financiero/Balance sectorial de las otras sociedades de depósito: instr [19991]/Valores distintos de acciones [20687]/Gobierno Central [20188]')
20189,Gobierno central,Gobierno central,E07.23.03.04.00.00.00.00.00.M.CRC,Mensual,CRC,4,Colón Costarricense,Millones,M,M.CRC,Node('/BCCR/Sector Monetario y Financiero/Balance sectorial de las otras sociedades de depósito: instr [19991]/Préstamos [20541]/Gobierno central [20189]'),Node('/BCCR/Sector Monetario y Financiero/Balance sectorial de las otras sociedades de depósito: instr [19991]/Préstamos [20541]/Gobierno central [20189]')
20190,Gobierno Central,Gobierno Central,E07.24.02.03.00.00.00.00.00.M.CRC,Mensual,CRC,4,Colón Costarricense,Millones,M,M.CRC,Node('/BCCR/Sector Monetario y Financiero/Balance sectorial de las otras sociedades de deposito: instr [19990]/Valores distintos de acciones [20688]/Gobierno Central [20190]'),Node('/BCCR/Sector Monetario y Financiero/Balance sectorial de las otras sociedades de deposito: instr [19990]/Valores distintos de acciones [20688]/Gobierno Central [20190]')
20191,Gobierno central,Gobierno central,E07.24.03.04.00.00.00.00.00.M.CRC,Mensual,CRC,4,Colón Costarricense,Millones,M,M.CRC,Node('/BCCR/Sector Monetario y Financiero/Balance sectorial de las otras sociedades de deposito: instr [19990]/Préstamos [20542]/Gobierno central [20191]'),Node('/BCCR/Sector Monetario y Financiero/Balance sectorial de las otras sociedades de deposito: instr [19990]/Préstamos [20542]/Gobierno central [20191]')
20192,Gobierno Central,Gobierno Central,E07.25.02.03.00.00.00.00.00.M.CRC,Mensual,CRC,4,Colón Costarricense,Millones,M,M.CRC,Node('/BCCR/Sector Monetario y Financiero/Balance sectorial de las otras sociedades de depósito: instr [19989]/Valores distintos de acciones [20689]/Gobierno Central [20192]'),Node('/BCCR/Sector Monetario y Financiero/Balance sectorial de las otras sociedades de depósito: instr [19989]/Valores distintos de acciones [20689]/Gobierno Central [20192]')
20193,Gobierno central,Gobierno central,E07.25.03.04.00.00.00.00.00.M.CRC,Mensual,CRC,4,Colón Costarricense,Millones,M,M.CRC,Node('/BCCR/Sector Monetario y Financiero/Balance sectorial de las otras sociedades de depósito: instr [19989]/Préstamos [20543]/Gobierno central [20193]'),Node('/BCCR/Sector Monetario y Financiero/Balance sectorial de las otras sociedades de depósito: instr [19989]/Préstamos [20543]/Gobierno central [20193]')
20194,Gobierno central,Gobierno central,E07.26.01.04.00.00.00.00.00.M.CRC,Mensual,CRC,4,Colón Costarricense,Millones,M,M.CRC,Node('/BCCR/Sector Monetario y Financiero/Balance sectorial de las otras sociedades de depósito: instr [19994]/Depósitos [20094]/Gobierno central [20194]'),Node('/BCCR/Sector Monetario y Financiero/Balance sectorial de las otras sociedades de depósito: instr [19994]/Depósitos [20094]/Gobierno central [20194]')
20195,Gobierno central,Gobierno central,E07.27.01.04.00.00.00.00.00.M.CRC,Mensual,CRC,4,Colón Costarricense,Millones,M,M.CRC,Node('/BCCR/Sector Monetario y Financiero/Balance sectorial de las otras sociedades de depósito: instr [19993]/Depósitos [20095]/Gobierno central [20195]'),Node('/BCCR/Sector Monetario y Financiero/Balance sectorial de las otras sociedades de depósito: instr [19993]/Depósitos [20095]/Gobierno central [20195]')
20196,Gobierno central,Gobierno central,E07.28.01.04.00.00.00.00.00.M.CRC,Mensual,CRC,4,Colón Costarricense,Millones,M,M.CRC,Node('/BCCR/Sector Monetario y Financiero/Balance sectorial de las otras sociedades de depósito: instr [19992]/Depósitos [20096]/Gobierno central [20196]'),Node('/BCCR/Sector Monetario y Financiero/Balance sectorial de las otras sociedades de depósito: instr [19992]/Depósitos [20096]/Gobierno central [20196]')
20197,Gobierno Central,Gobierno Central,E07.15.02.01.00.00.00.00.00.M.CRC,Mensual,CRC,4,Colón Costarricense,Millones,M,M.CRC,Node('/BCCR/Sector Monetario y Financiero/Panorama del Banco Central [20510]/Activos Internos [19980]/Gobierno Central [20197]'),Node('/BCCR/Sector Monetario y Financiero/Panorama del Banco Central [20510]/Activos Internos [19980]/Gobierno Central [20197]')
20198,Gobierno central,Gobierno central,E07.32.02.01.00.00.00.00.00.M.CRC,Mensual,CRC,4,Colón Costarricense,Millones,M,M.CRC,Node('/BCCR/Sector Monetario y Financiero/Liquidez total [20292]/Valores a corto plazo emitidos por otros sectores [20684]/Gobierno central [20198]'),Node('/BCCR/Sector Monetario y Financiero/Liquidez total [20292]/Valores a corto plazo emitidos por otros sectores [20684]/Gobierno central [20198]')
20199,Gobierno Central,Gobierno Central,E07.36.01.01.01.00.00.00.00.M.CRC,Mensual,CRC,4,Colón Costarricense,Millones,M,M.CRC,Node('/BCCR/Sector Monetario y Financiero/Crédito al sector público no financiero del banco central [20085]/Activos [19952]/Valores Distintos de Acciones [20694]/Gobierno Central [20199]'),Node('/BCCR/Sector Monetario y Financiero/Crédito al sector público no financiero del banco central [20085]/Activos [19952]/Valores Distintos de Acciones [20694]/Gobierno Central [20199]')
20200,Gobierno Central,Gobierno Central,E07.36.02.01.01.00.00.00.00.M.CRC,Mensual,CRC,4,Colón Costarricense,Millones,M,M.CRC,Node('/BCCR/Sector Monetario y Financiero/Crédito al sector público no financiero del banco central [20085]/Pasivos [20517]/Depósitos Transferibles y Otros [20140]/Gobierno Central [20200]'),Node('/BCCR/Sector Monetario y Financiero/Crédito al sector público no financiero del banco central [20085]/Pasivos [20517]/Depósitos Transferibles y Otros [20140]/Gobierno Central [20200]')
20201,Gobierno Central,Gobierno Central,E07.36.02.02.01.00.00.00.00.M.CRC,Mensual,CRC,4,Colón Costarricense,Millones,M,M.CRC,Node('/BCCR/Sector Monetario y Financiero/Crédito al sector público no financiero del banco central [20085]/Pasivos [20517]/Valores [20682]/Gobierno Central [20201]'),Node('/BCCR/Sector Monetario y Financiero/Crédito al sector público no financiero del banco central [20085]/Pasivos [20517]/Valores [20682]/Gobierno Central [20201]')
20202,Gobierno Central,Gobierno Central,E07.37.01.01.01.00.00.00.00.M.CRC,Mensual,CRC,4,Colón Costarricense,Millones,M,M.CRC,Node('/BCCR/Sector Monetario y Financiero/Crédito al sector público no financiero de las otras socieda [20084]/Activos [19953]/Valores Distintos de Acciones [20695]/Gobierno Central [20202]'),Node('/BCCR/Sector Monetario y Financiero/Crédito al sector público no financiero de las otras socieda [20084]/Activos [19953]/Valores Distintos de Acciones [20695]/Gobierno Central [20202]')
20203,Gobierno Central,Gobierno Central,E07.37.01.02.01.00.00.00.00.M.CRC,Mensual,CRC,4,Colón Costarricense,Millones,M,M.CRC,Node('/BCCR/Sector Monetario y Financiero/Crédito al sector público no financiero de las otras socieda [20084]/Activos [19953]/Préstamos [20552]/Gobierno Central [20203]'),Node('/BCCR/Sector Monetario y Financiero/Crédito al sector público no financiero de las otras socieda [20084]/Activos [19953]/Préstamos [20552]/Gobierno Central [20203]')
20204,Gobierno Central,Gobierno Central,E07.37.02.01.01.00.00.00.00.M.CRC,Mensual,CRC,4,Colón Costarricense,Millones,M,M.CRC,Node('/BCCR/Sector Monetario y Financiero/Crédito al sector público no financiero de las otras socieda [20084]/Pasivos [20518]/Depósitos Transferibles y Otros [20141]/Gobierno Central [20204]'),Node('/BCCR/Sector Monetario y Financiero/Crédito al sector público no financiero de las otras socieda [20084]/Pasivos [20518]/Depósitos Transferibles y Otros [20141]/Gobierno Central [20204]')
20205,Gobierno Central,Gobierno Central,E07.37.02.02.01.00.00.00.00.M.CRC,Mensual,CRC,4,Colón Costarricense,Millones,M,M.CRC,Node('/BCCR/Sector Monetario y Financiero/Crédito al sector público no financiero de las otras socieda [20084]/Pasivos [20518]/Valores [20683]/Gobierno Central [20205]'),Node('/BCCR/Sector Monetario y Financiero/Crédito al sector público no financiero de las otras socieda [20084]/Pasivos [20518]/Valores [20683]/Gobierno Central [20205]')
20206,Gobierno central (neto),Gobierno central (neto),E07.16.02.01.00.00.00.00.00.M.CRC,Mensual,CRC,4,Colón Costarricense,Millones,M,M.CRC,Node('/BCCR/Sector Monetario y Financiero/Panorama de otras sociedades de deposito [20507]/Activos internos [19974]/Gobierno central (neto) [20206]'),Node('/BCCR/Sector Monetario y Financiero/Panorama de otras sociedades de deposito [20507]/Activos internos [19974]/Gobierno central (neto) [20206]')
20207,Gobierno central (neto),Gobierno central (neto),E07.17.02.01.00.00.00.00.00.M.CRC,Mensual,CRC,4,Colón Costarricense,Millones,M,M.CRC,Node('/BCCR/Sector Monetario y Financiero/Panorama de bancos (excluidos offshore) [20504]/Activos internos [19975]/Gobierno central (neto) [20207]'),Node('/BCCR/Sector Monetario y Financiero/Panorama de bancos (excluidos offshore) [20504]/Activos internos [19975]/Gobierno central (neto) [20207]')
20208,Gobierno central (neto),Gobierno central (neto),E07.18.02.01.00.00.00.00.00.M.CRC,Mensual,CRC,4,Colón Costarricense,Millones,M,M.CRC,Node('/BCCR/Sector Monetario y Financiero/Panorama de otros intermediarios financieros [20509]/Activos internos [19976]/Gobierno central (neto) [20208]'),Node('/BCCR/Sector Monetario y Financiero/Panorama de otros intermediarios financieros [20509]/Activos internos [19976]/Gobierno central (neto) [20208]')
20209,Gobierno central (neto),Gobierno central (neto),E07.19.02.01.00.00.00.00.00.M.CRC,Mensual,CRC,4,Colón Costarricense,Millones,M,M.CRC,Node('/BCCR/Sector Monetario y Financiero/Panorama de las sociedades de deposito [20505]/Activos internos [19977]/Gobierno central (neto) [20209]'),Node('/BCCR/Sector Monetario y Financiero/Panorama de las sociedades de deposito [20505]/Activos internos [19977]/Gobierno central (neto) [20209]')
20210,Gobierno central (neto),Gobierno central (neto),E07.20.02.01.00.00.00.00.00.M.CRC,Mensual,CRC,4,Colón Costarricense,Millones,M,M.CRC,Node('/BCCR/Sector Monetario y Financiero/Panorama de otras sociedades financieras [20508]/Activos internos [19978]/Gobierno central (neto) [20210]'),Node('/BCCR/Sector Monetario y Financiero/Panorama de otras sociedades financieras [20508]/Activos internos [19978]/Gobierno central (neto) [20210]')
20211,Gobierno central (neto),Gobierno central (neto),E07.21.02.01.00.00.00.00.00.M.CRC,Mensual,CRC,4,Colón Costarricense,Millones,M,M.CRC,Node('/BCCR/Sector Monetario y Financiero/Panorama de las sociedades financieras [20506]/Activos internos [19979]/Gobierno central (neto) [20211]'),Node('/BCCR/Sector Monetario y Financiero/Panorama de las sociedades financieras [20506]/Activos internos [19979]/Gobierno central (neto) [20211]')
20212,Gobierno estatal y local,Gobierno estatal y local,E07.16.02.02.00.00.00.00.00.M.CRC,Mensual,CRC,4,Colón Costarricense,Millones,M,M.CRC,Node('/BCCR/Sector Monetario y Financiero/Panorama de otras sociedades de deposito [20507]/Activos internos [19974]/Gobierno estatal y local [20212]'),Node('/BCCR/Sector Monetario y Financiero/Panorama de otras sociedades de deposito [20507]/Activos internos [19974]/Gobierno estatal y local [20212]')
20213,Gobierno estatal y local,Gobierno estatal y local,E07.17.02.02.00.00.00.00.00.M.CRC,Mensual,CRC,4,Colón Costarricense,Millones,M,M.CRC,Node('/BCCR/Sector Monetario y Financiero/Panorama de bancos (excluidos offshore) [20504]/Activos internos [19975]/Gobierno estatal y local [20213]'),Node('/BCCR/Sector Monetario y Financiero/Panorama de bancos (excluidos offshore) [20504]/Activos internos [19975]/Gobierno estatal y local [20213]')
20214,Gobierno estatal y local,Gobierno estatal y local,E07.18.02.02.00.00.00.00.00.M.CRC,Mensual,CRC,4,Colón Costarricense,Millones,M,M.CRC,Node('/BCCR/Sector Monetario y Financiero/Panorama de otros intermediarios financieros [20509]/Activos internos [19976]/Gobierno estatal y local [20214]'),Node('/BCCR/Sector Monetario y Financiero/Panorama de otros intermediarios financieros [20509]/Activos internos [19976]/Gobierno estatal y local [20214]')
20215,Gobierno estatal y local,Gobierno estatal y local,E07.19.02.03.00.00.00.00.00.M.CRC,Mensual,CRC,4,Colón Costarricense,Millones,M,M.CRC,Node('/BCCR/Sector Monetario y Financiero/Panorama de las sociedades de deposito [20505]/Activos internos [19977]/Gobierno estatal y local [20215]'),Node('/BCCR/Sector Monetario y Financiero/Panorama de las sociedades de deposito [20505]/Activos internos [19977]/Gobierno estatal y local [20215]')
20216,Gobierno estatal y local,Gobierno estatal y local,E07.20.02.02.00.00.00.00.00.M.CRC,Mensual,CRC,4,Colón Costarricense,Millones,M,M.CRC,Node('/BCCR/Sector Monetario y Financiero/Panorama de otras sociedades financieras [20508]/Activos internos [19978]/Gobierno estatal y local [20216]'),Node('/BCCR/Sector Monetario y Financiero/Panorama de otras sociedades financieras [20508]/Activos internos [19978]/Gobierno estatal y local [20216]')
20217,Gobierno estatal y local,Gobierno estatal y local,E07.21.02.03.00.00.00.00.00.M.CRC,Mensual,CRC,4,Colón Costarricense,Millones,M,M.CRC,Node('/BCCR/Sector Monetario y Financiero/Panorama de las sociedades financieras [20506]/Activos internos [19979]/Gobierno estatal y local [20217]'),Node('/BCCR/Sector Monetario y Financiero/Panorama de las sociedades financieras [20506]/Activos internos [19979]/Gobierno estatal y local [20217]')
20218,Gobierno estatal y local,Gobierno estatal y local,E07.23.03.05.00.00.00.00.00.M.CRC,Mensual,CRC,4,Colón Costarricense,Millones,M,M.CRC,Node('/BCCR/Sector Monetario y Financiero/Balance sectorial de las otras sociedades de depósito: instr [19991]/Préstamos [20541]/Gobierno estatal y local [20218]'),Node('/BCCR/Sector Monetario y Financiero/Balance sectorial de las otras sociedades de depósito: instr [19991]/Préstamos [20541]/Gobierno estatal y local [20218]')
20219,Gobierno estatal y local,Gobierno estatal y local,E07.24.03.05.00.00.00.00.00.M.CRC,Mensual,CRC,4,Colón Costarricense,Millones,M,M.CRC,Node('/BCCR/Sector Monetario y Financiero/Balance sectorial de las otras sociedades de deposito: instr [19990]/Préstamos [20542]/Gobierno estatal y local [20219]'),Node('/BCCR/Sector Monetario y Financiero/Balance sectorial de las otras sociedades de deposito: instr [19990]/Préstamos [20542]/Gobierno estatal y local [20219]')
20220,Gobierno estatal y local,Gobierno estatal y local,E07.25.03.05.00.00.00.00.00.M.CRC,Mensual,CRC,4,Colón Costarricense,Millones,M,M.CRC,Node('/BCCR/Sector Monetario y Financiero/Balance sectorial de las otras sociedades de depósito: instr [19989]/Préstamos [20543]/Gobierno estatal y local [20220]'),Node('/BCCR/Sector Monetario y Financiero/Balance sectorial de las otras sociedades de depósito: instr [19989]/Préstamos [20543]/Gobierno estatal y local [20220]')
20221,Gobiernos estatales y locales,Gobiernos estatales y locales,E07.26.01.05.00.00.00.00.00.M.CRC,Mensual,CRC,4,Colón Costarricense,Millones,M,M.CRC,Node('/BCCR/Sector Monetario y Financiero/Balance sectorial de las otras sociedades de depósito: instr [19994]/Depósitos [20094]/Gobiernos estatales y locales [20221]'),Node('/BCCR/Sector Monetario y Financiero/Balance sectorial de las otras sociedades de depósito: instr [19994]/Depósitos [20094]/Gobiernos estatales y locales [20221]')
20222,Gobiernos estatales y locales,Gobiernos estatales y locales,E07.27.01.05.00.00.00.00.00.M.CRC,Mensual,CRC,4,Colón Costarricense,Millones,M,M.CRC,Node('/BCCR/Sector Monetario y Financiero/Balance sectorial de las otras sociedades de depósito: instr [19993]/Depósitos [20095]/Gobiernos estatales y locales [20222]'),Node('/BCCR/Sector Monetario y Financiero/Balance sectorial de las otras sociedades de depósito: instr [19993]/Depósitos [20095]/Gobiernos estatales y locales [20222]')
20223,Gobiernos estatales y locales,Gobiernos estatales y locales,E07.28.01.05.00.00.00.00.00.M.CRC,Mensual,CRC,4,Colón Costarricense,Millones,M,M.CRC,Node('/BCCR/Sector Monetario y Financiero/Balance sectorial de las otras sociedades de depósito: instr [19992]/Depósitos [20096]/Gobiernos estatales y locales [20223]'),Node('/BCCR/Sector Monetario y Financiero/Balance sectorial de las otras sociedades de depósito: instr [19992]/Depósitos [20096]/Gobiernos estatales y locales [20223]')
20224,Gobiernos estatales y locales,Gobiernos estatales y locales,E07.32.01.01.01.02.02.00.00.M.CRC,Mensual,CRC,4,Colón Costarricense,Millones,M,M.CRC,Node('/BCCR/Sector Monetario y Financiero/Liquidez total [20292]/M3 [20295]/M2 [20294]/M1 [20293]/Depósitos transferibles (MN) en poder de : [20139]/Gobiernos estatales y locales [20224]'),Node('/BCCR/Sector Monetario y Financiero/Liquidez total [20292]/M3 [20295]/M2 [20294]/M1 [20293]/Depósitos transferibles (MN) en poder de : [20139]/Gobiernos estatales y locales [20224]')
20225,Gobiernos estatales y locales,Gobiernos estatales y locales,E07.32.01.01.02.02.00.00.00.M.CRC,Mensual,CRC,4,Colón Costarricense,Millones,M,M.CRC,Node('/BCCR/Sector Monetario y Financiero/Liquidez total [20292]/M3 [20295]/M2 [20294]/Otros depósitos en poder de : [20443]/Gobiernos estatales y locales [20225]'),Node('/BCCR/Sector Monetario y Financiero/Liquidez total [20292]/M3 [20295]/M2 [20294]/Otros depósitos en poder de : [20443]/Gobiernos estatales y locales [20225]')
20226,Gobiernos estatales y locales,Gobiernos estatales y locales,E07.32.01.01.03.02.00.00.00.M.CRC,Mensual,CRC,4,Colón Costarricense,Millones,M,M.CRC,Node('/BCCR/Sector Monetario y Financiero/Liquidez total [20292]/M3 [20295]/M2 [20294]/Valores distintos de acciones MN (incluidos los del banco ce [20754]/Gobiernos estatales y locales [20226]'),Node('/BCCR/Sector Monetario y Financiero/Liquidez total [20292]/M3 [20295]/M2 [20294]/Valores distintos de acciones MN (incluidos los del banco ce [20754]/Gobiernos estatales y locales [20226]')
20227,Gobiernos estatales y locales,Gobiernos estatales y locales,E07.32.01.02.02.00.00.00.00.M.CRC,Mensual,CRC,4,Colón Costarricense,Millones,M,M.CRC,Node('/BCCR/Sector Monetario y Financiero/Liquidez total [20292]/M3 [20295]/Depósitos transferibles (ME) en poder de: [20138]/Gobiernos estatales y locales [20227]'),Node('/BCCR/Sector Monetario y Financiero/Liquidez total [20292]/M3 [20295]/Depósitos transferibles (ME) en poder de: [20138]/Gobiernos estatales y locales [20227]')
20228,Gobiernos estatales y locales,Gobiernos estatales y locales,E07.32.01.03.02.00.00.00.00.M.CRC,Mensual,CRC,4,Colón Costarricense,Millones,M,M.CRC,Node('/BCCR/Sector Monetario y Financiero/Liquidez total [20292]/M3 [20295]/Otros depósitos (ME) en poder de : [20442]/Gobiernos estatales y locales [20228]'),Node('/BCCR/Sector Monetario y Financiero/Liquidez total [20292]/M3 [20295]/Otros depósitos (ME) en poder de : [20442]/Gobiernos estatales y locales [20228]')
20229,Gobiernos estatales y locales,Gobiernos estatales y locales,E07.32.01.04.02.00.00.00.00.M.CRC,Mensual,CRC,4,Colón Costarricense,Millones,M,M.CRC,Node('/BCCR/Sector Monetario y Financiero/Liquidez total [20292]/M3 [20295]/Valores distintos de acciones (ME) en poder de: [20696]/Gobiernos estatales y locales [20229]'),Node('/BCCR/Sector Monetario y Financiero/Liquidez total [20292]/M3 [20295]/Valores distintos de acciones (ME) en poder de: [20696]/Gobiernos estatales y locales [20229]')
20230,Gobiernos Estatales y Locales,Gobiernos Estatales y Locales,E07.36.01.01.02.00.00.00.00.M.CRC,Mensual,CRC,4,Colón Costarricense,Millones,M,M.CRC,Node('/BCCR/Sector Monetario y Financiero/Crédito al sector público no financiero del banco central [20085]/Activos [19952]/Valores Distintos de Acciones [20694]/Gobiernos Estatales y Locales [20230]'),Node('/BCCR/Sector Monetario y Financiero/Crédito al sector público no financiero del banco central [20085]/Activos [19952]/Valores Distintos de Acciones [20694]/Gobiernos Estatales y Locales [20230]')
20231,Gobiernos Estatales y Locales,Gobiernos Estatales y Locales,E07.36.01.02.02.00.00.00.00.M.CRC,Mensual,CRC,4,Colón Costarricense,Millones,M,M.CRC,Node('/BCCR/Sector Monetario y Financiero/Crédito al sector público no financiero del banco central [20085]/Activos [19952]/Préstamos [20551]/Gobiernos Estatales y Locales [20231]'),Node('/BCCR/Sector Monetario y Financiero/Crédito al sector público no financiero del banco central [20085]/Activos [19952]/Préstamos [20551]/Gobiernos Estatales y Locales [20231]')
20232,Gobiernos Estatales y Locales,Gobiernos Estatales y Locales,E07.36.02.01.02.00.00.00.00.M.CRC,Mensual,CRC,4,Colón Costarricense,Millones,M,M.CRC,Node('/BCCR/Sector Monetario y Financiero/Crédito al sector público no financiero del banco central [20085]/Pasivos [20517]/Depósitos Transferibles y Otros [20140]/Gobiernos Estatales y Locales [20232]'),Node('/BCCR/Sector Monetario y Financiero/Crédito al sector público no financiero del banco central [20085]/Pasivos [20517]/Depósitos Transferibles y Otros [20140]/Gobiernos Estatales y Locales [20232]')
20233,Gobiernos Estatales y Locales,Gobiernos Estatales y Locales,E07.36.02.02.02.00.00.00.00.M.CRC,Mensual,CRC,4,Colón Costarricense,Millones,M,M.CRC,Node('/BCCR/Sector Monetario y Financiero/Crédito al sector público no financiero del banco central [20085]/Pasivos [20517]/Valores [20682]/Gobiernos Estatales y Locales [20233]'),Node('/BCCR/Sector Monetario y Financiero/Crédito al sector público no financiero del banco central [20085]/Pasivos [20517]/Valores [20682]/Gobiernos Estatales y Locales [20233]')
20234,Gobiernos Estatales y Locales,Gobiernos Estatales y Locales,E07.37.01.01.02.00.00.00.00.M.CRC,Mensual,CRC,4,Colón Costarricense,Millones,M,M.CRC,Node('/BCCR/Sector Monetario y Financiero/Crédito al sector público no financiero de las otras socieda [20084]/Activos [19953]/Valores Distintos de Acciones [20695]/Gobiernos Estatales y Locales [20234]'),Node('/BCCR/Sector Monetario y Financiero/Crédito al sector público no financiero de las otras socieda [20084]/Activos [19953]/Valores Distintos de Acciones [20695]/Gobiernos Estatales y Locales [20234]')
20235,Gobiernos Estatales y Locales,Gobiernos Estatales y Locales,E07.37.01.02.02.00.00.00.00.M.CRC,Mensual,CRC,4,Colón Costarricense,Millones,M,M.CRC,Node('/BCCR/Sector Monetario y Financiero/Crédito al sector público no financiero de las otras socieda [20084]/Activos [19953]/Préstamos [20552]/Gobiernos Estatales y Locales [20235]'),Node('/BCCR/Sector Monetario y Financiero/Crédito al sector público no financiero de las otras socieda [20084]/Activos [19953]/Préstamos [20552]/Gobiernos Estatales y Locales [20235]')
20236,Gobiernos Estatales y Locales,Gobiernos Estatales y Locales,E07.37.02.01.02.00.00.00.00.M.CRC,Mensual,CRC,4,Colón Costarricense,Millones,M,M.CRC,Node('/BCCR/Sector Monetario y Financiero/Crédito al sector público no financiero de las otras socieda [20084]/Pasivos [20518]/Depósitos Transferibles y Otros [20141]/Gobiernos Estatales y Locales [20236]'),Node('/BCCR/Sector Monetario y Financiero/Crédito al sector público no financiero de las otras socieda [20084]/Pasivos [20518]/Depósitos Transferibles y Otros [20141]/Gobiernos Estatales y Locales [20236]')
20237,Gobiernos Estatales y Locales,Gobiernos Estatales y Locales,E07.37.02.02.02.00.00.00.00.M.CRC,Mensual,CRC,4,Colón Costarricense,Millones,M,M.CRC,Node('/BCCR/Sector Monetario y Financiero/Crédito al sector público no financiero de las otras socieda [20084]/Pasivos [20518]/Valores [20683]/Gobiernos Estatales y Locales [20237]'),Node('/BCCR/Sector Monetario y Financiero/Crédito al sector público no financiero de las otras socieda [20084]/Pasivos [20518]/Valores [20683]/Gobiernos Estatales y Locales [20237]')
20238,Gobiernos locales,Gobiernos locales,E07.32.02.02.00.00.00.00.00.M.CRC,Mensual,CRC,4,Colón Costarricense,Millones,M,M.CRC,Node('/BCCR/Sector Monetario y Financiero/Liquidez total [20292]/Valores a corto plazo emitidos por otros sectores [20684]/Gobiernos locales [20238]'),Node('/BCCR/Sector Monetario y Financiero/Liquidez total [20292]/Valores a corto plazo emitidos por otros sectores [20684]/Gobiernos locales [20238]')
20239,Hogares e ISFLSH,Hogares e ISFLSH,E07.16.02.07.00.00.00.00.00.M.CRC,Mensual,CRC,4,Colón Costarricense,Millones,M,M.CRC,Node('/BCCR/Sector Monetario y Financiero/Panorama de otras sociedades de deposito [20507]/Activos internos [19974]/Hogares e ISFLSH [20239]'),Node('/BCCR/Sector Monetario y Financiero/Panorama de otras sociedades de deposito [20507]/Activos internos [19974]/Hogares e ISFLSH [20239]')
20240,Hogares e ISFLSH,Hogares e ISFLSH,E07.17.02.07.00.00.00.00.00.M.CRC,Mensual,CRC,4,Colón Costarricense,Millones,M,M.CRC,Node('/BCCR/Sector Monetario y Financiero/Panorama de bancos (excluidos offshore) [20504]/Activos internos [19975]/Hogares e ISFLSH [20240]'),Node('/BCCR/Sector Monetario y Financiero/Panorama de bancos (excluidos offshore) [20504]/Activos internos [19975]/Hogares e ISFLSH [20240]')
20241,Hogares e ISFLSH,Hogares e ISFLSH,E07.18.02.07.00.00.00.00.00.M.CRC,Mensual,CRC,4,Colón Costarricense,Millones,M,M.CRC,Node('/BCCR/Sector Monetario y Financiero/Panorama de otros intermediarios financieros [20509]/Activos internos [19976]/Hogares e ISFLSH [20241]'),Node('/BCCR/Sector Monetario y Financiero/Panorama de otros intermediarios financieros [20509]/Activos internos [19976]/Hogares e ISFLSH [20241]')
20242,Hogares e ISFLSH,Hogares e ISFLSH,E07.19.02.06.00.00.00.00.00.M.CRC,Mensual,CRC,4,Colón Costarricense,Millones,M,M.CRC,Node('/BCCR/Sector Monetario y Financiero/Panorama de las sociedades de deposito [20505]/Activos internos [19977]/Hogares e ISFLSH [20242]'),Node('/BCCR/Sector Monetario y Financiero/Panorama de las sociedades de deposito [20505]/Activos internos [19977]/Hogares e ISFLSH [20242]')
20243,Hogares e ISFLSH,Hogares e ISFLSH,E07.20.02.07.00.00.00.00.00.M.CRC,Mensual,CRC,4,Colón Costarricense,Millones,M,M.CRC,Node('/BCCR/Sector Monetario y Financiero/Panorama de otras sociedades financieras [20508]/Activos internos [19978]/Hogares e ISFLSH [20243]'),Node('/BCCR/Sector Monetario y Financiero/Panorama de otras sociedades financieras [20508]/Activos internos [19978]/Hogares e ISFLSH [20243]')
20244,Hogares e ISFLSH,Hogares e ISFLSH,E07.21.02.05.00.00.00.00.00.M.CRC,Mensual,CRC,4,Colón Costarricense,Millones,M,M.CRC,Node('/BCCR/Sector Monetario y Financiero/Panorama de las sociedades financieras [20506]/Activos internos [19979]/Hogares e ISFLSH [20244]'),Node('/BCCR/Sector Monetario y Financiero/Panorama de las sociedades financieras [20506]/Activos internos [19979]/Hogares e ISFLSH [20244]')
20245,Hogares e ISFLSH,Hogares e ISFLSH,E07.23.03.08.00.00.00.00.00.M.CRC,Mensual,CRC,4,Colón Costarricense,Millones,M,M.CRC,Node('/BCCR/Sector Monetario y Financiero/Balance sectorial de las otras sociedades de depósito: instr [19991]/Préstamos [20541]/Hogares e ISFLSH [20245]'),Node('/BCCR/Sector Monetario y Financiero/Balance sectorial de las otras sociedades de depósito: instr [19991]/Préstamos [20541]/Hogares e ISFLSH [20245]')
20246,Hogares e ISFLSH,Hogares e ISFLSH,E07.24.03.08.00.00.00.00.00.M.CRC,Mensual,CRC,4,Colón Costarricense,Millones,M,M.CRC,Node('/BCCR/Sector Monetario y Financiero/Balance sectorial de las otras sociedades de deposito: instr [19990]/Préstamos [20542]/Hogares e ISFLSH [20246]'),Node('/BCCR/Sector Monetario y Financiero/Balance sectorial de las otras sociedades de deposito: instr [19990]/Préstamos [20542]/Hogares e ISFLSH [20246]')
20247,Hogares e ISFLSH,Hogares e ISFLSH,E07.25.03.08.00.00.00.00.00.M.CRC,Mensual,CRC,4,Colón Costarricense,Millones,M,M.CRC,Node('/BCCR/Sector Monetario y Financiero/Balance sectorial de las otras sociedades de depósito: instr [19989]/Préstamos [20543]/Hogares e ISFLSH [20247]'),Node('/BCCR/Sector Monetario y Financiero/Balance sectorial de las otras sociedades de depósito: instr [19989]/Préstamos [20543]/Hogares e ISFLSH [20247]')
20248,Hogares e ISFLSH,Hogares e ISFLSH,E07.26.01.08.00.00.00.00.00.M.CRC,Mensual,CRC,4,Colón Costarricense,Millones,M,M.CRC,Node('/BCCR/Sector Monetario y Financiero/Balance sectorial de las otras sociedades de depósito: instr [19994]/Depósitos [20094]/Hogares e ISFLSH [20248]'),Node('/BCCR/Sector Monetario y Financiero/Balance sectorial de las otras sociedades de depósito: instr [19994]/Depósitos [20094]/Hogares e ISFLSH [20248]')
20249,Hogares e ISFLSH,Hogares e ISFLSH,E07.27.01.08.00.00.00.00.00.M.CRC,Mensual,CRC,4,Colón Costarricense,Millones,M,M.CRC,Node('/BCCR/Sector Monetario y Financiero/Balance sectorial de las otras sociedades de depósito: instr [19993]/Depósitos [20095]/Hogares e ISFLSH [20249]'),Node('/BCCR/Sector Monetario y Financiero/Balance sectorial de las otras sociedades de depósito: instr [19993]/Depósitos [20095]/Hogares e ISFLSH [20249]')
20250,Hogares e ISFLSH,Hogares e ISFLSH,E07.28.01.08.00.00.00.00.00.M.CRC,Mensual,CRC,4,Colón Costarricense,Millones,M,M.CRC,Node('/BCCR/Sector Monetario y Financiero/Balance sectorial de las otras sociedades de depósito: instr [19992]/Depósitos [20096]/Hogares e ISFLSH [20250]'),Node('/BCCR/Sector Monetario y Financiero/Balance sectorial de las otras sociedades de depósito: instr [19992]/Depósitos [20096]/Hogares e ISFLSH [20250]')
20251,Hogares y ISFLSH,Hogares y ISFLSH,E07.32.01.01.02.05.00.00.00.M.CRC,Mensual,CRC,4,Colón Costarricense,Millones,M,M.CRC,Node('/BCCR/Sector Monetario y Financiero/Liquidez total [20292]/M3 [20295]/M2 [20294]/Otros depósitos en poder de : [20443]/Hogares y ISFLSH [20251]'),Node('/BCCR/Sector Monetario y Financiero/Liquidez total [20292]/M3 [20295]/M2 [20294]/Otros depósitos en poder de : [20443]/Hogares y ISFLSH [20251]')
20252,Hogares y ISFLSH,Hogares y ISFLSH,E07.32.01.01.03.05.00.00.00.M.CRC,Mensual,CRC,4,Colón Costarricense,Millones,M,M.CRC,Node('/BCCR/Sector Monetario y Financiero/Liquidez total [20292]/M3 [20295]/M2 [20294]/Valores distintos de acciones MN (incluidos los del banco ce [20754]/Hogares y ISFLSH [20252]'),Node('/BCCR/Sector Monetario y Financiero/Liquidez total [20292]/M3 [20295]/M2 [20294]/Valores distintos de acciones MN (incluidos los del banco ce [20754]/Hogares y ISFLSH [20252]')
20253,Hogares y ISFLSH,Hogares y ISFLSH,E07.32.01.02.05.00.00.00.00.M.CRC,Mensual,CRC,4,Colón Costarricense,Millones,M,M.CRC,Node('/BCCR/Sector Monetario y Financiero/Liquidez total [20292]/M3 [20295]/Depósitos transferibles (ME) en poder de: [20138]/Hogares y ISFLSH [20253]'),Node('/BCCR/Sector Monetario y Financiero/Liquidez total [20292]/M3 [20295]/Depósitos transferibles (ME) en poder de: [20138]/Hogares y ISFLSH [20253]')
20254,Hogares y ISFLSH,Hogares y ISFLSH,E07.32.01.03.05.00.00.00.00.M.CRC,Mensual,CRC,4,Colón Costarricense,Millones,M,M.CRC,Node('/BCCR/Sector Monetario y Financiero/Liquidez total [20292]/M3 [20295]/Otros depósitos (ME) en poder de : [20442]/Hogares y ISFLSH [20254]'),Node('/BCCR/Sector Monetario y Financiero/Liquidez total [20292]/M3 [20295]/Otros depósitos (ME) en poder de : [20442]/Hogares y ISFLSH [20254]')
20255,Hogares y ISFLSH,Hogares y ISFLSH,E07.32.01.04.05.00.00.00.00.M.CRC,Mensual,CRC,4,Colón Costarricense,Millones,M,M.CRC,Node('/BCCR/Sector Monetario y Financiero/Liquidez total [20292]/M3 [20295]/Valores distintos de acciones (ME) en poder de: [20696]/Hogares y ISFLSH [20255]'),Node('/BCCR/Sector Monetario y Financiero/Liquidez total [20292]/M3 [20295]/Valores distintos de acciones (ME) en poder de: [20696]/Hogares y ISFLSH [20255]')
20256,Incluidos en dinero en sentido amplio,Incluidos en dinero en sentido amplio,E07.22.02.01.01.00.00.00.00.M.CRC,Mensual,CRC,4,Colón Costarricense,Millones,M,M.CRC,Node('/BCCR/Sector Monetario y Financiero/Balance sectorial de las otras sociedades de depósito: resum [19995]/Pasivos y capital [20533]/Depósitos [20093]/Incluidos en dinero en sentido amplio [20256]'),Node('/BCCR/Sector Monetario y Financiero/Balance sectorial de las otras sociedades de depósito: resum [19995]/Pasivos y capital [20533]/Depósitos [20093]/Incluidos en dinero en sentido amplio [20256]')
20287,Indice de dolarización,Indice de dolarización,E07.39.04.00.00.00.00.00.00.M.CRC,Mensual,CRC,1,Colón Costarricense,,M,M.CRC,Node('/BCCR/Sector Monetario y Financiero/Composición del capital y posición en moneda extranjera de [19862]/Indice de dolarización [20287]'),Node('/BCCR/Sector Monetario y Financiero/Composición del capital y posición en moneda extranjera de [19862]/Indice de dolarización [20287]')
20288,Indice de dolarización,Indice de dolarización,E07.38.04.00.00.00.00.00.00.M.CRC,Mensual,CRC,1,Colón Costarricense,,M,M.CRC,Node('/BCCR/Sector Monetario y Financiero/Composición del capital y posición en moneda extranjera del [19863]/Indice de dolarización [20288]'),Node('/BCCR/Sector Monetario y Financiero/Composición del capital y posición en moneda extranjera del [19863]/Indice de dolarización [20288]')
20289,Industria,Industria,E07.34.04.00.00.00.00.00.00.M.CRC,Mensual,CRC,1,Colón Costarricense,,M,M.CRC,Node('/BCCR/Sector Monetario y Financiero/Prestamos de las otras sociedades de depósito al sector priv [20579]/Industria [20289]'),Node('/BCCR/Sector Monetario y Financiero/Prestamos de las otras sociedades de depósito al sector priv [20579]/Industria [20289]')
20290,Industria,Industria,E07.35.04.00.00.00.00.00.00.M.CRC,Mensual,CRC,1,Colón Costarricense,,M,M.CRC,Node('/BCCR/Sector Monetario y Financiero/PRESTAMOS DE LAS OTRAS SOCIEDADES DE DEPÓSITO AL SECTOR PRIV [20578]/Industria [20290]'),Node('/BCCR/Sector Monetario y Financiero/PRESTAMOS DE LAS OTRAS SOCIEDADES DE DEPÓSITO AL SECTOR PRIV [20578]/Industria [20290]')
20291,Largo Plazo,Largo Plazo,E07.15.01.02.02.00.00.00.00.M.CRC,Mensual,CRC,4,Colón Costarricense,Millones,M,M.CRC,Node('/BCCR/Sector Monetario y Financiero/Panorama del Banco Central [20510]/Activos Externos Netos [19963]/Pasivos frente a no residentes [20526]/Largo Plazo [20291]'),Node('/BCCR/Sector Monetario y Financiero/Panorama del Banco Central [20510]/Activos Externos Netos [19963]/Pasivos frente a no residentes [20526]/Largo Plazo [20291]')
20292,Liquidez total,Liquidez total,E07.32.00.00.00.00.00.00.00.M.CRC,Mensual,CRC,4,Colón Costarricense,Millones,M,M.CRC,Node('/BCCR/Sector Monetario y Financiero/Liquidez total [20292]'),Node('/BCCR/Sector Monetario y Financiero/Liquidez total [20292]')
20293,M1,M1,E07.32.01.01.01.00.00.00.00.M.CRC,Mensual,CRC,4,Colón Costarricense,Millones,M,M.CRC,Node('/BCCR/Sector Monetario y Financiero/Liquidez total [20292]/M3 [20295]/M2 [20294]/M1 [20293]'),Node('/BCCR/Sector Monetario y Financiero/Liquidez total [20292]/M3 [20295]/M2 [20294]/M1 [20293]')
20294,M2,M2,E07.32.01.01.00.00.00.00.00.M.CRC,Mensual,CRC,4,Colón Costarricense,Millones,M,M.CRC,Node('/BCCR/Sector Monetario y Financiero/Liquidez total [20292]/M3 [20295]/M2 [20294]'),Node('/BCCR/Sector Monetario y Financiero/Liquidez total [20292]/M3 [20295]/M2 [20294]')
20295,M3,M3,E07.32.01.00.00.00.00.00.00.M.CRC,Mensual,CRC,4,Colón Costarricense,Millones,M,M.CRC,Node('/BCCR/Sector Monetario y Financiero/Liquidez total [20292]/M3 [20295]'),Node('/BCCR/Sector Monetario y Financiero/Liquidez total [20292]/M3 [20295]')
20296,ME,ME,E07.19.03.02.02.00.00.00.00.M.CRC,Mensual,CRC,4,Colón Costarricense,Millones,M,M.CRC,Node('/BCCR/Sector Monetario y Financiero/Panorama de las sociedades de deposito [20505]/Dinero en sentido amplio [20146]/Depósitos transferibles [20135]/ME [20296]'),Node('/BCCR/Sector Monetario y Financiero/Panorama de las sociedades de deposito [20505]/Dinero en sentido amplio [20146]/Depósitos transferibles [20135]/ME [20296]')
20297,ME,ME,E07.19.03.03.02.00.00.00.00.M.CRC,Mensual,CRC,4,Colón Costarricense,Millones,M,M.CRC,Node('/BCCR/Sector Monetario y Financiero/Panorama de las sociedades de deposito [20505]/Dinero en sentido amplio [20146]/Otros depósitos [20439]/ME [20297]'),Node('/BCCR/Sector Monetario y Financiero/Panorama de las sociedades de deposito [20505]/Dinero en sentido amplio [20146]/Otros depósitos [20439]/ME [20297]')
20298,ME,ME,E07.19.03.04.02.00.00.00.00.M.CRC,Mensual,CRC,4,Colón Costarricense,Millones,M,M.CRC,Node('/BCCR/Sector Monetario y Financiero/Panorama de las sociedades de deposito [20505]/Dinero en sentido amplio [20146]/Valores [20674]/ME [20298]'),Node('/BCCR/Sector Monetario y Financiero/Panorama de las sociedades de deposito [20505]/Dinero en sentido amplio [20146]/Valores [20674]/ME [20298]')
20299,ME,ME,E07.21.03.02.02.00.00.00.00.M.CRC,Mensual,CRC,4,Colón Costarricense,Millones,M,M.CRC,Node('/BCCR/Sector Monetario y Financiero/Panorama de las sociedades financieras [20506]/Pasivos [20514]/Depósitos [20091]/ME [20299]'),Node('/BCCR/Sector Monetario y Financiero/Panorama de las sociedades financieras [20506]/Pasivos [20514]/Depósitos [20091]/ME [20299]')
20300,ME,ME,E07.21.03.03.02.00.00.00.00.M.CRC,Mensual,CRC,4,Colón Costarricense,Millones,M,M.CRC,Node('/BCCR/Sector Monetario y Financiero/Panorama de las sociedades financieras [20506]/Pasivos [20514]/Valores [20675]/ME [20300]'),Node('/BCCR/Sector Monetario y Financiero/Panorama de las sociedades financieras [20506]/Pasivos [20514]/Valores [20675]/ME [20300]')
20301,ME,ME,E07.33.02.00.00.00.00.00.00.M.USD,Mensual,USD,1,Dólar EEUU,,M,M.USD,Node('/BCCR/Sector Monetario y Financiero/ME [20301]'),Node('/BCCR/Sector Monetario y Financiero/ME [20301]')
20302,ME,ME,E07.39.01.01.02.00.00.00.00.M.CRC,Mensual,CRC,4,Colón Costarricense,Millones,M,M.CRC,Node('/BCCR/Sector Monetario y Financiero/Composición del capital y posición en moneda extranjera de [19862]/Activos [19949]/Activos financieros [19965]/ME [20302]'),Node('/BCCR/Sector Monetario y Financiero/Composición del capital y posición en moneda extranjera de [19862]/Activos [19949]/Activos financieros [19965]/ME [20302]')
20303,ME,ME,E07.39.02.02.02.00.00.00.00.M.CRC,Mensual,CRC,4,Colón Costarricense,Millones,M,M.CRC,Node('/BCCR/Sector Monetario y Financiero/Composición del capital y posición en moneda extranjera de [19862]/Pasivos [20515]/Otros Pasivos [20453]/ME [20303]'),Node('/BCCR/Sector Monetario y Financiero/Composición del capital y posición en moneda extranjera de [19862]/Pasivos [20515]/Otros Pasivos [20453]/ME [20303]')
20304,ME,ME,E07.38.01.01.02.00.00.00.00.M.CRC,Mensual,CRC,4,Colón Costarricense,Millones,M,M.CRC,Node('/BCCR/Sector Monetario y Financiero/Composición del capital y posición en moneda extranjera del [19863]/Activos [19951]/Activos financieros [19966]/ME [20304]'),Node('/BCCR/Sector Monetario y Financiero/Composición del capital y posición en moneda extranjera del [19863]/Activos [19951]/Activos financieros [19966]/ME [20304]')
20305,ME,ME,E07.38.02.02.02.00.00.00.00.M.CRC,Mensual,CRC,4,Colón Costarricense,Millones,M,M.CRC,Node('/BCCR/Sector Monetario y Financiero/Composición del capital y posición en moneda extranjera del [19863]/Pasivos y Acciones y otras participaciones de capital [20532]/Pasivos [20516]/ME [20305]'),Node('/BCCR/Sector Monetario y Financiero/Composición del capital y posición en moneda extranjera del [19863]/Pasivos y Acciones y otras participaciones de capital [20532]/Pasivos [20516]/ME [20305]')
20306,MN,MN,E07.19.03.02.01.00.00.00.00.M.CRC,Mensual,CRC,4,Colón Costarricense,Millones,M,M.CRC,Node('/BCCR/Sector Monetario y Financiero/Panorama de las sociedades de deposito [20505]/Dinero en sentido amplio [20146]/Depósitos transferibles [20135]/MN [20306]'),Node('/BCCR/Sector Monetario y Financiero/Panorama de las sociedades de deposito [20505]/Dinero en sentido amplio [20146]/Depósitos transferibles [20135]/MN [20306]')
20307,MN,MN,E07.19.03.03.01.00.00.00.00.M.CRC,Mensual,CRC,4,Colón Costarricense,Millones,M,M.CRC,Node('/BCCR/Sector Monetario y Financiero/Panorama de las sociedades de deposito [20505]/Dinero en sentido amplio [20146]/Otros depósitos [20439]/MN [20307]'),Node('/BCCR/Sector Monetario y Financiero/Panorama de las sociedades de deposito [20505]/Dinero en sentido amplio [20146]/Otros depósitos [20439]/MN [20307]')
20308,MN,MN,E07.19.03.04.01.00.00.00.00.M.CRC,Mensual,CRC,4,Colón Costarricense,Millones,M,M.CRC,Node('/BCCR/Sector Monetario y Financiero/Panorama de las sociedades de deposito [20505]/Dinero en sentido amplio [20146]/Valores [20674]/MN [20308]'),Node('/BCCR/Sector Monetario y Financiero/Panorama de las sociedades de deposito [20505]/Dinero en sentido amplio [20146]/Valores [20674]/MN [20308]')
20309,MN,MN,E07.21.03.02.01.00.00.00.00.M.CRC,Mensual,CRC,4,Colón Costarricense,Millones,M,M.CRC,Node('/BCCR/Sector Monetario y Financiero/Panorama de las sociedades financieras [20506]/Pasivos [20514]/Depósitos [20091]/MN [20309]'),Node('/BCCR/Sector Monetario y Financiero/Panorama de las sociedades financieras [20506]/Pasivos [20514]/Depósitos [20091]/MN [20309]')
20310,MN,MN,E07.21.03.03.01.00.00.00.00.M.CRC,Mensual,CRC,4,Colón Costarricense,Millones,M,M.CRC,Node('/BCCR/Sector Monetario y Financiero/Panorama de las sociedades financieras [20506]/Pasivos [20514]/Valores [20675]/MN [20310]'),Node('/BCCR/Sector Monetario y Financiero/Panorama de las sociedades financieras [20506]/Pasivos [20514]/Valores [20675]/MN [20310]')
20311,MN,MN,E07.33.01.00.00.00.00.00.00.M.CRC,Mensual,CRC,1,Colón Costarricense,,M,M.CRC,Node('/BCCR/Sector Monetario y Financiero/Encaje bancario requerido y efectivo por monedas (bancos com [20148]/MN [20311]'),Node('/BCCR/Sector Monetario y Financiero/Encaje bancario requerido y efectivo por monedas (bancos com [20148]/MN [20311]')
20312,MN,MN,E07.39.01.01.01.00.00.00.00.M.CRC,Mensual,CRC,4,Colón Costarricense,Millones,M,M.CRC,Node('/BCCR/Sector Monetario y Financiero/Composición del capital y posición en moneda extranjera de [19862]/Activos [19949]/Activos financieros [19965]/MN [20312]'),Node('/BCCR/Sector Monetario y Financiero/Composición del capital y posición en moneda extranjera de [19862]/Activos [19949]/Activos financieros [19965]/MN [20312]')
20313,MN,MN,E07.39.02.02.01.00.00.00.00.M.CRC,Mensual,CRC,4,Colón Costarricense,Millones,M,M.CRC,Node('/BCCR/Sector Monetario y Financiero/Composición del capital y posición en moneda extranjera de [19862]/Pasivos [20515]/Otros Pasivos [20453]/MN [20313]'),Node('/BCCR/Sector Monetario y Financiero/Composición del capital y posición en moneda extranjera de [19862]/Pasivos [20515]/Otros Pasivos [20453]/MN [20313]')
20314,MN,MN,E07.38.01.01.01.00.00.00.00.M.CRC,Mensual,CRC,4,Colón Costarricense,Millones,M,M.CRC,Node('/BCCR/Sector Monetario y Financiero/Composición del capital y posición en moneda extranjera del [19863]/Activos [19951]/Activos financieros [19966]/MN [20314]'),Node('/BCCR/Sector Monetario y Financiero/Composición del capital y posición en moneda extranjera del [19863]/Activos [19951]/Activos financieros [19966]/MN [20314]')
20315,MN,MN,E07.38.02.02.01.00.00.00.00.M.CRC,Mensual,CRC,4,Colón Costarricense,Millones,M,M.CRC,Node('/BCCR/Sector Monetario y Financiero/Composición del capital y posición en moneda extranjera del [19863]/Pasivos y Acciones y otras participaciones de capital [20532]/Pasivos [20516]/MN [20315]'),Node('/BCCR/Sector Monetario y Financiero/Composición del capital y posición en moneda extranjera del [19863]/Pasivos y Acciones y otras participaciones de capital [20532]/Pasivos [20516]/MN [20315]')
20316,No residentes,No residentes,E07.23.01.01.00.00.00.00.00.M.CRC,Mensual,CRC,4,Colón Costarricense,Millones,M,M.CRC,Node('/BCCR/Sector Monetario y Financiero/Balance sectorial de las otras sociedades de depósito: instr [19991]/Billetes y monedas y depósitos [20074]/No residentes [20316]'),Node('/BCCR/Sector Monetario y Financiero/Balance sectorial de las otras sociedades de depósito: instr [19991]/Billetes y monedas y depósitos [20074]/No residentes [20316]')
20317,No residentes,No residentes,E07.23.02.01.00.00.00.00.00.M.CRC,Mensual,CRC,4,Colón Costarricense,Millones,M,M.CRC,Node('/BCCR/Sector Monetario y Financiero/Balance sectorial de las otras sociedades de depósito: instr [19991]/Valores distintos de acciones [20687]/No residentes [20317]'),Node('/BCCR/Sector Monetario y Financiero/Balance sectorial de las otras sociedades de depósito: instr [19991]/Valores distintos de acciones [20687]/No residentes [20317]')
20318,No residentes,No residentes,E07.23.03.01.00.00.00.00.00.M.CRC,Mensual,CRC,4,Colón Costarricense,Millones,M,M.CRC,Node('/BCCR/Sector Monetario y Financiero/Balance sectorial de las otras sociedades de depósito: instr [19991]/Préstamos [20541]/No residentes [20318]'),Node('/BCCR/Sector Monetario y Financiero/Balance sectorial de las otras sociedades de depósito: instr [19991]/Préstamos [20541]/No residentes [20318]')
20319,No residentes,No residentes,E07.24.01.01.00.00.00.00.00.M.CRC,Mensual,CRC,4,Colón Costarricense,Millones,M,M.CRC,Node('/BCCR/Sector Monetario y Financiero/Balance sectorial de las otras sociedades de deposito: instr [19990]/Billetes y monedas y depósitos [20075]/No residentes [20319]'),Node('/BCCR/Sector Monetario y Financiero/Balance sectorial de las otras sociedades de deposito: instr [19990]/Billetes y monedas y depósitos [20075]/No residentes [20319]')
20320,No residentes,No residentes,E07.24.02.01.00.00.00.00.00.M.CRC,Mensual,CRC,4,Colón Costarricense,Millones,M,M.CRC,Node('/BCCR/Sector Monetario y Financiero/Balance sectorial de las otras sociedades de deposito: instr [19990]/Valores distintos de acciones [20688]/No residentes [20320]'),Node('/BCCR/Sector Monetario y Financiero/Balance sectorial de las otras sociedades de deposito: instr [19990]/Valores distintos de acciones [20688]/No residentes [20320]')
20321,No residentes,No residentes,E07.24.03.01.00.00.00.00.00.M.CRC,Mensual,CRC,4,Colón Costarricense,Millones,M,M.CRC,Node('/BCCR/Sector Monetario y Financiero/Balance sectorial de las otras sociedades de deposito: instr [19990]/Préstamos [20542]/No residentes [20321]'),Node('/BCCR/Sector Monetario y Financiero/Balance sectorial de las otras sociedades de deposito: instr [19990]/Préstamos [20542]/No residentes [20321]')
20322,No residentes,No residentes,E07.25.01.01.00.00.00.00.00.M.CRC,Mensual,CRC,4,Colón Costarricense,Millones,M,M.CRC,Node('/BCCR/Sector Monetario y Financiero/Balance sectorial de las otras sociedades de depósito: instr [19989]/Billetes y monedas y depósitos [20076]/No residentes [20322]'),Node('/BCCR/Sector Monetario y Financiero/Balance sectorial de las otras sociedades de depósito: instr [19989]/Billetes y monedas y depósitos [20076]/No residentes [20322]')
20323,No residentes,No residentes,E07.25.02.01.00.00.00.00.00.M.CRC,Mensual,CRC,4,Colón Costarricense,Millones,M,M.CRC,Node('/BCCR/Sector Monetario y Financiero/Balance sectorial de las otras sociedades de depósito: instr [19989]/Valores distintos de acciones [20689]/No residentes [20323]'),Node('/BCCR/Sector Monetario y Financiero/Balance sectorial de las otras sociedades de depósito: instr [19989]/Valores distintos de acciones [20689]/No residentes [20323]')
20324,No residentes,No residentes,E07.25.03.01.00.00.00.00.00.M.CRC,Mensual,CRC,4,Colón Costarricense,Millones,M,M.CRC,Node('/BCCR/Sector Monetario y Financiero/Balance sectorial de las otras sociedades de depósito: instr [19989]/Préstamos [20543]/No residentes [20324]'),Node('/BCCR/Sector Monetario y Financiero/Balance sectorial de las otras sociedades de depósito: instr [19989]/Préstamos [20543]/No residentes [20324]')
20325,No residentes,No residentes,E07.26.01.01.00.00.00.00.00.M.CRC,Mensual,CRC,4,Colón Costarricense,Millones,M,M.CRC,Node('/BCCR/Sector Monetario y Financiero/Balance sectorial de las otras sociedades de depósito: instr [19994]/Depósitos [20094]/No residentes [20325]'),Node('/BCCR/Sector Monetario y Financiero/Balance sectorial de las otras sociedades de depósito: instr [19994]/Depósitos [20094]/No residentes [20325]')
20326,No residentes,No residentes,E07.26.02.01.00.00.00.00.00.M.CRC,Mensual,CRC,4,Colón Costarricense,Millones,M,M.CRC,Node('/BCCR/Sector Monetario y Financiero/Balance sectorial de las otras sociedades de depósito: instr [19994]/Préstamos [20544]/No residentes [20326]'),Node('/BCCR/Sector Monetario y Financiero/Balance sectorial de las otras sociedades de depósito: instr [19994]/Préstamos [20544]/No residentes [20326]')
20327,No residentes,No residentes,E07.27.01.01.00.00.00.00.00.M.CRC,Mensual,CRC,4,Colón Costarricense,Millones,M,M.CRC,Node('/BCCR/Sector Monetario y Financiero/Balance sectorial de las otras sociedades de depósito: instr [19993]/Depósitos [20095]/No residentes [20327]'),Node('/BCCR/Sector Monetario y Financiero/Balance sectorial de las otras sociedades de depósito: instr [19993]/Depósitos [20095]/No residentes [20327]')
20328,No residentes,No residentes,E07.27.02.01.00.00.00.00.00.M.CRC,Mensual,CRC,4,Colón Costarricense,Millones,M,M.CRC,Node('/BCCR/Sector Monetario y Financiero/Balance sectorial de las otras sociedades de depósito: instr [19993]/Préstamos [20545]/No residentes [20328]'),Node('/BCCR/Sector Monetario y Financiero/Balance sectorial de las otras sociedades de depósito: instr [19993]/Préstamos [20545]/No residentes [20328]')
20329,No residentes,No residentes,E07.28.01.01.00.00.00.00.00.M.CRC,Mensual,CRC,4,Colón Costarricense,Millones,M,M.CRC,Node('/BCCR/Sector Monetario y Financiero/Balance sectorial de las otras sociedades de depósito: instr [19992]/Depósitos [20096]/No residentes [20329]'),Node('/BCCR/Sector Monetario y Financiero/Balance sectorial de las otras sociedades de depósito: instr [19992]/Depósitos [20096]/No residentes [20329]')
20330,No residentes,No residentes,E07.28.02.01.00.00.00.00.00.M.CRC,Mensual,CRC,4,Colón Costarricense,Millones,M,M.CRC,Node('/BCCR/Sector Monetario y Financiero/Balance sectorial de las otras sociedades de depósito: instr [19992]/Préstamos [20546]/No residentes [20330]'),Node('/BCCR/Sector Monetario y Financiero/Balance sectorial de las otras sociedades de depósito: instr [19992]/Préstamos [20546]/No residentes [20330]')
20331,Obligaciones sujetas a encaje,Obligaciones sujetas a encaje,E07.33.01.01.00.00.00.00.00.M.CRC,Mensual,CRC,4,Colón Costarricense,Millones,M,M.CRC,Node('/BCCR/Sector Monetario y Financiero/Encaje bancario requerido y efectivo por monedas (bancos com [20148]/MN [20311]/Obligaciones sujetas a encaje [20331]'),Node('/BCCR/Sector Monetario y Financiero/Encaje bancario requerido y efectivo por monedas (bancos com [20148]/MN [20311]/Obligaciones sujetas a encaje [20331]')
20332,Obligaciones sujetas a encaje,Obligaciones sujetas a encaje,E07.33.02.01.00.00.00.00.00.M.USD,Mensual,USD,4,Dólar EEUU,Millones,M,M.USD,Node('/BCCR/Sector Monetario y Financiero/ME [20301]/Obligaciones sujetas a encaje [20332]'),Node('/BCCR/Sector Monetario y Financiero/ME [20301]/Obligaciones sujetas a encaje [20332]')
20333,Otras Industrias,Otras Industrias,E07.34.04.02.00.00.00.00.00.M.CRC,Mensual,CRC,4,Colón Costarricense,Millones,M,M.CRC,Node('/BCCR/Sector Monetario y Financiero/Prestamos de las otras sociedades de depósito al sector priv [20579]/Industria [20289]/Otras Industrias [20333]'),Node('/BCCR/Sector Monetario y Financiero/Prestamos de las otras sociedades de depósito al sector priv [20579]/Industria [20289]/Otras Industrias [20333]')
20334,Otras Industrias,Otras Industrias,E07.35.04.02.00.00.00.00.00.M.CRC,Mensual,CRC,4,Colón Costarricense,Millones,M,M.CRC,Node('/BCCR/Sector Monetario y Financiero/PRESTAMOS DE LAS OTRAS SOCIEDADES DE DEPÓSITO AL SECTOR PRIV [20578]/Industria [20290]/Otras Industrias [20334]'),Node('/BCCR/Sector Monetario y Financiero/PRESTAMOS DE LAS OTRAS SOCIEDADES DE DEPÓSITO AL SECTOR PRIV [20578]/Industria [20290]/Otras Industrias [20334]')
20335,Otras obligaciones con el público residente,Otras obligaciones con el público residente,E07.20.03.02.00.00.00.00.00.M.CRC,Mensual,CRC,4,Colón Costarricense,Millones,M,M.CRC,Node('/BCCR/Sector Monetario y Financiero/Panorama de otras sociedades financieras [20508]/Pasivos [20513]/Otras obligaciones con el público residente [20335]'),Node('/BCCR/Sector Monetario y Financiero/Panorama de otras sociedades financieras [20508]/Pasivos [20513]/Otras obligaciones con el público residente [20335]')
20336,Otras partidas (neto),Otras partidas (neto),E07.16.02.08.00.00.00.00.00.M.CRC,Mensual,CRC,4,Colón Costarricense,Millones,M,M.CRC,Node('/BCCR/Sector Monetario y Financiero/Panorama de otras sociedades de deposito [20507]/Activos internos [19974]/Otras partidas (neto) [20336]'),Node('/BCCR/Sector Monetario y Financiero/Panorama de otras sociedades de deposito [20507]/Activos internos [19974]/Otras partidas (neto) [20336]')
20337,Otras partidas (neto),Otras partidas (neto),E07.17.02.08.00.00.00.00.00.M.CRC,Mensual,CRC,4,Colón Costarricense,Millones,M,M.CRC,Node('/BCCR/Sector Monetario y Financiero/Panorama de bancos (excluidos offshore) [20504]/Activos internos [19975]/Otras partidas (neto) [20337]'),Node('/BCCR/Sector Monetario y Financiero/Panorama de bancos (excluidos offshore) [20504]/Activos internos [19975]/Otras partidas (neto) [20337]')
20338,Otras partidas (neto),Otras partidas (neto),E07.18.02.08.00.00.00.00.00.M.CRC,Mensual,CRC,4,Colón Costarricense,Millones,M,M.CRC,Node('/BCCR/Sector Monetario y Financiero/Panorama de otros intermediarios financieros [20509]/Activos internos [19976]/Otras partidas (neto) [20338]'),Node('/BCCR/Sector Monetario y Financiero/Panorama de otros intermediarios financieros [20509]/Activos internos [19976]/Otras partidas (neto) [20338]')
20339,Otras partidas (neto),Otras partidas (neto),E07.20.02.08.00.00.00.00.00.M.CRC,Mensual,CRC,4,Colón Costarricense,Millones,M,M.CRC,Node('/BCCR/Sector Monetario y Financiero/Panorama de otras sociedades financieras [20508]/Activos internos [19978]/Otras partidas (neto) [20339]'),Node('/BCCR/Sector Monetario y Financiero/Panorama de otras sociedades financieras [20508]/Activos internos [19978]/Otras partidas (neto) [20339]')
20340,Otras partidas (neto),Otras partidas (neto),E07.21.02.06.00.00.00.00.00.M.CRC,Mensual,CRC,4,Colón Costarricense,Millones,M,M.CRC,Node('/BCCR/Sector Monetario y Financiero/Panorama de las sociedades financieras [20506]/Activos internos [19979]/Otras partidas (neto) [20340]'),Node('/BCCR/Sector Monetario y Financiero/Panorama de las sociedades financieras [20506]/Activos internos [19979]/Otras partidas (neto) [20340]')
20341,Otras partidas netas,Otras partidas netas,E07.19.02.07.00.00.00.00.00.M.CRC,Mensual,CRC,4,Colón Costarricense,Millones,M,M.CRC,Node('/BCCR/Sector Monetario y Financiero/Panorama de las sociedades de deposito [20505]/Activos internos [19977]/Otras partidas netas [20341]'),Node('/BCCR/Sector Monetario y Financiero/Panorama de las sociedades de deposito [20505]/Activos internos [19977]/Otras partidas netas [20341]')
20342,Otras sociedades de depósito,Otras sociedades de depósito,E07.20.02.05.00.00.00.00.00.M.CRC,Mensual,CRC,4,Colón Costarricense,Millones,M,M.CRC,Node('/BCCR/Sector Monetario y Financiero/Panorama de otras sociedades financieras [20508]/Activos internos [19978]/Otras sociedades de depósito [20342]'),Node('/BCCR/Sector Monetario y Financiero/Panorama de otras sociedades financieras [20508]/Activos internos [19978]/Otras sociedades de depósito [20342]')
20343,Otras sociedades de depósito,Otras sociedades de depósito,E07.23.01.03.00.00.00.00.00.M.CRC,Mensual,CRC,4,Colón Costarricense,Millones,M,M.CRC,Node('/BCCR/Sector Monetario y Financiero/Balance sectorial de las otras sociedades de depósito: instr [19991]/Billetes y monedas y depósitos [20074]/Otras sociedades de depósito [20343]'),Node('/BCCR/Sector Monetario y Financiero/Balance sectorial de las otras sociedades de depósito: instr [19991]/Billetes y monedas y depósitos [20074]/Otras sociedades de depósito [20343]')
20344,Otras sociedades de depósito,Otras sociedades de depósito,E07.23.03.02.00.00.00.00.00.M.CRC,Mensual,CRC,4,Colón Costarricense,Millones,M,M.CRC,Node('/BCCR/Sector Monetario y Financiero/Balance sectorial de las otras sociedades de depósito: instr [19991]/Préstamos [20541]/Otras sociedades de depósito [20344]'),Node('/BCCR/Sector Monetario y Financiero/Balance sectorial de las otras sociedades de depósito: instr [19991]/Préstamos [20541]/Otras sociedades de depósito [20344]')
20345,Otras sociedades de depósito,Otras sociedades de depósito,E07.24.01.03.00.00.00.00.00.M.CRC,Mensual,CRC,4,Colón Costarricense,Millones,M,M.CRC,Node('/BCCR/Sector Monetario y Financiero/Balance sectorial de las otras sociedades de deposito: instr [19990]/Billetes y monedas y depósitos [20075]/Otras sociedades de depósito [20345]'),Node('/BCCR/Sector Monetario y Financiero/Balance sectorial de las otras sociedades de deposito: instr [19990]/Billetes y monedas y depósitos [20075]/Otras sociedades de depósito [20345]')
20346,Otras sociedades de depósito,Otras sociedades de depósito,E07.24.03.02.00.00.00.00.00.M.CRC,Mensual,CRC,4,Colón Costarricense,Millones,M,M.CRC,Node('/BCCR/Sector Monetario y Financiero/Balance sectorial de las otras sociedades de deposito: instr [19990]/Préstamos [20542]/Otras sociedades de depósito [20346]'),Node('/BCCR/Sector Monetario y Financiero/Balance sectorial de las otras sociedades de deposito: instr [19990]/Préstamos [20542]/Otras sociedades de depósito [20346]')
20347,Otras sociedades de depósito,Otras sociedades de depósito,E07.25.01.03.00.00.00.00.00.M.CRC,Mensual,CRC,4,Colón Costarricense,Millones,M,M.CRC,Node('/BCCR/Sector Monetario y Financiero/Balance sectorial de las otras sociedades de depósito: instr [19989]/Billetes y monedas y depósitos [20076]/Otras sociedades de depósito [20347]'),Node('/BCCR/Sector Monetario y Financiero/Balance sectorial de las otras sociedades de depósito: instr [19989]/Billetes y monedas y depósitos [20076]/Otras sociedades de depósito [20347]')
20348,Otras sociedades de depósito,Otras sociedades de depósito,E07.25.03.02.00.00.00.00.00.M.CRC,Mensual,CRC,4,Colón Costarricense,Millones,M,M.CRC,Node('/BCCR/Sector Monetario y Financiero/Balance sectorial de las otras sociedades de depósito: instr [19989]/Préstamos [20543]/Otras sociedades de depósito [20348]'),Node('/BCCR/Sector Monetario y Financiero/Balance sectorial de las otras sociedades de depósito: instr [19989]/Préstamos [20543]/Otras sociedades de depósito [20348]')
20349,Otras sociedades de depósito,Otras sociedades de depósito,E07.26.01.02.00.00.00.00.00.M.CRC,Mensual,CRC,4,Colón Costarricense,Millones,M,M.CRC,Node('/BCCR/Sector Monetario y Financiero/Balance sectorial de las otras sociedades de depósito: instr [19994]/Depósitos [20094]/Otras sociedades de depósito [20349]'),Node('/BCCR/Sector Monetario y Financiero/Balance sectorial de las otras sociedades de depósito: instr [19994]/Depósitos [20094]/Otras sociedades de depósito [20349]')
20350,Otras sociedades de depósito,Otras sociedades de depósito,E07.26.02.03.00.00.00.00.00.M.CRC,Mensual,CRC,4,Colón Costarricense,Millones,M,M.CRC,Node('/BCCR/Sector Monetario y Financiero/Balance sectorial de las otras sociedades de depósito: instr [19994]/Préstamos [20544]/Otras sociedades de depósito [20350]'),Node('/BCCR/Sector Monetario y Financiero/Balance sectorial de las otras sociedades de depósito: instr [19994]/Préstamos [20544]/Otras sociedades de depósito [20350]')
20351,Otras sociedades de depósito,Otras sociedades de depósito,E07.27.01.02.00.00.00.00.00.M.CRC,Mensual,CRC,4,Colón Costarricense,Millones,M,M.CRC,Node('/BCCR/Sector Monetario y Financiero/Balance sectorial de las otras sociedades de depósito: instr [19993]/Depósitos [20095]/Otras sociedades de depósito [20351]'),Node('/BCCR/Sector Monetario y Financiero/Balance sectorial de las otras sociedades de depósito: instr [19993]/Depósitos [20095]/Otras sociedades de depósito [20351]')
20352,Otras sociedades de depósito,Otras sociedades de depósito,E07.27.02.03.00.00.00.00.00.M.CRC,Mensual,CRC,4,Colón Costarricense,Millones,M,M.CRC,Node('/BCCR/Sector Monetario y Financiero/Balance sectorial de las otras sociedades de depósito: instr [19993]/Préstamos [20545]/Otras sociedades de depósito [20352]'),Node('/BCCR/Sector Monetario y Financiero/Balance sectorial de las otras sociedades de depósito: instr [19993]/Préstamos [20545]/Otras sociedades de depósito [20352]')
20353,Otras sociedades de depósito,Otras sociedades de depósito,E07.28.01.02.00.00.00.00.00.M.CRC,Mensual,CRC,4,Colón Costarricense,Millones,M,M.CRC,Node('/BCCR/Sector Monetario y Financiero/Balance sectorial de las otras sociedades de depósito: instr [19992]/Depósitos [20096]/Otras sociedades de depósito [20353]'),Node('/BCCR/Sector Monetario y Financiero/Balance sectorial de las otras sociedades de depósito: instr [19992]/Depósitos [20096]/Otras sociedades de depósito [20353]')
20354,Otras sociedades de depósito,Otras sociedades de depósito,E07.28.02.03.00.00.00.00.00.M.CRC,Mensual,CRC,4,Colón Costarricense,Millones,M,M.CRC,Node('/BCCR/Sector Monetario y Financiero/Balance sectorial de las otras sociedades de depósito: instr [19992]/Préstamos [20546]/Otras sociedades de depósito [20354]'),Node('/BCCR/Sector Monetario y Financiero/Balance sectorial de las otras sociedades de depósito: instr [19992]/Préstamos [20546]/Otras sociedades de depósito [20354]')
20355,Otras sociedades de depósito,Otras sociedades de depósito,E07.40.02.00.00.00.00.00.00.M.USD,Mensual,USD,3,Dólar EEUU,Miles,M,M.USD,Node('/BCCR/Sector Monetario y Financiero/Activos externos netos [19964]/Otras sociedades de depósito [20355]'),Node('/BCCR/Sector Monetario y Financiero/Activos externos netos [19964]/Otras sociedades de depósito [20355]')
20356,Otras sociedades de depósito,Otras sociedades de depósito,E07.32.03.02.02.00.00.00.00.M.CRC,Mensual,CRC,4,Colón Costarricense,Millones,M,M.CRC,Node('/BCCR/Sector Monetario y Financiero/Liquidez total [20292]/Depósitos y valores a largo plazo [20142]/Valores a largo plazo emitidos por: [20685]/Otras sociedades de depósito [20356]'),Node('/BCCR/Sector Monetario y Financiero/Liquidez total [20292]/Depósitos y valores a largo plazo [20142]/Valores a largo plazo emitidos por: [20685]/Otras sociedades de depósito [20356]')
20357,Otras Sociedades de Depósitos,Otras Sociedades de Depósitos,E07.15.02.03.00.00.00.00.00.M.CRC,Mensual,CRC,4,Colón Costarricense,Millones,M,M.CRC,Node('/BCCR/Sector Monetario y Financiero/Panorama del Banco Central [20510]/Activos Internos [19980]/Otras Sociedades de Depósitos [20357]'),Node('/BCCR/Sector Monetario y Financiero/Panorama del Banco Central [20510]/Activos Internos [19980]/Otras Sociedades de Depósitos [20357]')
20358,Otras sociedades financieras,Otras sociedades financieras,E07.16.02.05.00.00.00.00.00.M.CRC,Mensual,CRC,4,Colón Costarricense,Millones,M,M.CRC,Node('/BCCR/Sector Monetario y Financiero/Panorama de otras sociedades de deposito [20507]/Activos internos [19974]/Otras sociedades financieras [20358]'),Node('/BCCR/Sector Monetario y Financiero/Panorama de otras sociedades de deposito [20507]/Activos internos [19974]/Otras sociedades financieras [20358]')
20359,Otras sociedades financieras,Otras sociedades financieras,E07.17.02.05.00.00.00.00.00.M.CRC,Mensual,CRC,4,Colón Costarricense,Millones,M,M.CRC,Node('/BCCR/Sector Monetario y Financiero/Panorama de bancos (excluidos offshore) [20504]/Activos internos [19975]/Otras sociedades financieras [20359]'),Node('/BCCR/Sector Monetario y Financiero/Panorama de bancos (excluidos offshore) [20504]/Activos internos [19975]/Otras sociedades financieras [20359]')
20360,Otras sociedades financieras,Otras sociedades financieras,E07.18.02.05.00.00.00.00.00.M.CRC,Mensual,CRC,4,Colón Costarricense,Millones,M,M.CRC,Node('/BCCR/Sector Monetario y Financiero/Panorama de otros intermediarios financieros [20509]/Activos internos [19976]/Otras sociedades financieras [20360]'),Node('/BCCR/Sector Monetario y Financiero/Panorama de otros intermediarios financieros [20509]/Activos internos [19976]/Otras sociedades financieras [20360]')
20361,Otras sociedades financieras,Otras sociedades financieras,E07.19.02.04.00.00.00.00.00.M.CRC,Mensual,CRC,4,Colón Costarricense,Millones,M,M.CRC,Node('/BCCR/Sector Monetario y Financiero/Panorama de las sociedades de deposito [20505]/Activos internos [19977]/Otras sociedades financieras [20361]'),Node('/BCCR/Sector Monetario y Financiero/Panorama de las sociedades de deposito [20505]/Activos internos [19977]/Otras sociedades financieras [20361]')
20362,Otras sociedades financieras,Otras sociedades financieras,E07.23.03.03.00.00.00.00.00.M.CRC,Mensual,CRC,4,Colón Costarricense,Millones,M,M.CRC,Node('/BCCR/Sector Monetario y Financiero/Balance sectorial de las otras sociedades de depósito: instr [19991]/Préstamos [20541]/Otras sociedades financieras [20362]'),Node('/BCCR/Sector Monetario y Financiero/Balance sectorial de las otras sociedades de depósito: instr [19991]/Préstamos [20541]/Otras sociedades financieras [20362]')
20363,Otras sociedades financieras,Otras sociedades financieras,E07.24.03.03.00.00.00.00.00.M.CRC,Mensual,CRC,4,Colón Costarricense,Millones,M,M.CRC,Node('/BCCR/Sector Monetario y Financiero/Balance sectorial de las otras sociedades de deposito: instr [19990]/Préstamos [20542]/Otras sociedades financieras [20363]'),Node('/BCCR/Sector Monetario y Financiero/Balance sectorial de las otras sociedades de deposito: instr [19990]/Préstamos [20542]/Otras sociedades financieras [20363]')
20364,Otras sociedades financieras,Otras sociedades financieras,E07.25.03.03.00.00.00.00.00.M.CRC,Mensual,CRC,4,Colón Costarricense,Millones,M,M.CRC,Node('/BCCR/Sector Monetario y Financiero/Balance sectorial de las otras sociedades de depósito: instr [19989]/Préstamos [20543]/Otras sociedades financieras [20364]'),Node('/BCCR/Sector Monetario y Financiero/Balance sectorial de las otras sociedades de depósito: instr [19989]/Préstamos [20543]/Otras sociedades financieras [20364]')
20365,Otras sociedades financieras,Otras sociedades financieras,E07.26.01.03.00.00.00.00.00.M.CRC,Mensual,CRC,4,Colón Costarricense,Millones,M,M.CRC,Node('/BCCR/Sector Monetario y Financiero/Balance sectorial de las otras sociedades de depósito: instr [19994]/Depósitos [20094]/Otras sociedades financieras [20365]'),Node('/BCCR/Sector Monetario y Financiero/Balance sectorial de las otras sociedades de depósito: instr [19994]/Depósitos [20094]/Otras sociedades financieras [20365]')
20366,Otras sociedades financieras,Otras sociedades financieras,E07.26.02.04.00.00.00.00.00.M.CRC,Mensual,CRC,4,Colón Costarricense,Millones,M,M.CRC,Node('/BCCR/Sector Monetario y Financiero/Balance sectorial de las otras sociedades de depósito: instr [19994]/Préstamos [20544]/Otras sociedades financieras [20366]'),Node('/BCCR/Sector Monetario y Financiero/Balance sectorial de las otras sociedades de depósito: instr [19994]/Préstamos [20544]/Otras sociedades financieras [20366]')
20367,Otras sociedades financieras,Otras sociedades financieras,E07.27.01.03.00.00.00.00.00.M.CRC,Mensual,CRC,4,Colón Costarricense,Millones,M,M.CRC,Node('/BCCR/Sector Monetario y Financiero/Balance sectorial de las otras sociedades de depósito: instr [19993]/Depósitos [20095]/Otras sociedades financieras [20367]'),Node('/BCCR/Sector Monetario y Financiero/Balance sectorial de las otras sociedades de depósito: instr [19993]/Depósitos [20095]/Otras sociedades financieras [20367]')
20368,Otras sociedades financieras,Otras sociedades financieras,E07.27.02.04.00.00.00.00.00.M.CRC,Mensual,CRC,4,Colón Costarricense,Millones,M,M.CRC,Node('/BCCR/Sector Monetario y Financiero/Balance sectorial de las otras sociedades de depósito: instr [19993]/Préstamos [20545]/Otras sociedades financieras [20368]'),Node('/BCCR/Sector Monetario y Financiero/Balance sectorial de las otras sociedades de depósito: instr [19993]/Préstamos [20545]/Otras sociedades financieras [20368]')
20369,Otras sociedades financieras,Otras sociedades financieras,E07.28.01.03.00.00.00.00.00.M.CRC,Mensual,CRC,4,Colón Costarricense,Millones,M,M.CRC,Node('/BCCR/Sector Monetario y Financiero/Balance sectorial de las otras sociedades de depósito: instr [19992]/Depósitos [20096]/Otras sociedades financieras [20369]'),Node('/BCCR/Sector Monetario y Financiero/Balance sectorial de las otras sociedades de depósito: instr [19992]/Depósitos [20096]/Otras sociedades financieras [20369]')
20370,Otras sociedades financieras,Otras sociedades financieras,E07.28.02.04.00.00.00.00.00.M.CRC,Mensual,CRC,4,Colón Costarricense,Millones,M,M.CRC,Node('/BCCR/Sector Monetario y Financiero/Balance sectorial de las otras sociedades de depósito: instr [19992]/Préstamos [20546]/Otras sociedades financieras [20370]'),Node('/BCCR/Sector Monetario y Financiero/Balance sectorial de las otras sociedades de depósito: instr [19992]/Préstamos [20546]/Otras sociedades financieras [20370]')
20371,Otras sociedades financieras,Otras sociedades financieras,E07.32.01.01.02.01.00.00.00.M.CRC,Mensual,CRC,4,Colón Costarricense,Millones,M,M.CRC,Node('/BCCR/Sector Monetario y Financiero/Liquidez total [20292]/M3 [20295]/M2 [20294]/Otros depósitos en poder de : [20443]/Otras sociedades financieras [20371]'),Node('/BCCR/Sector Monetario y Financiero/Liquidez total [20292]/M3 [20295]/M2 [20294]/Otros depósitos en poder de : [20443]/Otras sociedades financieras [20371]')
20372,Otras sociedades financieras,Otras sociedades financieras,E07.32.01.01.03.01.00.00.00.M.CRC,Mensual,CRC,4,Colón Costarricense,Millones,M,M.CRC,Node('/BCCR/Sector Monetario y Financiero/Liquidez total [20292]/M3 [20295]/M2 [20294]/Valores distintos de acciones MN (incluidos los del banco ce [20754]/Otras sociedades financieras [20372]'),Node('/BCCR/Sector Monetario y Financiero/Liquidez total [20292]/M3 [20295]/M2 [20294]/Valores distintos de acciones MN (incluidos los del banco ce [20754]/Otras sociedades financieras [20372]')
20373,Otras sociedades financieras,Otras sociedades financieras,E07.32.01.02.01.00.00.00.00.M.CRC,Mensual,CRC,4,Colón Costarricense,Millones,M,M.CRC,Node('/BCCR/Sector Monetario y Financiero/Liquidez total [20292]/M3 [20295]/Depósitos transferibles (ME) en poder de: [20138]/Otras sociedades financieras [20373]'),Node('/BCCR/Sector Monetario y Financiero/Liquidez total [20292]/M3 [20295]/Depósitos transferibles (ME) en poder de: [20138]/Otras sociedades financieras [20373]')
20374,Otras sociedades financieras,Otras sociedades financieras,E07.32.01.03.01.00.00.00.00.M.CRC,Mensual,CRC,4,Colón Costarricense,Millones,M,M.CRC,Node('/BCCR/Sector Monetario y Financiero/Liquidez total [20292]/M3 [20295]/Otros depósitos (ME) en poder de : [20442]/Otras sociedades financieras [20374]'),Node('/BCCR/Sector Monetario y Financiero/Liquidez total [20292]/M3 [20295]/Otros depósitos (ME) en poder de : [20442]/Otras sociedades financieras [20374]')
20375,Otras sociedades financieras,Otras sociedades financieras,E07.32.01.04.01.00.00.00.00.M.CRC,Mensual,CRC,4,Colón Costarricense,Millones,M,M.CRC,Node('/BCCR/Sector Monetario y Financiero/Liquidez total [20292]/M3 [20295]/Valores distintos de acciones (ME) en poder de: [20696]/Otras sociedades financieras [20375]'),Node('/BCCR/Sector Monetario y Financiero/Liquidez total [20292]/M3 [20295]/Valores distintos de acciones (ME) en poder de: [20696]/Otras sociedades financieras [20375]')
20376,Otras sociedades financieras,Otras sociedades financieras,E07.32.02.04.00.00.00.00.00.M.CRC,Mensual,CRC,4,Colón Costarricense,Millones,M,M.CRC,Node('/BCCR/Sector Monetario y Financiero/Liquidez total [20292]/Valores a corto plazo emitidos por otros sectores [20684]/Otras sociedades financieras [20376]'),Node('/BCCR/Sector Monetario y Financiero/Liquidez total [20292]/Valores a corto plazo emitidos por otros sectores [20684]/Otras sociedades financieras [20376]')
20377,Otras sociedades no financieras,Otras sociedades no financieras,E07.16.02.06.00.00.00.00.00.M.CRC,Mensual,CRC,4,Colón Costarricense,Millones,M,M.CRC,Node('/BCCR/Sector Monetario y Financiero/Panorama de otras sociedades de deposito [20507]/Activos internos [19974]/Otras sociedades no financieras [20377]'),Node('/BCCR/Sector Monetario y Financiero/Panorama de otras sociedades de deposito [20507]/Activos internos [19974]/Otras sociedades no financieras [20377]')
20378,Otras sociedades no financieras,Otras sociedades no financieras,E07.17.02.06.00.00.00.00.00.M.CRC,Mensual,CRC,4,Colón Costarricense,Millones,M,M.CRC,Node('/BCCR/Sector Monetario y Financiero/Panorama de bancos (excluidos offshore) [20504]/Activos internos [19975]/Otras sociedades no financieras [20378]'),Node('/BCCR/Sector Monetario y Financiero/Panorama de bancos (excluidos offshore) [20504]/Activos internos [19975]/Otras sociedades no financieras [20378]')
20379,Otras sociedades no financieras,Otras sociedades no financieras,E07.18.02.06.00.00.00.00.00.M.CRC,Mensual,CRC,4,Colón Costarricense,Millones,M,M.CRC,Node('/BCCR/Sector Monetario y Financiero/Panorama de otros intermediarios financieros [20509]/Activos internos [19976]/Otras sociedades no financieras [20379]'),Node('/BCCR/Sector Monetario y Financiero/Panorama de otros intermediarios financieros [20509]/Activos internos [19976]/Otras sociedades no financieras [20379]')
20380,Otras sociedades no financieras,Otras sociedades no financieras,E07.19.02.05.00.00.00.00.00.M.CRC,Mensual,CRC,4,Colón Costarricense,Millones,M,M.CRC,Node('/BCCR/Sector Monetario y Financiero/Panorama de las sociedades de deposito [20505]/Activos internos [19977]/Otras sociedades no financieras [20380]'),Node('/BCCR/Sector Monetario y Financiero/Panorama de las sociedades de deposito [20505]/Activos internos [19977]/Otras sociedades no financieras [20380]')
20381,Otras sociedades no financieras,Otras sociedades no financieras,E07.23.02.04.00.00.00.00.00.M.CRC,Mensual,CRC,4,Colón Costarricense,Millones,M,M.CRC,Node('/BCCR/Sector Monetario y Financiero/Balance sectorial de las otras sociedades de depósito: instr [19991]/Valores distintos de acciones [20687]/Otras sociedades no financieras [20381]'),Node('/BCCR/Sector Monetario y Financiero/Balance sectorial de las otras sociedades de depósito: instr [19991]/Valores distintos de acciones [20687]/Otras sociedades no financieras [20381]')
20382,Otras sociedades no financieras,Otras sociedades no financieras,E07.23.03.07.00.00.00.00.00.M.CRC,Mensual,CRC,4,Colón Costarricense,Millones,M,M.CRC,Node('/BCCR/Sector Monetario y Financiero/Balance sectorial de las otras sociedades de depósito: instr [19991]/Préstamos [20541]/Otras sociedades no financieras [20382]'),Node('/BCCR/Sector Monetario y Financiero/Balance sectorial de las otras sociedades de depósito: instr [19991]/Préstamos [20541]/Otras sociedades no financieras [20382]')
20383,Otras sociedades no financieras,Otras sociedades no financieras,E07.24.02.04.00.00.00.00.00.M.CRC,Mensual,CRC,4,Colón Costarricense,Millones,M,M.CRC,Node('/BCCR/Sector Monetario y Financiero/Balance sectorial de las otras sociedades de deposito: instr [19990]/Valores distintos de acciones [20688]/Otras sociedades no financieras [20383]'),Node('/BCCR/Sector Monetario y Financiero/Balance sectorial de las otras sociedades de deposito: instr [19990]/Valores distintos de acciones [20688]/Otras sociedades no financieras [20383]')
20384,Otras sociedades no financieras,Otras sociedades no financieras,E07.24.03.07.00.00.00.00.00.M.CRC,Mensual,CRC,4,Colón Costarricense,Millones,M,M.CRC,Node('/BCCR/Sector Monetario y Financiero/Balance sectorial de las otras sociedades de deposito: instr [19990]/Préstamos [20542]/Otras sociedades no financieras [20384]'),Node('/BCCR/Sector Monetario y Financiero/Balance sectorial de las otras sociedades de deposito: instr [19990]/Préstamos [20542]/Otras sociedades no financieras [20384]')
20385,Otras sociedades no financieras,Otras sociedades no financieras,E07.25.02.04.00.00.00.00.00.M.CRC,Mensual,CRC,4,Colón Costarricense,Millones,M,M.CRC,Node('/BCCR/Sector Monetario y Financiero/Balance sectorial de las otras sociedades de depósito: instr [19989]/Valores distintos de acciones [20689]/Otras sociedades no financieras [20385]'),Node('/BCCR/Sector Monetario y Financiero/Balance sectorial de las otras sociedades de depósito: instr [19989]/Valores distintos de acciones [20689]/Otras sociedades no financieras [20385]')
20386,Otras sociedades no financieras,Otras sociedades no financieras,E07.25.03.07.00.00.00.00.00.M.CRC,Mensual,CRC,4,Colón Costarricense,Millones,M,M.CRC,Node('/BCCR/Sector Monetario y Financiero/Balance sectorial de las otras sociedades de depósito: instr [19989]/Préstamos [20543]/Otras sociedades no financieras [20386]'),Node('/BCCR/Sector Monetario y Financiero/Balance sectorial de las otras sociedades de depósito: instr [19989]/Préstamos [20543]/Otras sociedades no financieras [20386]')
20387,Otras sociedades no financieras,Otras sociedades no financieras,E07.26.01.07.00.00.00.00.00.M.CRC,Mensual,CRC,4,Colón Costarricense,Millones,M,M.CRC,Node('/BCCR/Sector Monetario y Financiero/Balance sectorial de las otras sociedades de depósito: instr [19994]/Depósitos [20094]/Otras sociedades no financieras [20387]'),Node('/BCCR/Sector Monetario y Financiero/Balance sectorial de las otras sociedades de depósito: instr [19994]/Depósitos [20094]/Otras sociedades no financieras [20387]')
20388,Otras sociedades no financieras,Otras sociedades no financieras,E07.27.01.07.00.00.00.00.00.M.CRC,Mensual,CRC,4,Colón Costarricense,Millones,M,M.CRC,Node('/BCCR/Sector Monetario y Financiero/Balance sectorial de las otras sociedades de depósito: instr [19993]/Depósitos [20095]/Otras sociedades no financieras [20388]'),Node('/BCCR/Sector Monetario y Financiero/Balance sectorial de las otras sociedades de depósito: instr [19993]/Depósitos [20095]/Otras sociedades no financieras [20388]')
20389,Otras sociedades no financieras,Otras sociedades no financieras,E07.28.01.07.00.00.00.00.00.M.CRC,Mensual,CRC,4,Colón Costarricense,Millones,M,M.CRC,Node('/BCCR/Sector Monetario y Financiero/Balance sectorial de las otras sociedades de depósito: instr [19992]/Depósitos [20096]/Otras sociedades no financieras [20389]'),Node('/BCCR/Sector Monetario y Financiero/Balance sectorial de las otras sociedades de depósito: instr [19992]/Depósitos [20096]/Otras sociedades no financieras [20389]')
20390,Otras sociedades no financieras,Otras sociedades no financieras,E07.32.01.01.01.02.04.00.00.M.CRC,Mensual,CRC,4,Colón Costarricense,Millones,M,M.CRC,Node('/BCCR/Sector Monetario y Financiero/Liquidez total [20292]/M3 [20295]/M2 [20294]/M1 [20293]/Depósitos transferibles (MN) en poder de : [20139]/Otras sociedades no financieras [20390]'),Node('/BCCR/Sector Monetario y Financiero/Liquidez total [20292]/M3 [20295]/M2 [20294]/M1 [20293]/Depósitos transferibles (MN) en poder de : [20139]/Otras sociedades no financieras [20390]')
20391,Otras sociedades no financieras,Otras sociedades no financieras,E07.32.01.01.02.04.00.00.00.M.CRC,Mensual,CRC,4,Colón Costarricense,Millones,M,M.CRC,Node('/BCCR/Sector Monetario y Financiero/Liquidez total [20292]/M3 [20295]/M2 [20294]/Otros depósitos en poder de : [20443]/Otras sociedades no financieras [20391]'),Node('/BCCR/Sector Monetario y Financiero/Liquidez total [20292]/M3 [20295]/M2 [20294]/Otros depósitos en poder de : [20443]/Otras sociedades no financieras [20391]')
20392,Otras sociedades no financieras,Otras sociedades no financieras,E07.32.01.01.03.04.00.00.00.M.CRC,Mensual,CRC,4,Colón Costarricense,Millones,M,M.CRC,Node('/BCCR/Sector Monetario y Financiero/Liquidez total [20292]/M3 [20295]/M2 [20294]/Valores distintos de acciones MN (incluidos los del banco ce [20754]/Otras sociedades no financieras [20392]'),Node('/BCCR/Sector Monetario y Financiero/Liquidez total [20292]/M3 [20295]/M2 [20294]/Valores distintos de acciones MN (incluidos los del banco ce [20754]/Otras sociedades no financieras [20392]')
20393,Otras sociedades no financieras,Otras sociedades no financieras,E07.32.01.02.04.00.00.00.00.M.CRC,Mensual,CRC,4,Colón Costarricense,Millones,M,M.CRC,Node('/BCCR/Sector Monetario y Financiero/Liquidez total [20292]/M3 [20295]/Depósitos transferibles (ME) en poder de: [20138]/Otras sociedades no financieras [20393]'),Node('/BCCR/Sector Monetario y Financiero/Liquidez total [20292]/M3 [20295]/Depósitos transferibles (ME) en poder de: [20138]/Otras sociedades no financieras [20393]')
20394,Otras sociedades no financieras,Otras sociedades no financieras,E07.32.01.03.04.00.00.00.00.M.CRC,Mensual,CRC,4,Colón Costarricense,Millones,M,M.CRC,Node('/BCCR/Sector Monetario y Financiero/Liquidez total [20292]/M3 [20295]/Otros depósitos (ME) en poder de : [20442]/Otras sociedades no financieras [20394]'),Node('/BCCR/Sector Monetario y Financiero/Liquidez total [20292]/M3 [20295]/Otros depósitos (ME) en poder de : [20442]/Otras sociedades no financieras [20394]')
20395,Otras sociedades no financieras,Otras sociedades no financieras,E07.32.02.05.00.00.00.00.00.M.CRC,Mensual,CRC,4,Colón Costarricense,Millones,M,M.CRC,Node('/BCCR/Sector Monetario y Financiero/Liquidez total [20292]/Valores a corto plazo emitidos por otros sectores [20684]/Otras sociedades no financieras [20395]'),Node('/BCCR/Sector Monetario y Financiero/Liquidez total [20292]/Valores a corto plazo emitidos por otros sectores [20684]/Otras sociedades no financieras [20395]')
20396,Otros (AEN),Otros (AEN),E07.15.01.01.02.00.00.00.00.M.CRC,Mensual,CRC,4,Colón Costarricense,Millones,M,M.CRC,Node('/BCCR/Sector Monetario y Financiero/Panorama del Banco Central [20510]/Activos Externos Netos [19963]/Activos frente a no residentes [19973]/Otros (AEN) [20396]'),Node('/BCCR/Sector Monetario y Financiero/Panorama del Banco Central [20510]/Activos Externos Netos [19963]/Activos frente a no residentes [19973]/Otros (AEN) [20396]')
20397,Otros activos,Otros activos,E07.20.02.04.03.00.00.00.00.M.CRC,Mensual,CRC,4,Colón Costarricense,Millones,M,M.CRC,Node('/BCCR/Sector Monetario y Financiero/Panorama de otras sociedades financieras [20508]/Activos internos [19978]/Banco central [20000]/Otros activos [20397]'),Node('/BCCR/Sector Monetario y Financiero/Panorama de otras sociedades financieras [20508]/Activos internos [19978]/Banco central [20000]/Otros activos [20397]')
20398,Otros activos,Otros activos,E07.23.04.00.00.00.00.00.00.M.CRC,Mensual,CRC,4,Colón Costarricense,Millones,M,M.CRC,Node('/BCCR/Sector Monetario y Financiero/Balance sectorial de las otras sociedades de depósito: instr [19991]/Otros activos [20398]'),Node('/BCCR/Sector Monetario y Financiero/Balance sectorial de las otras sociedades de depósito: instr [19991]/Otros activos [20398]')
20399,Otros activos,Otros activos,E07.24.04.00.00.00.00.00.00.M.CRC,Mensual,CRC,4,Colón Costarricense,Millones,M,M.CRC,Node('/BCCR/Sector Monetario y Financiero/Balance sectorial de las otras sociedades de deposito: instr [19990]/Otros activos [20399]'),Node('/BCCR/Sector Monetario y Financiero/Balance sectorial de las otras sociedades de deposito: instr [19990]/Otros activos [20399]')
20400,Otros activos,Otros activos,E07.25.04.00.00.00.00.00.00.M.CRC,Mensual,CRC,4,Colón Costarricense,Millones,M,M.CRC,Node('/BCCR/Sector Monetario y Financiero/Balance sectorial de las otras sociedades de depósito: instr [19989]/Otros activos [20400]'),Node('/BCCR/Sector Monetario y Financiero/Balance sectorial de las otras sociedades de depósito: instr [19989]/Otros activos [20400]')
20403,Otros activos,Otros activos,E07.40.01.01.02.00.00.00.00.M.USD,Mensual,USD,3,Dólar EEUU,Miles,M,M.USD,Node('/BCCR/Sector Monetario y Financiero/Activos externos netos [19964]/Banco Central [20011]/Activos externos [19956]/Otros activos [20403]'),Node('/BCCR/Sector Monetario y Financiero/Activos externos netos [19964]/Banco Central [20011]/Activos externos [19956]/Otros activos [20403]')
20404,Otros Activos,Otros Activos,E07.36.01.03.00.00.00.00.00.M.CRC,Mensual,CRC,4,Colón Costarricense,Millones,M,M.CRC,Node('/BCCR/Sector Monetario y Financiero/Crédito al sector público no financiero del banco central [20085]/Activos [19952]/Otros Activos [20404]'),Node('/BCCR/Sector Monetario y Financiero/Crédito al sector público no financiero del banco central [20085]/Activos [19952]/Otros Activos [20404]')
20405,Otros Activos,Otros Activos,E07.37.01.03.00.00.00.00.00.M.CRC,Mensual,CRC,4,Colón Costarricense,Millones,M,M.CRC,Node('/BCCR/Sector Monetario y Financiero/Crédito al sector público no financiero de las otras socieda [20084]/Activos [19953]/Otros Activos [20405]'),Node('/BCCR/Sector Monetario y Financiero/Crédito al sector público no financiero de las otras socieda [20084]/Activos [19953]/Otros Activos [20405]')
20428,Otros Activos de Reservas Oficiales,Otros Activos de Reservas Oficiales,E07.40.01.01.01.04.00.00.00.M.USD,Mensual,USD,3,Dólar EEUU,Miles,M,M.USD,Node('/BCCR/Sector Monetario y Financiero/Activos externos netos [19964]/Banco Central [20011]/Activos externos [19956]/Activos de reserva oficiales [19955]/Otros Activos de Reservas Oficiales [20428]'),Node('/BCCR/Sector Monetario y Financiero/Activos externos netos [19964]/Banco Central [20011]/Activos externos [19956]/Activos de reserva oficiales [19955]/Otros Activos de Reservas Oficiales [20428]')
20435,Otros activos financieros,Otros activos financieros,E07.22.01.06.00.00.00.00.00.M.CRC,Mensual,CRC,4,Colón Costarricense,Millones,M,M.CRC,Node('/BCCR/Sector Monetario y Financiero/Balance sectorial de las otras sociedades de depósito: resum [19995]/Activos [19947]/Otros activos financieros [20435]'),Node('/BCCR/Sector Monetario y Financiero/Balance sectorial de las otras sociedades de depósito: resum [19995]/Activos [19947]/Otros activos financieros [20435]')
20436,Otros activos/pasivos,Otros activos/pasivos,E07.40.02.04.00.00.00.00.00.M.USD,Mensual,USD,3,Dólar EEUU,Miles,M,M.USD,Node('/BCCR/Sector Monetario y Financiero/Activos externos netos [19964]/Otras sociedades de depósito [20355]/Otros activos/pasivos [20436]'),Node('/BCCR/Sector Monetario y Financiero/Activos externos netos [19964]/Otras sociedades de depósito [20355]/Otros activos/pasivos [20436]')
20437,Otros Consumos,Otros Consumos,E07.34.01.02.00.00.00.00.00.M.CRC,Mensual,CRC,4,Colón Costarricense,Millones,M,M.CRC,Node('/BCCR/Sector Monetario y Financiero/Prestamos de las otras sociedades de depósito al sector priv [20579]/Consumo [20081]/Otros Consumos [20437]'),Node('/BCCR/Sector Monetario y Financiero/Prestamos de las otras sociedades de depósito al sector priv [20579]/Consumo [20081]/Otros Consumos [20437]')
20438,Otros Consumos,Otros Consumos,E07.35.01.02.00.00.00.00.00.M.CRC,Mensual,CRC,4,Colón Costarricense,Millones,M,M.CRC,Node('/BCCR/Sector Monetario y Financiero/PRESTAMOS DE LAS OTRAS SOCIEDADES DE DEPÓSITO AL SECTOR PRIV [20578]/Consumo [20082]/Otros Consumos [20438]'),Node('/BCCR/Sector Monetario y Financiero/PRESTAMOS DE LAS OTRAS SOCIEDADES DE DEPÓSITO AL SECTOR PRIV [20578]/Consumo [20082]/Otros Consumos [20438]')
20439,Otros depósitos,Otros depósitos,E07.19.03.03.00.00.00.00.00.M.CRC,Mensual,CRC,1,Colón Costarricense,,M,M.CRC,Node('/BCCR/Sector Monetario y Financiero/Panorama de las sociedades de deposito [20505]/Dinero en sentido amplio [20146]/Otros depósitos [20439]'),Node('/BCCR/Sector Monetario y Financiero/Panorama de las sociedades de deposito [20505]/Dinero en sentido amplio [20146]/Otros depósitos [20439]')
20440,Otros depósitos,Otros depósitos,E07.31.01.02.02.00.00.00.00.M.CRC,Mensual,CRC,4,Colón Costarricense,Millones,M,M.CRC,Node('/BCCR/Sector Monetario y Financiero/Base monetaria [20012]/Base monetaria amplia [20014]/Pasivos frente a otras sociedades de depósito de encaje lega [20527]/Otros depósitos [20440]'),Node('/BCCR/Sector Monetario y Financiero/Base monetaria [20012]/Base monetaria amplia [20014]/Pasivos frente a otras sociedades de depósito de encaje lega [20527]/Otros depósitos [20440]')
20441,Otros depósitos,Otros depósitos,E07.31.01.03.01.00.00.00.00.M.CRC,Mensual,CRC,1,Colón Costarricense,,M,M.CRC,Node('/BCCR/Sector Monetario y Financiero/Base monetaria [20012]/Base monetaria amplia [20014]/Otros pasivos frente a otras sociedades de depósito a corto [20486]/Otros depósitos [20441]'),Node('/BCCR/Sector Monetario y Financiero/Base monetaria [20012]/Base monetaria amplia [20014]/Otros pasivos frente a otras sociedades de depósito a corto [20486]/Otros depósitos [20441]')
20442,Otros depósitos (ME) en poder de :,Otros depósitos (ME) en poder de :,E07.32.01.03.00.00.00.00.00.M.CRC,Mensual,CRC,4,Colón Costarricense,Millones,M,M.CRC,Node('/BCCR/Sector Monetario y Financiero/Liquidez total [20292]/M3 [20295]/Otros depósitos (ME) en poder de : [20442]'),Node('/BCCR/Sector Monetario y Financiero/Liquidez total [20292]/M3 [20295]/Otros depósitos (ME) en poder de : [20442]')
20443,Otros depósitos en poder de :,Otros depósitos en poder de :,E07.32.01.01.02.00.00.00.00.M.CRC,Mensual,CRC,4,Colón Costarricense,Millones,M,M.CRC,Node('/BCCR/Sector Monetario y Financiero/Liquidez total [20292]/M3 [20295]/M2 [20294]/Otros depósitos en poder de : [20443]'),Node('/BCCR/Sector Monetario y Financiero/Liquidez total [20292]/M3 [20295]/M2 [20294]/Otros depósitos en poder de : [20443]')
20444,Otros depósitos y valores,Otros depósitos y valores,E07.16.03.02.00.00.00.00.00.M.CRC,Mensual,CRC,4,Colón Costarricense,Millones,M,M.CRC,Node('/BCCR/Sector Monetario y Financiero/Panorama de otras sociedades de deposito [20507]/Pasivos incluidos en la definición de dinero en sentido ampl [20529]/Otros depósitos y valores [20444]'),Node('/BCCR/Sector Monetario y Financiero/Panorama de otras sociedades de deposito [20507]/Pasivos incluidos en la definición de dinero en sentido ampl [20529]/Otros depósitos y valores [20444]')
20445,Otros depósitos y valores,Otros depósitos y valores,E07.17.03.02.00.00.00.00.00.M.CRC,Mensual,CRC,4,Colón Costarricense,Millones,M,M.CRC,Node('/BCCR/Sector Monetario y Financiero/Panorama de bancos (excluidos offshore) [20504]/Pasivos incluidos en la definición de dinero en sentido ampl [20530]/Otros depósitos y valores [20445]'),Node('/BCCR/Sector Monetario y Financiero/Panorama de bancos (excluidos offshore) [20504]/Pasivos incluidos en la definición de dinero en sentido ampl [20530]/Otros depósitos y valores [20445]')
20446,Otros depósitos y valores,Otros depósitos y valores,E07.18.03.02.00.00.00.00.00.M.CRC,Mensual,CRC,4,Colón Costarricense,Millones,M,M.CRC,Node('/BCCR/Sector Monetario y Financiero/Panorama de otros intermediarios financieros [20509]/Pasivos incluidos en la definición de dinero en sentido ampl [20531]/Otros depósitos y valores [20446]'),Node('/BCCR/Sector Monetario y Financiero/Panorama de otros intermediarios financieros [20509]/Pasivos incluidos en la definición de dinero en sentido ampl [20531]/Otros depósitos y valores [20446]')
20447,Otros Partidas Netas,Otros Partidas Netas,E07.15.02.05.00.00.00.00.00.M.CRC,Mensual,CRC,4,Colón Costarricense,Millones,M,M.CRC,Node('/BCCR/Sector Monetario y Financiero/Panorama del Banco Central [20510]/Activos Internos [19980]/Otros Partidas Netas [20447]'),Node('/BCCR/Sector Monetario y Financiero/Panorama del Banco Central [20510]/Activos Internos [19980]/Otros Partidas Netas [20447]')
20448,Otros Pasivos,Otros Pasivos,E07.21.03.05.00.00.00.00.00.M.CRC,Mensual,CRC,4,Colón Costarricense,Millones,M,M.CRC,Node('/BCCR/Sector Monetario y Financiero/Panorama de las sociedades financieras [20506]/Pasivos [20514]/Otros Pasivos [20448]'),Node('/BCCR/Sector Monetario y Financiero/Panorama de las sociedades financieras [20506]/Pasivos [20514]/Otros Pasivos [20448]')
20449,Otros pasivos,Otros pasivos,E07.22.02.04.00.00.00.00.00.M.CRC,Mensual,CRC,4,Colón Costarricense,Millones,M,M.CRC,Node('/BCCR/Sector Monetario y Financiero/Balance sectorial de las otras sociedades de depósito: resum [19995]/Pasivos y capital [20533]/Otros pasivos [20449]'),Node('/BCCR/Sector Monetario y Financiero/Balance sectorial de las otras sociedades de depósito: resum [19995]/Pasivos y capital [20533]/Otros pasivos [20449]')
20450,Otros pasivos,Otros pasivos,E07.27.04.00.00.00.00.00.00.M.CRC,Mensual,CRC,4,Colón Costarricense,Millones,M,M.CRC,Node('/BCCR/Sector Monetario y Financiero/Balance sectorial de las otras sociedades de depósito: instr [19993]/Otros pasivos [20450]'),Node('/BCCR/Sector Monetario y Financiero/Balance sectorial de las otras sociedades de depósito: instr [19993]/Otros pasivos [20450]')
20451,Otros pasivos,Otros pasivos,E07.28.04.00.00.00.00.00.00.M.CRC,Mensual,CRC,4,Colón Costarricense,Millones,M,M.CRC,Node('/BCCR/Sector Monetario y Financiero/Balance sectorial de las otras sociedades de depósito: instr [19992]/Otros pasivos [20451]'),Node('/BCCR/Sector Monetario y Financiero/Balance sectorial de las otras sociedades de depósito: instr [19992]/Otros pasivos [20451]')
20453,Otros Pasivos,Otros Pasivos,E07.39.02.02.00.00.00.00.00.M.CRC,Mensual,CRC,1,Colón Costarricense,,M,M.CRC,Node('/BCCR/Sector Monetario y Financiero/Composición del capital y posición en moneda extranjera de [19862]/Pasivos [20515]/Otros Pasivos [20453]'),Node('/BCCR/Sector Monetario y Financiero/Composición del capital y posición en moneda extranjera de [19862]/Pasivos [20515]/Otros Pasivos [20453]')
20455,Otros pasivos,Otros pasivos,E07.40.01.02.02.00.00.00.00.M.USD,Mensual,USD,3,Dólar EEUU,Miles,M,M.USD,Node('/BCCR/Sector Monetario y Financiero/Activos externos netos [19964]/Banco Central [20011]/Pasivos externos [20519]/Otros pasivos [20455]'),Node('/BCCR/Sector Monetario y Financiero/Activos externos netos [19964]/Banco Central [20011]/Pasivos externos [20519]/Otros pasivos [20455]')
20456,Otros Pasivos,Otros Pasivos,E07.36.02.03.00.00.00.00.00.M.CRC,Mensual,CRC,4,Colón Costarricense,Millones,M,M.CRC,Node('/BCCR/Sector Monetario y Financiero/Crédito al sector público no financiero del banco central [20085]/Pasivos [20517]/Otros Pasivos [20456]'),Node('/BCCR/Sector Monetario y Financiero/Crédito al sector público no financiero del banco central [20085]/Pasivos [20517]/Otros Pasivos [20456]')
20457,Otros Pasivos,Otros Pasivos,E07.37.02.03.00.00.00.00.00.M.CRC,Mensual,CRC,4,Colón Costarricense,Millones,M,M.CRC,Node('/BCCR/Sector Monetario y Financiero/Crédito al sector público no financiero de las otras socieda [20084]/Pasivos [20518]/Otros Pasivos [20457]'),Node('/BCCR/Sector Monetario y Financiero/Crédito al sector público no financiero de las otras socieda [20084]/Pasivos [20518]/Otros Pasivos [20457]')
20486,Otros pasivos frente a otras sociedades de depósito a corto,Otros pasivos frente a otras sociedades de depósito a corto plazo,E07.31.01.03.00.00.00.00.00.M.CRC,Mensual,CRC,1,Colón Costarricense,,M,M.CRC,Node('/BCCR/Sector Monetario y Financiero/Base monetaria [20012]/Base monetaria amplia [20014]/Otros pasivos frente a otras sociedades de depósito a corto [20486]'),Node('/BCCR/Sector Monetario y Financiero/Base monetaria [20012]/Base monetaria amplia [20014]/Otros pasivos frente a otras sociedades de depósito a corto [20486]')
20487,Otros pasivos y capital,Otros pasivos y capital,E07.26.04.00.00.00.00.00.00.M.CRC,Mensual,CRC,4,Colón Costarricense,Millones,M,M.CRC,Node('/BCCR/Sector Monetario y Financiero/Balance sectorial de las otras sociedades de depósito: instr [19994]/Otros pasivos y capital [20487]'),Node('/BCCR/Sector Monetario y Financiero/Balance sectorial de las otras sociedades de depósito: instr [19994]/Otros pasivos y capital [20487]')
20488,Otros préstamos no clasificados,Otros préstamos no clasificados,E07.34.07.00.00.00.00.00.00.M.CRC,Mensual,CRC,4,Colón Costarricense,Millones,M,M.CRC,Node('/BCCR/Sector Monetario y Financiero/Prestamos de las otras sociedades de depósito al sector priv [20579]/Otros préstamos no clasificados [20488]'),Node('/BCCR/Sector Monetario y Financiero/Prestamos de las otras sociedades de depósito al sector priv [20579]/Otros préstamos no clasificados [20488]')
20489,Otros préstamos no clasificados,Otros préstamos no clasificados,E07.35.07.00.00.00.00.00.00.M.CRC,Mensual,CRC,4,Colón Costarricense,Millones,M,M.CRC,Node('/BCCR/Sector Monetario y Financiero/PRESTAMOS DE LAS OTRAS SOCIEDADES DE DEPÓSITO AL SECTOR PRIV [20578]/Otros préstamos no clasificados [20489]'),Node('/BCCR/Sector Monetario y Financiero/PRESTAMOS DE LAS OTRAS SOCIEDADES DE DEPÓSITO AL SECTOR PRIV [20578]/Otros préstamos no clasificados [20489]')
20490,Otros sectores,Otros sectores,E07.23.01.04.00.00.00.00.00.M.CRC,Mensual,CRC,4,Colón Costarricense,Millones,M,M.CRC,Node('/BCCR/Sector Monetario y Financiero/Balance sectorial de las otras sociedades de depósito: instr [19991]/Billetes y monedas y depósitos [20074]/Otros sectores [20490]'),Node('/BCCR/Sector Monetario y Financiero/Balance sectorial de las otras sociedades de depósito: instr [19991]/Billetes y monedas y depósitos [20074]/Otros sectores [20490]')
20491,Otros sectores,Otros sectores,E07.23.02.05.00.00.00.00.00.M.CRC,Mensual,CRC,4,Colón Costarricense,Millones,M,M.CRC,Node('/BCCR/Sector Monetario y Financiero/Balance sectorial de las otras sociedades de depósito: instr [19991]/Valores distintos de acciones [20687]/Otros sectores [20491]'),Node('/BCCR/Sector Monetario y Financiero/Balance sectorial de las otras sociedades de depósito: instr [19991]/Valores distintos de acciones [20687]/Otros sectores [20491]')
20492,Otros sectores,Otros sectores,E07.24.01.04.00.00.00.00.00.M.CRC,Mensual,CRC,4,Colón Costarricense,Millones,M,M.CRC,Node('/BCCR/Sector Monetario y Financiero/Balance sectorial de las otras sociedades de deposito: instr [19990]/Billetes y monedas y depósitos [20075]/Otros sectores [20492]'),Node('/BCCR/Sector Monetario y Financiero/Balance sectorial de las otras sociedades de deposito: instr [19990]/Billetes y monedas y depósitos [20075]/Otros sectores [20492]')
20493,Otros sectores,Otros sectores,E07.24.02.05.00.00.00.00.00.M.CRC,Mensual,CRC,4,Colón Costarricense,Millones,M,M.CRC,Node('/BCCR/Sector Monetario y Financiero/Balance sectorial de las otras sociedades de deposito: instr [19990]/Valores distintos de acciones [20688]/Otros sectores [20493]'),Node('/BCCR/Sector Monetario y Financiero/Balance sectorial de las otras sociedades de deposito: instr [19990]/Valores distintos de acciones [20688]/Otros sectores [20493]')
20494,Otros sectores,Otros sectores,E07.25.01.04.00.00.00.00.00.M.CRC,Mensual,CRC,4,Colón Costarricense,Millones,M,M.CRC,Node('/BCCR/Sector Monetario y Financiero/Balance sectorial de las otras sociedades de depósito: instr [19989]/Billetes y monedas y depósitos [20076]/Otros sectores [20494]'),Node('/BCCR/Sector Monetario y Financiero/Balance sectorial de las otras sociedades de depósito: instr [19989]/Billetes y monedas y depósitos [20076]/Otros sectores [20494]')
20495,Otros sectores,Otros sectores,E07.25.02.05.00.00.00.00.00.M.CRC,Mensual,CRC,4,Colón Costarricense,Millones,M,M.CRC,Node('/BCCR/Sector Monetario y Financiero/Balance sectorial de las otras sociedades de depósito: instr [19989]/Valores distintos de acciones [20689]/Otros sectores [20495]'),Node('/BCCR/Sector Monetario y Financiero/Balance sectorial de las otras sociedades de depósito: instr [19989]/Valores distintos de acciones [20689]/Otros sectores [20495]')
20496,Otros sectores,Otros sectores,E07.26.02.05.00.00.00.00.00.M.CRC,Mensual,CRC,4,Colón Costarricense,Millones,M,M.CRC,Node('/BCCR/Sector Monetario y Financiero/Balance sectorial de las otras sociedades de depósito: instr [19994]/Préstamos [20544]/Otros sectores [20496]'),Node('/BCCR/Sector Monetario y Financiero/Balance sectorial de las otras sociedades de depósito: instr [19994]/Préstamos [20544]/Otros sectores [20496]')
20497,Otros sectores,Otros sectores,E07.27.02.05.00.00.00.00.00.M.CRC,Mensual,CRC,4,Colón Costarricense,Millones,M,M.CRC,Node('/BCCR/Sector Monetario y Financiero/Balance sectorial de las otras sociedades de depósito: instr [19993]/Préstamos [20545]/Otros sectores [20497]'),Node('/BCCR/Sector Monetario y Financiero/Balance sectorial de las otras sociedades de depósito: instr [19993]/Préstamos [20545]/Otros sectores [20497]')
20498,Otros sectores,Otros sectores,E07.28.02.05.00.00.00.00.00.M.CRC,Mensual,CRC,4,Colón Costarricense,Millones,M,M.CRC,Node('/BCCR/Sector Monetario y Financiero/Balance sectorial de las otras sociedades de depósito: instr [19992]/Préstamos [20546]/Otros sectores [20498]'),Node('/BCCR/Sector Monetario y Financiero/Balance sectorial de las otras sociedades de depósito: instr [19992]/Préstamos [20546]/Otros sectores [20498]')
20499,Otros Sectores,Otros Sectores,E07.15.02.04.00.00.00.00.00.M.CRC,Mensual,CRC,4,Colón Costarricense,Millones,M,M.CRC,Node('/BCCR/Sector Monetario y Financiero/Panorama del Banco Central [20510]/Activos Internos [19980]/Otros Sectores [20499]'),Node('/BCCR/Sector Monetario y Financiero/Panorama del Banco Central [20510]/Activos Internos [19980]/Otros Sectores [20499]')
20500,Otros sectores,Otros sectores,E07.32.03.02.03.00.00.00.00.M.CRC,Mensual,CRC,4,Colón Costarricense,Millones,M,M.CRC,Node('/BCCR/Sector Monetario y Financiero/Liquidez total [20292]/Depósitos y valores a largo plazo [20142]/Valores a largo plazo emitidos por: [20685]/Otros sectores [20500]'),Node('/BCCR/Sector Monetario y Financiero/Liquidez total [20292]/Depósitos y valores a largo plazo [20142]/Valores a largo plazo emitidos por: [20685]/Otros sectores [20500]')
20501,Otros servicios,Otros servicios,E07.34.06.02.00.00.00.00.00.M.CRC,Mensual,CRC,4,Colón Costarricense,Millones,M,M.CRC,Node('/BCCR/Sector Monetario y Financiero/Prestamos de las otras sociedades de depósito al sector priv [20579]/Servicios [20621]/Otros servicios [20501]'),Node('/BCCR/Sector Monetario y Financiero/Prestamos de las otras sociedades de depósito al sector priv [20579]/Servicios [20621]/Otros servicios [20501]')
20502,Otros servicios,Otros servicios,E07.35.06.02.00.00.00.00.00.M.CRC,Mensual,CRC,4,Colón Costarricense,Millones,M,M.CRC,Node('/BCCR/Sector Monetario y Financiero/PRESTAMOS DE LAS OTRAS SOCIEDADES DE DEPÓSITO AL SECTOR PRIV [20578]/Servicios [20622]/Otros servicios [20502]'),Node('/BCCR/Sector Monetario y Financiero/PRESTAMOS DE LAS OTRAS SOCIEDADES DE DEPÓSITO AL SECTOR PRIV [20578]/Servicios [20622]/Otros servicios [20502]')
20503,Otros valores,Otros valores,E07.31.01.03.02.00.00.00.00.M.CRC,Mensual,CRC,1,Colón Costarricense,,M,M.CRC,Node('/BCCR/Sector Monetario y Financiero/Base monetaria [20012]/Base monetaria amplia [20014]/Otros pasivos frente a otras sociedades de depósito a corto [20486]/Otros valores [20503]'),Node('/BCCR/Sector Monetario y Financiero/Base monetaria [20012]/Base monetaria amplia [20014]/Otros pasivos frente a otras sociedades de depósito a corto [20486]/Otros valores [20503]')
20504,Panorama de bancos (excluidos offshore),Panorama de bancos (excluidos offshore),E07.17.00.00.00.00.00.00.00.M.CRC,Mensual,CRC,1,Colón Costarricense,,M,M.CRC,Node('/BCCR/Sector Monetario y Financiero/Panorama de bancos (excluidos offshore) [20504]'),Node('/BCCR/Sector Monetario y Financiero/Panorama de bancos (excluidos offshore) [20504]')
20505,Panorama de las sociedades de deposito,Panorama de las sociedades de deposito,E07.19.00.00.00.00.00.00.00.M.CRC,Mensual,CRC,1,Colón Costarricense,,M,M.CRC,Node('/BCCR/Sector Monetario y Financiero/Panorama de las sociedades de deposito [20505]'),Node('/BCCR/Sector Monetario y Financiero/Panorama de las sociedades de deposito [20505]')
20506,Panorama de las sociedades financieras,Panorama de las sociedades financieras,E07.21.00.00.00.00.00.00.00.M.CRC,Mensual,CRC,1,Colón Costarricense,,M,M.CRC,Node('/BCCR/Sector Monetario y Financiero/Panorama de las sociedades financieras [20506]'),Node('/BCCR/Sector Monetario y Financiero/Panorama de las sociedades financieras [20506]')
20507,Panorama de otras sociedades de deposito,Panorama de otras sociedades de deposito,E07.16.00.00.00.00.00.00.00.M.CRC,Mensual,CRC,1,Colón Costarricense,,M,M.CRC,Node('/BCCR/Sector Monetario y Financiero/Panorama de otras sociedades de deposito [20507]'),Node('/BCCR/Sector Monetario y Financiero/Panorama de otras sociedades de deposito [20507]')
20508,Panorama de otras sociedades financieras,Panorama de otras sociedades financieras,E07.20.00.00.00.00.00.00.00.M.CRC,Mensual,CRC,1,Colón Costarricense,,M,M.CRC,Node('/BCCR/Sector Monetario y Financiero/Panorama de otras sociedades financieras [20508]'),Node('/BCCR/Sector Monetario y Financiero/Panorama de otras sociedades financieras [20508]')
20509,Panorama de otros intermediarios financieros,Panorama de otros intermediarios financieros,E07.18.00.00.00.00.00.00.00.M.CRC,Mensual,CRC,1,Colón Costarricense,,M,M.CRC,Node('/BCCR/Sector Monetario y Financiero/Panorama de otros intermediarios financieros [20509]'),Node('/BCCR/Sector Monetario y Financiero/Panorama de otros intermediarios financieros [20509]')
20510,Panorama del Banco Central,Panorama del Banco Central,E07.15.00.00.00.00.00.00.00.M.CRC,Mensual,CRC,1,Colón Costarricense,,M,M.CRC,Node('/BCCR/Sector Monetario y Financiero/Panorama del Banco Central [20510]'),Node('/BCCR/Sector Monetario y Financiero/Panorama del Banco Central [20510]')
20511,Pasiva,Pasiva,E07.39.04.02.00.00.00.00.00.M.CRC,Mensual,CRC,4,Colón Costarricense,Millones,M,M.CRC,Node('/BCCR/Sector Monetario y Financiero/Composición del capital y posición en moneda extranjera de [19862]/Indice de dolarización [20287]/Pasiva [20511]'),Node('/BCCR/Sector Monetario y Financiero/Composición del capital y posición en moneda extranjera de [19862]/Indice de dolarización [20287]/Pasiva [20511]')
20512,Pasiva,Pasiva,E07.38.04.02.00.00.00.00.00.M.CRC,Mensual,CRC,4,Colón Costarricense,Millones,M,M.CRC,Node('/BCCR/Sector Monetario y Financiero/Composición del capital y posición en moneda extranjera del [19863]/Indice de dolarización [20288]/Pasiva [20512]'),Node('/BCCR/Sector Monetario y Financiero/Composición del capital y posición en moneda extranjera del [19863]/Indice de dolarización [20288]/Pasiva [20512]')
20513,Pasivos,Pasivos,E07.20.03.00.00.00.00.00.00.M.CRC,Mensual,CRC,4,Colón Costarricense,Millones,M,M.CRC,Node('/BCCR/Sector Monetario y Financiero/Panorama de otras sociedades financieras [20508]/Pasivos [20513]'),Node('/BCCR/Sector Monetario y Financiero/Panorama de otras sociedades financieras [20508]/Pasivos [20513]')
20514,Pasivos,Pasivos,E07.21.03.00.00.00.00.00.00.M.CRC,Mensual,CRC,4,Colón Costarricense,Millones,M,M.CRC,Node('/BCCR/Sector Monetario y Financiero/Panorama de las sociedades financieras [20506]/Pasivos [20514]'),Node('/BCCR/Sector Monetario y Financiero/Panorama de las sociedades financieras [20506]/Pasivos [20514]')
20515,Pasivos,Pasivos,E07.39.02.00.00.00.00.00.00.M.CRC,Mensual,CRC,4,Colón Costarricense,Millones,M,M.CRC,Node('/BCCR/Sector Monetario y Financiero/Composición del capital y posición en moneda extranjera de [19862]/Pasivos [20515]'),Node('/BCCR/Sector Monetario y Financiero/Composición del capital y posición en moneda extranjera de [19862]/Pasivos [20515]')
20516,Pasivos,Pasivos,E07.38.02.02.00.00.00.00.00.M.CRC,Mensual,CRC,1,Colón Costarricense,,M,M.CRC,Node('/BCCR/Sector Monetario y Financiero/Composición del capital y posición en moneda extranjera del [19863]/Pasivos y Acciones y otras participaciones de capital [20532]/Pasivos [20516]'),Node('/BCCR/Sector Monetario y Financiero/Composición del capital y posición en moneda extranjera del [19863]/Pasivos y Acciones y otras participaciones de capital [20532]/Pasivos [20516]')
20517,Pasivos,Pasivos,E07.36.02.00.00.00.00.00.00.M.CRC,Mensual,CRC,4,Colón Costarricense,Millones,M,M.CRC,Node('/BCCR/Sector Monetario y Financiero/Crédito al sector público no financiero del banco central [20085]/Pasivos [20517]'),Node('/BCCR/Sector Monetario y Financiero/Crédito al sector público no financiero del banco central [20085]/Pasivos [20517]')
20518,Pasivos,Pasivos,E07.37.02.00.00.00.00.00.00.M.CRC,Mensual,CRC,4,Colón Costarricense,Millones,M,M.CRC,Node('/BCCR/Sector Monetario y Financiero/Crédito al sector público no financiero de las otras socieda [20084]/Pasivos [20518]'),Node('/BCCR/Sector Monetario y Financiero/Crédito al sector público no financiero de las otras socieda [20084]/Pasivos [20518]')
20519,Pasivos externos,Pasivos externos,E07.40.01.02.00.00.00.00.00.M.USD,Mensual,USD,3,Dólar EEUU,Miles,M,M.USD,Node('/BCCR/Sector Monetario y Financiero/Activos externos netos [19964]/Banco Central [20011]/Pasivos externos [20519]'),Node('/BCCR/Sector Monetario y Financiero/Activos externos netos [19964]/Banco Central [20011]/Pasivos externos [20519]')
20520,Pasivos frente a no residentes,Pasivos frente a no residentes,E07.16.01.02.00.00.00.00.00.M.CRC,Mensual,CRC,4,Colón Costarricense,Millones,M,M.CRC,Node('/BCCR/Sector Monetario y Financiero/Panorama de otras sociedades de deposito [20507]/Activos externos netos [19957]/Pasivos frente a no residentes [20520]'),Node('/BCCR/Sector Monetario y Financiero/Panorama de otras sociedades de deposito [20507]/Activos externos netos [19957]/Pasivos frente a no residentes [20520]')
20521,Pasivos frente a no residentes,Pasivos frente a no residentes,E07.17.01.02.00.00.00.00.00.M.CRC,Mensual,CRC,4,Colón Costarricense,Millones,M,M.CRC,Node('/BCCR/Sector Monetario y Financiero/Panorama de bancos (excluidos offshore) [20504]/Activos externos netos [19958]/Pasivos frente a no residentes [20521]'),Node('/BCCR/Sector Monetario y Financiero/Panorama de bancos (excluidos offshore) [20504]/Activos externos netos [19958]/Pasivos frente a no residentes [20521]')
20522,Pasivos frente a no residentes,Pasivos frente a no residentes,E07.18.01.02.00.00.00.00.00.M.CRC,Mensual,CRC,4,Colón Costarricense,Millones,M,M.CRC,Node('/BCCR/Sector Monetario y Financiero/Panorama de otros intermediarios financieros [20509]/Activos externos netos [19959]/Pasivos frente a no residentes [20522]'),Node('/BCCR/Sector Monetario y Financiero/Panorama de otros intermediarios financieros [20509]/Activos externos netos [19959]/Pasivos frente a no residentes [20522]')
20523,Pasivos frente a no residentes,Pasivos frente a no residentes,E07.19.01.02.00.00.00.00.00.M.CRC,Mensual,CRC,4,Colón Costarricense,Millones,M,M.CRC,Node('/BCCR/Sector Monetario y Financiero/Panorama de las sociedades de deposito [20505]/Activos externos netos [19960]/Pasivos frente a no residentes [20523]'),Node('/BCCR/Sector Monetario y Financiero/Panorama de las sociedades de deposito [20505]/Activos externos netos [19960]/Pasivos frente a no residentes [20523]')
20524,Pasivos frente a no residentes,Pasivos frente a no residentes,E07.20.01.02.00.00.00.00.00.M.CRC,Mensual,CRC,4,Colón Costarricense,Millones,M,M.CRC,Node('/BCCR/Sector Monetario y Financiero/Panorama de otras sociedades financieras [20508]/Activos externos netos [19961]/Pasivos frente a no residentes [20524]'),Node('/BCCR/Sector Monetario y Financiero/Panorama de otras sociedades financieras [20508]/Activos externos netos [19961]/Pasivos frente a no residentes [20524]')
20525,Pasivos frente a no residentes,Pasivos frente a no residentes,E07.21.01.02.00.00.00.00.00.M.CRC,Mensual,CRC,4,Colón Costarricense,Millones,M,M.CRC,Node('/BCCR/Sector Monetario y Financiero/Panorama de las sociedades financieras [20506]/Activos externos netos [19962]/Pasivos frente a no residentes [20525]'),Node('/BCCR/Sector Monetario y Financiero/Panorama de las sociedades financieras [20506]/Activos externos netos [19962]/Pasivos frente a no residentes [20525]')
20526,Pasivos frente a no residentes,Pasivos frente a no residentes,E07.15.01.02.00.00.00.00.00.M.CRC,Mensual,CRC,1,Colón Costarricense,,M,M.CRC,Node('/BCCR/Sector Monetario y Financiero/Panorama del Banco Central [20510]/Activos Externos Netos [19963]/Pasivos frente a no residentes [20526]'),Node('/BCCR/Sector Monetario y Financiero/Panorama del Banco Central [20510]/Activos Externos Netos [19963]/Pasivos frente a no residentes [20526]')
20527,Pasivos frente a otras sociedades de depósito de encaje lega,Pasivos frente a otras sociedades de depósito de encaje legal (ME),E07.31.01.02.00.00.00.00.00.M.CRC,Mensual,CRC,1,Colón Costarricense,,M,M.CRC,Node('/BCCR/Sector Monetario y Financiero/Base monetaria [20012]/Base monetaria amplia [20014]/Pasivos frente a otras sociedades de depósito de encaje lega [20527]'),Node('/BCCR/Sector Monetario y Financiero/Base monetaria [20012]/Base monetaria amplia [20014]/Pasivos frente a otras sociedades de depósito de encaje lega [20527]')
20528,Pasivos frente a otras sociedades de depósito de encaje lega,Pasivos frente a otras sociedades de depósito de encaje legal (MN),E07.31.01.01.02.00.00.00.00.M.CRC,Mensual,CRC,1,Colón Costarricense,,M,M.CRC,Node('/BCCR/Sector Monetario y Financiero/Base monetaria [20012]/Base monetaria amplia [20014]/Base monetaria restringida [20015]/Pasivos frente a otras sociedades de depósito de encaje lega [20528]'),Node('/BCCR/Sector Monetario y Financiero/Base monetaria [20012]/Base monetaria amplia [20014]/Base monetaria restringida [20015]/Pasivos frente a otras sociedades de depósito de encaje lega [20528]')
20529,Pasivos incluidos en la definición de dinero en sentido ampl,Pasivos incluidos en la definición de dinero en sentido amplio,E07.16.03.00.00.00.00.00.00.M.CRC,Mensual,CRC,4,Colón Costarricense,Millones,M,M.CRC,Node('/BCCR/Sector Monetario y Financiero/Panorama de otras sociedades de deposito [20507]/Pasivos incluidos en la definición de dinero en sentido ampl [20529]'),Node('/BCCR/Sector Monetario y Financiero/Panorama de otras sociedades de deposito [20507]/Pasivos incluidos en la definición de dinero en sentido ampl [20529]')
20530,Pasivos incluidos en la definición de dinero en sentido ampl,Pasivos incluidos en la definición de dinero en sentido amplio,E07.17.03.00.00.00.00.00.00.M.CRC,Mensual,CRC,4,Colón Costarricense,Millones,M,M.CRC,Node('/BCCR/Sector Monetario y Financiero/Panorama de bancos (excluidos offshore) [20504]/Pasivos incluidos en la definición de dinero en sentido ampl [20530]'),Node('/BCCR/Sector Monetario y Financiero/Panorama de bancos (excluidos offshore) [20504]/Pasivos incluidos en la definición de dinero en sentido ampl [20530]')
20531,Pasivos incluidos en la definición de dinero en sentido ampl,Pasivos incluidos en la definición de dinero en sentido amplio,E07.18.03.00.00.00.00.00.00.M.CRC,Mensual,CRC,4,Colón Costarricense,Millones,M,M.CRC,Node('/BCCR/Sector Monetario y Financiero/Panorama de otros intermediarios financieros [20509]/Pasivos incluidos en la definición de dinero en sentido ampl [20531]'),Node('/BCCR/Sector Monetario y Financiero/Panorama de otros intermediarios financieros [20509]/Pasivos incluidos en la definición de dinero en sentido ampl [20531]')
20532,Pasivos y Acciones y otras participaciones de capital,Pasivos y Acciones y otras participaciones de capital,E07.38.02.00.00.00.00.00.00.M.CRC,Mensual,CRC,4,Colón Costarricense,Millones,M,M.CRC,Node('/BCCR/Sector Monetario y Financiero/Composición del capital y posición en moneda extranjera del [19863]/Pasivos y Acciones y otras participaciones de capital [20532]'),Node('/BCCR/Sector Monetario y Financiero/Composición del capital y posición en moneda extranjera del [19863]/Pasivos y Acciones y otras participaciones de capital [20532]')
20533,Pasivos y capital,Pasivos y capital,E07.22.02.00.00.00.00.00.00.M.CRC,Mensual,CRC,4,Colón Costarricense,Millones,M,M.CRC,Node('/BCCR/Sector Monetario y Financiero/Balance sectorial de las otras sociedades de depósito: resum [19995]/Pasivos y capital [20533]'),Node('/BCCR/Sector Monetario y Financiero/Balance sectorial de las otras sociedades de depósito: resum [19995]/Pasivos y capital [20533]')
20536,Posición de reserva en el FMI,Posición de reserva en el FMI,E07.40.01.01.01.05.00.00.00.M.USD,Mensual,USD,3,Dólar EEUU,Miles,M,M.USD,Node('/BCCR/Sector Monetario y Financiero/Activos externos netos [19964]/Banco Central [20011]/Activos externos [19956]/Activos de reserva oficiales [19955]/Posición de reserva en el FMI [20536]'),Node('/BCCR/Sector Monetario y Financiero/Activos externos netos [19964]/Banco Central [20011]/Activos externos [19956]/Activos de reserva oficiales [19955]/Posición de reserva en el FMI [20536]')
20537,Posición neta en moneda extranjera,Posición neta en moneda extranjera,E07.39.03.00.00.00.00.00.00.M.CRC,Mensual,CRC,4,Colón Costarricense,Millones,M,M.CRC,Node('/BCCR/Sector Monetario y Financiero/Composición del capital y posición en moneda extranjera de [19862]/Posición neta en moneda extranjera [20537]'),Node('/BCCR/Sector Monetario y Financiero/Composición del capital y posición en moneda extranjera de [19862]/Posición neta en moneda extranjera [20537]')
20538,Posición neta en moneda extranjera,Posición neta en moneda extranjera,E07.38.03.00.00.00.00.00.00.M.CRC,Mensual,CRC,4,Colón Costarricense,Millones,M,M.CRC,Node('/BCCR/Sector Monetario y Financiero/Composición del capital y posición en moneda extranjera del [19863]/Posición neta en moneda extranjera [20538]'),Node('/BCCR/Sector Monetario y Financiero/Composición del capital y posición en moneda extranjera del [19863]/Posición neta en moneda extranjera [20538]')
20539,Préstamos,Préstamos,E07.22.01.04.00.00.00.00.00.M.CRC,Mensual,CRC,4,Colón Costarricense,Millones,M,M.CRC,Node('/BCCR/Sector Monetario y Financiero/Balance sectorial de las otras sociedades de depósito: resum [19995]/Activos [19947]/Préstamos [20539]'),Node('/BCCR/Sector Monetario y Financiero/Balance sectorial de las otras sociedades de depósito: resum [19995]/Activos [19947]/Préstamos [20539]')
20540,Préstamos,Préstamos,E07.22.02.03.00.00.00.00.00.M.CRC,Mensual,CRC,4,Colón Costarricense,Millones,M,M.CRC,Node('/BCCR/Sector Monetario y Financiero/Balance sectorial de las otras sociedades de depósito: resum [19995]/Pasivos y capital [20533]/Préstamos [20540]'),Node('/BCCR/Sector Monetario y Financiero/Balance sectorial de las otras sociedades de depósito: resum [19995]/Pasivos y capital [20533]/Préstamos [20540]')
20541,Préstamos,Préstamos,E07.23.03.00.00.00.00.00.00.M.CRC,Mensual,CRC,1,Colón Costarricense,,M,M.CRC,Node('/BCCR/Sector Monetario y Financiero/Balance sectorial de las otras sociedades de depósito: instr [19991]/Préstamos [20541]'),Node('/BCCR/Sector Monetario y Financiero/Balance sectorial de las otras sociedades de depósito: instr [19991]/Préstamos [20541]')
20542,Préstamos,Préstamos,E07.24.03.00.00.00.00.00.00.M.CRC,Mensual,CRC,1,Colón Costarricense,,M,M.CRC,Node('/BCCR/Sector Monetario y Financiero/Balance sectorial de las otras sociedades de deposito: instr [19990]/Préstamos [20542]'),Node('/BCCR/Sector Monetario y Financiero/Balance sectorial de las otras sociedades de deposito: instr [19990]/Préstamos [20542]')
20543,Préstamos,Préstamos,E07.25.03.00.00.00.00.00.00.M.CRC,Mensual,CRC,1,Colón Costarricense,,M,M.CRC,Node('/BCCR/Sector Monetario y Financiero/Balance sectorial de las otras sociedades de depósito: instr [19989]/Préstamos [20543]'),Node('/BCCR/Sector Monetario y Financiero/Balance sectorial de las otras sociedades de depósito: instr [19989]/Préstamos [20543]')
20544,Préstamos,Préstamos,E07.26.02.00.00.00.00.00.00.M.CRC,Mensual,CRC,1,Colón Costarricense,,M,M.CRC,Node('/BCCR/Sector Monetario y Financiero/Balance sectorial de las otras sociedades de depósito: instr [19994]/Préstamos [20544]'),Node('/BCCR/Sector Monetario y Financiero/Balance sectorial de las otras sociedades de depósito: instr [19994]/Préstamos [20544]')
20545,Préstamos,Préstamos,E07.27.02.00.00.00.00.00.00.M.CRC,Mensual,CRC,1,Colón Costarricense,,M,M.CRC,Node('/BCCR/Sector Monetario y Financiero/Balance sectorial de las otras sociedades de depósito: instr [19993]/Préstamos [20545]'),Node('/BCCR/Sector Monetario y Financiero/Balance sectorial de las otras sociedades de depósito: instr [19993]/Préstamos [20545]')
20546,Préstamos,Préstamos,E07.28.02.00.00.00.00.00.00.M.CRC,Mensual,CRC,1,Colón Costarricense,,M,M.CRC,Node('/BCCR/Sector Monetario y Financiero/Balance sectorial de las otras sociedades de depósito: instr [19992]/Préstamos [20546]'),Node('/BCCR/Sector Monetario y Financiero/Balance sectorial de las otras sociedades de depósito: instr [19992]/Préstamos [20546]')
20551,Préstamos,Préstamos,E07.36.01.02.00.00.00.00.00.M.CRC,Mensual,CRC,4,Colón Costarricense,Millones,M,M.CRC,Node('/BCCR/Sector Monetario y Financiero/Crédito al sector público no financiero del banco central [20085]/Activos [19952]/Préstamos [20551]'),Node('/BCCR/Sector Monetario y Financiero/Crédito al sector público no financiero del banco central [20085]/Activos [19952]/Préstamos [20551]')
20552,Préstamos,Préstamos,E07.37.01.02.00.00.00.00.00.M.CRC,Mensual,CRC,1,Colón Costarricense,,M,M.CRC,Node('/BCCR/Sector Monetario y Financiero/Crédito al sector público no financiero de las otras socieda [20084]/Activos [19953]/Préstamos [20552]'),Node('/BCCR/Sector Monetario y Financiero/Crédito al sector público no financiero de las otras socieda [20084]/Activos [19953]/Préstamos [20552]')
20553,Préstamos (neto),Préstamos (neto),E07.40.02.03.00.00.00.00.00.M.USD,Mensual,USD,3,Dólar EEUU,Miles,M,M.USD,Node('/BCCR/Sector Monetario y Financiero/Activos externos netos [19964]/Otras sociedades de depósito [20355]/Préstamos (neto) [20553]'),Node('/BCCR/Sector Monetario y Financiero/Activos externos netos [19964]/Otras sociedades de depósito [20355]/Préstamos (neto) [20553]')
20578,PRESTAMOS DE LAS OTRAS SOCIEDADES DE DEPÓSITO AL SECTOR PRIV,PRESTAMOS DE LAS OTRAS SOCIEDADES DE DEPÓSITO AL SECTOR PRIVADO POR DESTINO ECONÓMICO EN ME,E07.35.00.00.00.00.00.00.00.M.CRC,Mensual,CRC,4,Colón Costarricense,Millones,M,M.CRC,Node('/BCCR/Sector Monetario y Financiero/PRESTAMOS DE LAS OTRAS SOCIEDADES DE DEPÓSITO AL SECTOR PRIV [20578]'),Node('/BCCR/Sector Monetario y Financiero/PRESTAMOS DE LAS OTRAS SOCIEDADES DE DEPÓSITO AL SECTOR PRIV [20578]')
20579,Prestamos de las otras sociedades de depósito al sector priv,Prestamos de las otras sociedades de depósito al sector priv,E07.34.00.00.00.00.00.00.00.M.CRC,Mensual,CRC,4,Colón Costarricense,Millones,M,M.CRC,Node('/BCCR/Sector Monetario y Financiero/Prestamos de las otras sociedades de depósito al sector priv [20579]'),Node('/BCCR/Sector Monetario y Financiero/Prestamos de las otras sociedades de depósito al sector priv [20579]')
20612,Reservas generales,Reservas generales,E07.39.02.01.04.00.00.00.00.M.CRC,Mensual,CRC,4,Colón Costarricense,Millones,M,M.CRC,Node('/BCCR/Sector Monetario y Financiero/Composición del capital y posición en moneda extranjera de [19862]/Pasivos [20515]/Acciones y otras participaciones de capital [19885]/Reservas generales [20612]'),Node('/BCCR/Sector Monetario y Financiero/Composición del capital y posición en moneda extranjera de [19862]/Pasivos [20515]/Acciones y otras participaciones de capital [19885]/Reservas generales [20612]')
20613,Reservas generales,Reservas generales,E07.38.02.01.04.00.00.00.00.M.CRC,Mensual,CRC,4,Colón Costarricense,Millones,M,M.CRC,Node('/BCCR/Sector Monetario y Financiero/Composición del capital y posición en moneda extranjera del [19863]/Pasivos y Acciones y otras participaciones de capital [20532]/Acciones y otras participaciones de capital [19888]/Reservas generales [20613]'),Node('/BCCR/Sector Monetario y Financiero/Composición del capital y posición en moneda extranjera del [19863]/Pasivos y Acciones y otras participaciones de capital [20532]/Acciones y otras participaciones de capital [19888]/Reservas generales [20613]')
20614,Reservas Internacionales Netas,Reservas Internacionales Netas,E07.15.01.03.00.00.00.00.00.M.CRC,Mensual,CRC,4,Colón Costarricense,Millones,M,M.CRC,Node('/BCCR/Sector Monetario y Financiero/Panorama del Banco Central [20510]/Activos Externos Netos [19963]/Reservas Internacionales Netas [20614]'),Node('/BCCR/Sector Monetario y Financiero/Panorama del Banco Central [20510]/Activos Externos Netos [19963]/Reservas Internacionales Netas [20614]')
20615,Reservas técnicas de seguros,Reservas técnicas de seguros,E07.20.03.01.00.00.00.00.00.M.CRC,Mensual,CRC,4,Colón Costarricense,Millones,M,M.CRC,Node('/BCCR/Sector Monetario y Financiero/Panorama de otras sociedades financieras [20508]/Pasivos [20513]/Reservas técnicas de seguros [20615]'),Node('/BCCR/Sector Monetario y Financiero/Panorama de otras sociedades financieras [20508]/Pasivos [20513]/Reservas técnicas de seguros [20615]')
20616,Reservas técnicas de seguros,Reservas técnicas de seguros,E07.21.03.04.00.00.00.00.00.M.CRC,Mensual,CRC,4,Colón Costarricense,Millones,M,M.CRC,Node('/BCCR/Sector Monetario y Financiero/Panorama de las sociedades financieras [20506]/Pasivos [20514]/Reservas técnicas de seguros [20616]'),Node('/BCCR/Sector Monetario y Financiero/Panorama de las sociedades financieras [20506]/Pasivos [20514]/Reservas técnicas de seguros [20616]')
20617,Resultados año corriente,Resultados año corriente,E07.39.02.01.03.00.00.00.00.M.CRC,Mensual,CRC,4,Colón Costarricense,Millones,M,M.CRC,Node('/BCCR/Sector Monetario y Financiero/Composición del capital y posición en moneda extranjera de [19862]/Pasivos [20515]/Acciones y otras participaciones de capital [19885]/Resultados año corriente [20617]'),Node('/BCCR/Sector Monetario y Financiero/Composición del capital y posición en moneda extranjera de [19862]/Pasivos [20515]/Acciones y otras participaciones de capital [19885]/Resultados año corriente [20617]')
20618,Resultados año corriente,Resultados año corriente,E07.38.02.01.03.00.00.00.00.M.CRC,Mensual,CRC,4,Colón Costarricense,Millones,M,M.CRC,Node('/BCCR/Sector Monetario y Financiero/Composición del capital y posición en moneda extranjera del [19863]/Pasivos y Acciones y otras participaciones de capital [20532]/Acciones y otras participaciones de capital [19888]/Resultados año corriente [20618]'),Node('/BCCR/Sector Monetario y Financiero/Composición del capital y posición en moneda extranjera del [19863]/Pasivos y Acciones y otras participaciones de capital [20532]/Acciones y otras participaciones de capital [19888]/Resultados año corriente [20618]')
20619,Resultados de periodos anteriores,Resultados de periodos anteriores,E07.38.02.01.02.00.00.00.00.M.CRC,Mensual,CRC,4,Colón Costarricense,Millones,M,M.CRC,Node('/BCCR/Sector Monetario y Financiero/Composición del capital y posición en moneda extranjera del [19863]/Pasivos y Acciones y otras participaciones de capital [20532]/Acciones y otras participaciones de capital [19888]/Resultados de periodos anteriores [20619]'),Node('/BCCR/Sector Monetario y Financiero/Composición del capital y posición en moneda extranjera del [19863]/Pasivos y Acciones y otras participaciones de capital [20532]/Acciones y otras participaciones de capital [19888]/Resultados de periodos anteriores [20619]')
20620,RIN,RIN,E07.40.01.03.00.00.00.00.00.M.USD,Mensual,USD,3,Dólar EEUU,Miles,M,M.USD,Node('/BCCR/Sector Monetario y Financiero/Activos externos netos [19964]/Banco Central [20011]/RIN [20620]'),Node('/BCCR/Sector Monetario y Financiero/Activos externos netos [19964]/Banco Central [20011]/RIN [20620]')
20621,Servicios,Servicios,E07.34.06.00.00.00.00.00.00.M.CRC,Mensual,CRC,1,Colón Costarricense,,M,M.CRC,Node('/BCCR/Sector Monetario y Financiero/Prestamos de las otras sociedades de depósito al sector priv [20579]/Servicios [20621]'),Node('/BCCR/Sector Monetario y Financiero/Prestamos de las otras sociedades de depósito al sector priv [20579]/Servicios [20621]')
20622,Servicios,Servicios,E07.35.06.00.00.00.00.00.00.M.CRC,Mensual,CRC,1,Colón Costarricense,,M,M.CRC,Node('/BCCR/Sector Monetario y Financiero/PRESTAMOS DE LAS OTRAS SOCIEDADES DE DEPÓSITO AL SECTOR PRIV [20578]/Servicios [20622]'),Node('/BCCR/Sector Monetario y Financiero/PRESTAMOS DE LAS OTRAS SOCIEDADES DE DEPÓSITO AL SECTOR PRIV [20578]/Servicios [20622]')
20623,Sociedades no financieras,Sociedades no financieras,E07.20.02.06.00.00.00.00.00.M.CRC,Mensual,CRC,4,Colón Costarricense,Millones,M,M.CRC,Node('/BCCR/Sector Monetario y Financiero/Panorama de otras sociedades financieras [20508]/Activos internos [19978]/Sociedades no financieras [20623]'),Node('/BCCR/Sector Monetario y Financiero/Panorama de otras sociedades financieras [20508]/Activos internos [19978]/Sociedades no financieras [20623]')
20624,Sociedades no financieras,Sociedades no financieras,E07.21.02.04.00.00.00.00.00.M.CRC,Mensual,CRC,4,Colón Costarricense,Millones,M,M.CRC,Node('/BCCR/Sector Monetario y Financiero/Panorama de las sociedades financieras [20506]/Activos internos [19979]/Sociedades no financieras [20624]'),Node('/BCCR/Sector Monetario y Financiero/Panorama de las sociedades financieras [20506]/Activos internos [19979]/Sociedades no financieras [20624]')
20625,Sociedades públicas no financieras,Sociedades públicas no financieras,E07.16.02.03.00.00.00.00.00.M.CRC,Mensual,CRC,4,Colón Costarricense,Millones,M,M.CRC,Node('/BCCR/Sector Monetario y Financiero/Panorama de otras sociedades de deposito [20507]/Activos internos [19974]/Sociedades públicas no financieras [20625]'),Node('/BCCR/Sector Monetario y Financiero/Panorama de otras sociedades de deposito [20507]/Activos internos [19974]/Sociedades públicas no financieras [20625]')
20626,Sociedades públicas no financieras,Sociedades públicas no financieras,E07.17.02.03.00.00.00.00.00.M.CRC,Mensual,CRC,4,Colón Costarricense,Millones,M,M.CRC,Node('/BCCR/Sector Monetario y Financiero/Panorama de bancos (excluidos offshore) [20504]/Activos internos [19975]/Sociedades públicas no financieras [20626]'),Node('/BCCR/Sector Monetario y Financiero/Panorama de bancos (excluidos offshore) [20504]/Activos internos [19975]/Sociedades públicas no financieras [20626]')
20627,Sociedades públicas no financieras,Sociedades públicas no financieras,E07.18.02.03.00.00.00.00.00.M.CRC,Mensual,CRC,4,Colón Costarricense,Millones,M,M.CRC,Node('/BCCR/Sector Monetario y Financiero/Panorama de otros intermediarios financieros [20509]/Activos internos [19976]/Sociedades públicas no financieras [20627]'),Node('/BCCR/Sector Monetario y Financiero/Panorama de otros intermediarios financieros [20509]/Activos internos [19976]/Sociedades públicas no financieras [20627]')
20628,Sociedades públicas no financieras,Sociedades públicas no financieras,E07.19.02.02.00.00.00.00.00.M.CRC,Mensual,CRC,4,Colón Costarricense,Millones,M,M.CRC,Node('/BCCR/Sector Monetario y Financiero/Panorama de las sociedades de deposito [20505]/Activos internos [19977]/Sociedades públicas no financieras [20628]'),Node('/BCCR/Sector Monetario y Financiero/Panorama de las sociedades de deposito [20505]/Activos internos [19977]/Sociedades públicas no financieras [20628]')
20629,Sociedades públicas no financieras,Sociedades públicas no financieras,E07.20.02.03.00.00.00.00.00.M.CRC,Mensual,CRC,4,Colón Costarricense,Millones,M,M.CRC,Node('/BCCR/Sector Monetario y Financiero/Panorama de otras sociedades financieras [20508]/Activos internos [19978]/Sociedades públicas no financieras [20629]'),Node('/BCCR/Sector Monetario y Financiero/Panorama de otras sociedades financieras [20508]/Activos internos [19978]/Sociedades públicas no financieras [20629]')
20630,Sociedades públicas no financieras,Sociedades públicas no financieras,E07.21.02.02.00.00.00.00.00.M.CRC,Mensual,CRC,4,Colón Costarricense,Millones,M,M.CRC,Node('/BCCR/Sector Monetario y Financiero/Panorama de las sociedades financieras [20506]/Activos internos [19979]/Sociedades públicas no financieras [20630]'),Node('/BCCR/Sector Monetario y Financiero/Panorama de las sociedades financieras [20506]/Activos internos [19979]/Sociedades públicas no financieras [20630]')
20631,Sociedades públicas no financieras,Sociedades públicas no financieras,E07.23.03.06.00.00.00.00.00.M.CRC,Mensual,CRC,4,Colón Costarricense,Millones,M,M.CRC,Node('/BCCR/Sector Monetario y Financiero/Balance sectorial de las otras sociedades de depósito: instr [19991]/Préstamos [20541]/Sociedades públicas no financieras [20631]'),Node('/BCCR/Sector Monetario y Financiero/Balance sectorial de las otras sociedades de depósito: instr [19991]/Préstamos [20541]/Sociedades públicas no financieras [20631]')
20632,Sociedades públicas no financieras,Sociedades públicas no financieras,E07.24.03.06.00.00.00.00.00.M.CRC,Mensual,CRC,4,Colón Costarricense,Millones,M,M.CRC,Node('/BCCR/Sector Monetario y Financiero/Balance sectorial de las otras sociedades de deposito: instr [19990]/Préstamos [20542]/Sociedades públicas no financieras [20632]'),Node('/BCCR/Sector Monetario y Financiero/Balance sectorial de las otras sociedades de deposito: instr [19990]/Préstamos [20542]/Sociedades públicas no financieras [20632]')
20633,Sociedades públicas no financieras,Sociedades públicas no financieras,E07.25.03.06.00.00.00.00.00.M.CRC,Mensual,CRC,4,Colón Costarricense,Millones,M,M.CRC,Node('/BCCR/Sector Monetario y Financiero/Balance sectorial de las otras sociedades de depósito: instr [19989]/Préstamos [20543]/Sociedades públicas no financieras [20633]'),Node('/BCCR/Sector Monetario y Financiero/Balance sectorial de las otras sociedades de depósito: instr [19989]/Préstamos [20543]/Sociedades públicas no financieras [20633]')
20634,Sociedades públicas no financieras,Sociedades públicas no financieras,E07.26.01.06.00.00.00.00.00.M.CRC,Mensual,CRC,4,Colón Costarricense,Millones,M,M.CRC,Node('/BCCR/Sector Monetario y Financiero/Balance sectorial de las otras sociedades de depósito: instr [19994]/Depósitos [20094]/Sociedades públicas no financieras [20634]'),Node('/BCCR/Sector Monetario y Financiero/Balance sectorial de las otras sociedades de depósito: instr [19994]/Depósitos [20094]/Sociedades públicas no financieras [20634]')
20635,Sociedades públicas no financieras,Sociedades públicas no financieras,E07.27.01.06.00.00.00.00.00.M.CRC,Mensual,CRC,4,Colón Costarricense,Millones,M,M.CRC,Node('/BCCR/Sector Monetario y Financiero/Balance sectorial de las otras sociedades de depósito: instr [19993]/Depósitos [20095]/Sociedades públicas no financieras [20635]'),Node('/BCCR/Sector Monetario y Financiero/Balance sectorial de las otras sociedades de depósito: instr [19993]/Depósitos [20095]/Sociedades públicas no financieras [20635]')
20636,Sociedades públicas no financieras,Sociedades públicas no financieras,E07.28.01.06.00.00.00.00.00.M.CRC,Mensual,CRC,4,Colón Costarricense,Millones,M,M.CRC,Node('/BCCR/Sector Monetario y Financiero/Balance sectorial de las otras sociedades de depósito: instr [19992]/Depósitos [20096]/Sociedades públicas no financieras [20636]'),Node('/BCCR/Sector Monetario y Financiero/Balance sectorial de las otras sociedades de depósito: instr [19992]/Depósitos [20096]/Sociedades públicas no financieras [20636]')
20637,Sociedades Públicas No Financieras,Sociedades Públicas No Financieras,E07.15.02.02.00.00.00.00.00.M.CRC,Mensual,CRC,4,Colón Costarricense,Millones,M,M.CRC,Node('/BCCR/Sector Monetario y Financiero/Panorama del Banco Central [20510]/Activos Internos [19980]/Sociedades Públicas No Financieras [20637]'),Node('/BCCR/Sector Monetario y Financiero/Panorama del Banco Central [20510]/Activos Internos [19980]/Sociedades Públicas No Financieras [20637]')
20638,Sociedades públicas no financieras,Sociedades públicas no financieras,E07.32.01.01.01.02.03.00.00.M.CRC,Mensual,CRC,4,Colón Costarricense,Millones,M,M.CRC,Node('/BCCR/Sector Monetario y Financiero/Liquidez total [20292]/M3 [20295]/M2 [20294]/M1 [20293]/Depósitos transferibles (MN) en poder de : [20139]/Sociedades públicas no financieras [20638]'),Node('/BCCR/Sector Monetario y Financiero/Liquidez total [20292]/M3 [20295]/M2 [20294]/M1 [20293]/Depósitos transferibles (MN) en poder de : [20139]/Sociedades públicas no financieras [20638]')
20639,Sociedades públicas no financieras,Sociedades públicas no financieras,E07.32.01.01.02.03.00.00.00.M.CRC,Mensual,CRC,4,Colón Costarricense,Millones,M,M.CRC,Node('/BCCR/Sector Monetario y Financiero/Liquidez total [20292]/M3 [20295]/M2 [20294]/Otros depósitos en poder de : [20443]/Sociedades públicas no financieras [20639]'),Node('/BCCR/Sector Monetario y Financiero/Liquidez total [20292]/M3 [20295]/M2 [20294]/Otros depósitos en poder de : [20443]/Sociedades públicas no financieras [20639]')
20640,Sociedades públicas no financieras,Sociedades públicas no financieras,E07.32.01.01.03.03.00.00.00.M.CRC,Mensual,CRC,4,Colón Costarricense,Millones,M,M.CRC,Node('/BCCR/Sector Monetario y Financiero/Liquidez total [20292]/M3 [20295]/M2 [20294]/Valores distintos de acciones MN (incluidos los del banco ce [20754]/Sociedades públicas no financieras [20640]'),Node('/BCCR/Sector Monetario y Financiero/Liquidez total [20292]/M3 [20295]/M2 [20294]/Valores distintos de acciones MN (incluidos los del banco ce [20754]/Sociedades públicas no financieras [20640]')
20641,Sociedades públicas no financieras,Sociedades públicas no financieras,E07.32.01.02.03.00.00.00.00.M.CRC,Mensual,CRC,4,Colón Costarricense,Millones,M,M.CRC,Node('/BCCR/Sector Monetario y Financiero/Liquidez total [20292]/M3 [20295]/Depósitos transferibles (ME) en poder de: [20138]/Sociedades públicas no financieras [20641]'),Node('/BCCR/Sector Monetario y Financiero/Liquidez total [20292]/M3 [20295]/Depósitos transferibles (ME) en poder de: [20138]/Sociedades públicas no financieras [20641]')
20642,Sociedades públicas no financieras,Sociedades públicas no financieras,E07.32.01.03.03.00.00.00.00.M.CRC,Mensual,CRC,4,Colón Costarricense,Millones,M,M.CRC,Node('/BCCR/Sector Monetario y Financiero/Liquidez total [20292]/M3 [20295]/Otros depósitos (ME) en poder de : [20442]/Sociedades públicas no financieras [20642]'),Node('/BCCR/Sector Monetario y Financiero/Liquidez total [20292]/M3 [20295]/Otros depósitos (ME) en poder de : [20442]/Sociedades públicas no financieras [20642]')
20643,Sociedades públicas no financieras,Sociedades públicas no financieras,E07.32.01.04.03.00.00.00.00.M.CRC,Mensual,CRC,4,Colón Costarricense,Millones,M,M.CRC,Node('/BCCR/Sector Monetario y Financiero/Liquidez total [20292]/M3 [20295]/Valores distintos de acciones (ME) en poder de: [20696]/Sociedades públicas no financieras [20643]'),Node('/BCCR/Sector Monetario y Financiero/Liquidez total [20292]/M3 [20295]/Valores distintos de acciones (ME) en poder de: [20696]/Sociedades públicas no financieras [20643]')
20644,Sociedades públicas no financieras,Sociedades públicas no financieras,E07.32.02.03.00.00.00.00.00.M.CRC,Mensual,CRC,4,Colón Costarricense,Millones,M,M.CRC,Node('/BCCR/Sector Monetario y Financiero/Liquidez total [20292]/Valores a corto plazo emitidos por otros sectores [20684]/Sociedades públicas no financieras [20644]'),Node('/BCCR/Sector Monetario y Financiero/Liquidez total [20292]/Valores a corto plazo emitidos por otros sectores [20684]/Sociedades públicas no financieras [20644]')
20645,Sociedades Públicas no Financieras,Sociedades Públicas no Financieras,E07.36.01.01.03.00.00.00.00.M.CRC,Mensual,CRC,4,Colón Costarricense,Millones,M,M.CRC,Node('/BCCR/Sector Monetario y Financiero/Crédito al sector público no financiero del banco central [20085]/Activos [19952]/Valores Distintos de Acciones [20694]/Sociedades Públicas no Financieras [20645]'),Node('/BCCR/Sector Monetario y Financiero/Crédito al sector público no financiero del banco central [20085]/Activos [19952]/Valores Distintos de Acciones [20694]/Sociedades Públicas no Financieras [20645]')
20646,Sociedades Públicas no Financieras,Sociedades Públicas no Financieras,E07.36.01.02.03.00.00.00.00.M.CRC,Mensual,CRC,4,Colón Costarricense,Millones,M,M.CRC,Node('/BCCR/Sector Monetario y Financiero/Crédito al sector público no financiero del banco central [20085]/Activos [19952]/Préstamos [20551]/Sociedades Públicas no Financieras [20646]'),Node('/BCCR/Sector Monetario y Financiero/Crédito al sector público no financiero del banco central [20085]/Activos [19952]/Préstamos [20551]/Sociedades Públicas no Financieras [20646]')
20647,Sociedades Públicas no Financieras,Sociedades Públicas no Financieras,E07.36.02.01.03.00.00.00.00.M.CRC,Mensual,CRC,4,Colón Costarricense,Millones,M,M.CRC,Node('/BCCR/Sector Monetario y Financiero/Crédito al sector público no financiero del banco central [20085]/Pasivos [20517]/Depósitos Transferibles y Otros [20140]/Sociedades Públicas no Financieras [20647]'),Node('/BCCR/Sector Monetario y Financiero/Crédito al sector público no financiero del banco central [20085]/Pasivos [20517]/Depósitos Transferibles y Otros [20140]/Sociedades Públicas no Financieras [20647]')
20648,Sociedades Públicas no Financieras,Sociedades Públicas no Financieras,E07.36.02.02.03.00.00.00.00.M.CRC,Mensual,CRC,4,Colón Costarricense,Millones,M,M.CRC,Node('/BCCR/Sector Monetario y Financiero/Crédito al sector público no financiero del banco central [20085]/Pasivos [20517]/Valores [20682]/Sociedades Públicas no Financieras [20648]'),Node('/BCCR/Sector Monetario y Financiero/Crédito al sector público no financiero del banco central [20085]/Pasivos [20517]/Valores [20682]/Sociedades Públicas no Financieras [20648]')
20649,Sociedades Públicas no Financieras,Sociedades Públicas no Financieras,E07.37.01.01.03.00.00.00.00.M.CRC,Mensual,CRC,4,Colón Costarricense,Millones,M,M.CRC,Node('/BCCR/Sector Monetario y Financiero/Crédito al sector público no financiero de las otras socieda [20084]/Activos [19953]/Valores Distintos de Acciones [20695]/Sociedades Públicas no Financieras [20649]'),Node('/BCCR/Sector Monetario y Financiero/Crédito al sector público no financiero de las otras socieda [20084]/Activos [19953]/Valores Distintos de Acciones [20695]/Sociedades Públicas no Financieras [20649]')
20650,Sociedades Públicas no Financieras,Sociedades Públicas no Financieras,E07.37.01.02.03.00.00.00.00.M.CRC,Mensual,CRC,4,Colón Costarricense,Millones,M,M.CRC,Node('/BCCR/Sector Monetario y Financiero/Crédito al sector público no financiero de las otras socieda [20084]/Activos [19953]/Préstamos [20552]/Sociedades Públicas no Financieras [20650]'),Node('/BCCR/Sector Monetario y Financiero/Crédito al sector público no financiero de las otras socieda [20084]/Activos [19953]/Préstamos [20552]/Sociedades Públicas no Financieras [20650]')
20651,Sociedades Públicas no Financieras,Sociedades Públicas no Financieras,E07.37.02.01.03.00.00.00.00.M.CRC,Mensual,CRC,4,Colón Costarricense,Millones,M,M.CRC,Node('/BCCR/Sector Monetario y Financiero/Crédito al sector público no financiero de las otras socieda [20084]/Pasivos [20518]/Depósitos Transferibles y Otros [20141]/Sociedades Públicas no Financieras [20651]'),Node('/BCCR/Sector Monetario y Financiero/Crédito al sector público no financiero de las otras socieda [20084]/Pasivos [20518]/Depósitos Transferibles y Otros [20141]/Sociedades Públicas no Financieras [20651]')
20652,Sociedades Públicas no Financieras,Sociedades Públicas no Financieras,E07.37.02.02.03.00.00.00.00.M.CRC,Mensual,CRC,4,Colón Costarricense,Millones,M,M.CRC,Node('/BCCR/Sector Monetario y Financiero/Crédito al sector público no financiero de las otras socieda [20084]/Pasivos [20518]/Valores [20683]/Sociedades Públicas no Financieras [20652]'),Node('/BCCR/Sector Monetario y Financiero/Crédito al sector público no financiero de las otras socieda [20084]/Pasivos [20518]/Valores [20683]/Sociedades Públicas no Financieras [20652]')
20653,Tarjetas de crédito,Tarjetas de crédito,E07.34.01.01.00.00.00.00.00.M.CRC,Mensual,CRC,4,Colón Costarricense,Millones,M,M.CRC,Node('/BCCR/Sector Monetario y Financiero/Prestamos de las otras sociedades de depósito al sector priv [20579]/Consumo [20081]/Tarjetas de crédito [20653]'),Node('/BCCR/Sector Monetario y Financiero/Prestamos de las otras sociedades de depósito al sector priv [20579]/Consumo [20081]/Tarjetas de crédito [20653]')
20654,Tarjetas de crédito,Tarjetas de crédito,E07.35.01.01.00.00.00.00.00.M.CRC,Mensual,CRC,4,Colón Costarricense,Millones,M,M.CRC,Node('/BCCR/Sector Monetario y Financiero/PRESTAMOS DE LAS OTRAS SOCIEDADES DE DEPÓSITO AL SECTOR PRIV [20578]/Consumo [20082]/Tarjetas de crédito [20654]'),Node('/BCCR/Sector Monetario y Financiero/PRESTAMOS DE LAS OTRAS SOCIEDADES DE DEPÓSITO AL SECTOR PRIV [20578]/Consumo [20082]/Tarjetas de crédito [20654]')
20655,Tasa,Tasa,E07.33.01.02.02.00.00.00.00.M.CRC,Mensual,CRC,7,Colón Costarricense,Unidades,M,M.CRC,Node('/BCCR/Sector Monetario y Financiero/Encaje bancario requerido y efectivo por monedas (bancos com [20148]/MN [20311]/Encaje requerido [20153]/Tasa [20655]'),Node('/BCCR/Sector Monetario y Financiero/Encaje bancario requerido y efectivo por monedas (bancos com [20148]/MN [20311]/Encaje requerido [20153]/Tasa [20655]')
20656,Tasa,Tasa,E07.33.01.03.02.00.00.00.00.M.CRC,Mensual,CRC,7,Colón Costarricense,Unidades,M,M.CRC,Node('/BCCR/Sector Monetario y Financiero/Encaje bancario requerido y efectivo por monedas (bancos com [20148]/MN [20311]/Encaje efectivo [20149]/Tasa [20656]'),Node('/BCCR/Sector Monetario y Financiero/Encaje bancario requerido y efectivo por monedas (bancos com [20148]/MN [20311]/Encaje efectivo [20149]/Tasa [20656]')
20657,Tasa,Tasa,E07.33.01.04.02.00.00.00.00.M.CRC,Mensual,CRC,1,Colón Costarricense,NO DEFINIDO,M,M.CRC,Node('/BCCR/Sector Monetario y Financiero/Encaje bancario requerido y efectivo por monedas (bancos com [20148]/MN [20311]/Encaje excedente/faltante [20151]/Tasa [20657]'),Node('/BCCR/Sector Monetario y Financiero/Encaje bancario requerido y efectivo por monedas (bancos com [20148]/MN [20311]/Encaje excedente/faltante [20151]/Tasa [20657]')
20658,Tasa,Tasa,E07.33.02.02.02.00.00.00.00.M.USD,Mensual,USD,7,Dólar EEUU,Unidades,M,M.USD,Node('/BCCR/Sector Monetario y Financiero/ME [20301]/Encaje requerido [20154]/Tasa [20658]'),Node('/BCCR/Sector Monetario y Financiero/ME [20301]/Encaje requerido [20154]/Tasa [20658]')
20659,Tasa,Tasa,E07.33.02.03.02.00.00.00.00.M.USD,Mensual,USD,7,Dólar EEUU,Unidades,M,M.USD,Node('/BCCR/Sector Monetario y Financiero/ME [20301]/Encaje efectivo [20150]/Tasa [20659]'),Node('/BCCR/Sector Monetario y Financiero/ME [20301]/Encaje efectivo [20150]/Tasa [20659]')
20660,Tasa,Tasa,E07.33.02.04.02.00.00.00.00.M.USD,Mensual,USD,7,Dólar EEUU,Unidades,M,M.USD,Node('/BCCR/Sector Monetario y Financiero/ME [20301]/Encaje excedente/faltante [20152]/Tasa [20660]'),Node('/BCCR/Sector Monetario y Financiero/ME [20301]/Encaje excedente/faltante [20152]/Tasa [20660]')
20661,Total Activos,Total Activos,E07.23.05.00.00.00.00.00.00.M.CRC,Mensual,CRC,4,Colón Costarricense,Millones,M,M.CRC,Node('/BCCR/Sector Monetario y Financiero/Balance sectorial de las otras sociedades de depósito: instr [19991]/Total Activos [20661]'),Node('/BCCR/Sector Monetario y Financiero/Balance sectorial de las otras sociedades de depósito: instr [19991]/Total Activos [20661]')
20662,Total Activos,Total Activos,E07.24.05.00.00.00.00.00.00.M.CRC,Mensual,CRC,4,Colón Costarricense,Millones,M,M.CRC,Node('/BCCR/Sector Monetario y Financiero/Balance sectorial de las otras sociedades de deposito: instr [19990]/Total Activos [20662]'),Node('/BCCR/Sector Monetario y Financiero/Balance sectorial de las otras sociedades de deposito: instr [19990]/Total Activos [20662]')
20663,Total Activos,Total Activos,E07.25.05.00.00.00.00.00.00.M.CRC,Mensual,CRC,4,Colón Costarricense,Millones,M,M.CRC,Node('/BCCR/Sector Monetario y Financiero/Balance sectorial de las otras sociedades de depósito: instr [19989]/Total Activos [20663]'),Node('/BCCR/Sector Monetario y Financiero/Balance sectorial de las otras sociedades de depósito: instr [19989]/Total Activos [20663]')
20664,Total pasivos,Total pasivos,E07.27.05.00.00.00.00.00.00.M.CRC,Mensual,CRC,4,Colón Costarricense,Millones,M,M.CRC,Node('/BCCR/Sector Monetario y Financiero/Balance sectorial de las otras sociedades de depósito: instr [19993]/Total pasivos [20664]'),Node('/BCCR/Sector Monetario y Financiero/Balance sectorial de las otras sociedades de depósito: instr [19993]/Total pasivos [20664]')
20665,Total Pasivos,Total Pasivos,E07.28.05.00.00.00.00.00.00.M.CRC,Mensual,CRC,4,Colón Costarricense,Millones,M,M.CRC,Node('/BCCR/Sector Monetario y Financiero/Balance sectorial de las otras sociedades de depósito: instr [19992]/Total Pasivos [20665]'),Node('/BCCR/Sector Monetario y Financiero/Balance sectorial de las otras sociedades de depósito: instr [19992]/Total Pasivos [20665]')
20666,Total pasivos y capital,Total pasivos y capital,E07.26.05.00.00.00.00.00.00.M.CRC,Mensual,CRC,4,Colón Costarricense,Millones,M,M.CRC,Node('/BCCR/Sector Monetario y Financiero/Balance sectorial de las otras sociedades de depósito: instr [19994]/Total pasivos y capital [20666]'),Node('/BCCR/Sector Monetario y Financiero/Balance sectorial de las otras sociedades de depósito: instr [19994]/Total pasivos y capital [20666]')
20667,"Transporte, almacenamiento y comunicaciones","Transporte, almacenamiento y comunicaciones",E07.34.06.01.00.00.00.00.00.M.CRC,Mensual,CRC,4,Colón Costarricense,Millones,M,M.CRC,"Node('/BCCR/Sector Monetario y Financiero/Prestamos de las otras sociedades de depósito al sector priv [20579]/Servicios [20621]/Transporte, almacenamiento y comunicaciones [20667]')","Node('/BCCR/Sector Monetario y Financiero/Prestamos de las otras sociedades de depósito al sector priv [20579]/Servicios [20621]/Transporte, almacenamiento y comunicaciones [20667]')"
20668,"Transporte, almacenamiento y comunicaciones","Transporte, almacenamiento y comunicaciones",E07.35.06.01.00.00.00.00.00.M.CRC,Mensual,CRC,4,Colón Costarricense,Millones,M,M.CRC,"Node('/BCCR/Sector Monetario y Financiero/PRESTAMOS DE LAS OTRAS SOCIEDADES DE DEPÓSITO AL SECTOR PRIV [20578]/Servicios [20622]/Transporte, almacenamiento y comunicaciones [20668]')","Node('/BCCR/Sector Monetario y Financiero/PRESTAMOS DE LAS OTRAS SOCIEDADES DE DEPÓSITO AL SECTOR PRIV [20578]/Servicios [20622]/Transporte, almacenamiento y comunicaciones [20668]')"
20669,Uso del crédito FMI,Uso del crédito FMI,E07.40.01.02.03.00.00.00.00.M.USD,Mensual,USD,3,Dólar EEUU,Miles,M,M.USD,Node('/BCCR/Sector Monetario y Financiero/Activos externos netos [19964]/Banco Central [20011]/Pasivos externos [20519]/Uso del crédito FMI [20669]'),Node('/BCCR/Sector Monetario y Financiero/Activos externos netos [19964]/Banco Central [20011]/Pasivos externos [20519]/Uso del crédito FMI [20669]')
20670,Utilidades retenidas años anteriores,Utilidades retenidas años anteriores,E07.39.02.01.02.00.00.00.00.M.CRC,Mensual,CRC,4,Colón Costarricense,Millones,M,M.CRC,Node('/BCCR/Sector Monetario y Financiero/Composición del capital y posición en moneda extranjera de [19862]/Pasivos [20515]/Acciones y otras participaciones de capital [19885]/Utilidades retenidas años anteriores [20670]'),Node('/BCCR/Sector Monetario y Financiero/Composición del capital y posición en moneda extranjera de [19862]/Pasivos [20515]/Acciones y otras participaciones de capital [19885]/Utilidades retenidas años anteriores [20670]')
20671,Valores,Valores,E07.16.02.04.03.00.00.00.00.M.CRC,Mensual,CRC,4,Colón Costarricense,Millones,M,M.CRC,Node('/BCCR/Sector Monetario y Financiero/Panorama de otras sociedades de deposito [20507]/Activos internos [19974]/Banco central [19997]/Valores [20671]'),Node('/BCCR/Sector Monetario y Financiero/Panorama de otras sociedades de deposito [20507]/Activos internos [19974]/Banco central [19997]/Valores [20671]')
20672,Valores,Valores,E07.17.02.04.03.00.00.00.00.M.CRC,Mensual,CRC,4,Colón Costarricense,Millones,M,M.CRC,Node('/BCCR/Sector Monetario y Financiero/Panorama de bancos (excluidos offshore) [20504]/Activos internos [19975]/Banco central [19998]/Valores [20672]'),Node('/BCCR/Sector Monetario y Financiero/Panorama de bancos (excluidos offshore) [20504]/Activos internos [19975]/Banco central [19998]/Valores [20672]')
20673,Valores,Valores,E07.18.02.04.03.00.00.00.00.M.CRC,Mensual,CRC,4,Colón Costarricense,Millones,M,M.CRC,Node('/BCCR/Sector Monetario y Financiero/Panorama de otros intermediarios financieros [20509]/Activos internos [19976]/Banco central [19999]/Valores [20673]'),Node('/BCCR/Sector Monetario y Financiero/Panorama de otros intermediarios financieros [20509]/Activos internos [19976]/Banco central [19999]/Valores [20673]')
20674,Valores,Valores,E07.19.03.04.00.00.00.00.00.M.CRC,Mensual,CRC,1,Colón Costarricense,,M,M.CRC,Node('/BCCR/Sector Monetario y Financiero/Panorama de las sociedades de deposito [20505]/Dinero en sentido amplio [20146]/Valores [20674]'),Node('/BCCR/Sector Monetario y Financiero/Panorama de las sociedades de deposito [20505]/Dinero en sentido amplio [20146]/Valores [20674]')
20675,Valores,Valores,E07.21.03.03.00.00.00.00.00.M.CRC,Mensual,CRC,1,Colón Costarricense,,M,M.CRC,Node('/BCCR/Sector Monetario y Financiero/Panorama de las sociedades financieras [20506]/Pasivos [20514]/Valores [20675]'),Node('/BCCR/Sector Monetario y Financiero/Panorama de las sociedades financieras [20506]/Pasivos [20514]/Valores [20675]')
20676,Valores,Valores,E07.26.03.00.00.00.00.00.00.M.CRC,Mensual,CRC,4,Colón Costarricense,Millones,M,M.CRC,Node('/BCCR/Sector Monetario y Financiero/Balance sectorial de las otras sociedades de depósito: instr [19994]/Valores [20676]'),Node('/BCCR/Sector Monetario y Financiero/Balance sectorial de las otras sociedades de depósito: instr [19994]/Valores [20676]')
20677,Valores,Valores,E07.27.03.00.00.00.00.00.00.M.CRC,Mensual,CRC,4,Colón Costarricense,Millones,M,M.CRC,Node('/BCCR/Sector Monetario y Financiero/Balance sectorial de las otras sociedades de depósito: instr [19993]/Valores [20677]'),Node('/BCCR/Sector Monetario y Financiero/Balance sectorial de las otras sociedades de depósito: instr [19993]/Valores [20677]')
20678,Valores,Valores,E07.28.03.00.00.00.00.00.00.M.CRC,Mensual,CRC,4,Colón Costarricense,Millones,M,M.CRC,Node('/BCCR/Sector Monetario y Financiero/Balance sectorial de las otras sociedades de depósito: instr [19992]/Valores [20678]'),Node('/BCCR/Sector Monetario y Financiero/Balance sectorial de las otras sociedades de depósito: instr [19992]/Valores [20678]')
20679,Valores,Valores,E07.31.01.01.02.02.00.00.00.M.CRC,Mensual,CRC,4,Colón Costarricense,Millones,M,M.CRC,Node('/BCCR/Sector Monetario y Financiero/Base monetaria [20012]/Base monetaria amplia [20014]/Base monetaria restringida [20015]/Pasivos frente a otras sociedades de depósito de encaje lega [20528]/Valores [20679]'),Node('/BCCR/Sector Monetario y Financiero/Base monetaria [20012]/Base monetaria amplia [20014]/Base monetaria restringida [20015]/Pasivos frente a otras sociedades de depósito de encaje lega [20528]/Valores [20679]')
20680,Valores,Valores,E07.31.01.02.03.00.00.00.00.M.CRC,Mensual,CRC,4,Colón Costarricense,Millones,M,M.CRC,Node('/BCCR/Sector Monetario y Financiero/Base monetaria [20012]/Base monetaria amplia [20014]/Pasivos frente a otras sociedades de depósito de encaje lega [20527]/Valores [20680]'),Node('/BCCR/Sector Monetario y Financiero/Base monetaria [20012]/Base monetaria amplia [20014]/Pasivos frente a otras sociedades de depósito de encaje lega [20527]/Valores [20680]')
20681,Valores,Valores,E07.40.01.01.01.03.00.00.00.M.USD,Mensual,USD,3,Dólar EEUU,Miles,M,M.USD,Node('/BCCR/Sector Monetario y Financiero/Activos externos netos [19964]/Banco Central [20011]/Activos externos [19956]/Activos de reserva oficiales [19955]/Valores [20681]'),Node('/BCCR/Sector Monetario y Financiero/Activos externos netos [19964]/Banco Central [20011]/Activos externos [19956]/Activos de reserva oficiales [19955]/Valores [20681]')
20682,Valores,Valores,E07.36.02.02.00.00.00.00.00.M.CRC,Mensual,CRC,4,Colón Costarricense,Millones,M,M.CRC,Node('/BCCR/Sector Monetario y Financiero/Crédito al sector público no financiero del banco central [20085]/Pasivos [20517]/Valores [20682]'),Node('/BCCR/Sector Monetario y Financiero/Crédito al sector público no financiero del banco central [20085]/Pasivos [20517]/Valores [20682]')
20683,Valores,Valores,E07.37.02.02.00.00.00.00.00.M.CRC,Mensual,CRC,1,Colón Costarricense,,M,M.CRC,Node('/BCCR/Sector Monetario y Financiero/Crédito al sector público no financiero de las otras socieda [20084]/Pasivos [20518]/Valores [20683]'),Node('/BCCR/Sector Monetario y Financiero/Crédito al sector público no financiero de las otras socieda [20084]/Pasivos [20518]/Valores [20683]')
20684,Valores a corto plazo emitidos por otros sectores,Valores a corto plazo emitidos por otros sectores,E07.32.02.00.00.00.00.00.00.M.CRC,Mensual,CRC,4,Colón Costarricense,Millones,M,M.CRC,Node('/BCCR/Sector Monetario y Financiero/Liquidez total [20292]/Valores a corto plazo emitidos por otros sectores [20684]'),Node('/BCCR/Sector Monetario y Financiero/Liquidez total [20292]/Valores a corto plazo emitidos por otros sectores [20684]')
20685,Valores a largo plazo emitidos por:,Valores a largo plazo emitidos por:,E07.32.03.02.00.00.00.00.00.M.CRC,Mensual,CRC,4,Colón Costarricense,Millones,M,M.CRC,Node('/BCCR/Sector Monetario y Financiero/Liquidez total [20292]/Depósitos y valores a largo plazo [20142]/Valores a largo plazo emitidos por: [20685]'),Node('/BCCR/Sector Monetario y Financiero/Liquidez total [20292]/Depósitos y valores a largo plazo [20142]/Valores a largo plazo emitidos por: [20685]')
20686,Valores distintos de acciones,Valores distintos de acciones,E07.22.02.02.00.00.00.00.00.M.CRC,Mensual,CRC,4,Colón Costarricense,Millones,M,M.CRC,Node('/BCCR/Sector Monetario y Financiero/Balance sectorial de las otras sociedades de depósito: resum [19995]/Pasivos y capital [20533]/Valores distintos de acciones [20686]'),Node('/BCCR/Sector Monetario y Financiero/Balance sectorial de las otras sociedades de depósito: resum [19995]/Pasivos y capital [20533]/Valores distintos de acciones [20686]')
20687,Valores distintos de acciones,Valores distintos de acciones,E07.23.02.00.00.00.00.00.00.M.CRC,Mensual,CRC,1,Colón Costarricense,,M,M.CRC,Node('/BCCR/Sector Monetario y Financiero/Balance sectorial de las otras sociedades de depósito: instr [19991]/Valores distintos de acciones [20687]'),Node('/BCCR/Sector Monetario y Financiero/Balance sectorial de las otras sociedades de depósito: instr [19991]/Valores distintos de acciones [20687]')
20688,Valores distintos de acciones,Valores distintos de acciones,E07.24.02.00.00.00.00.00.00.M.CRC,Mensual,CRC,1,Colón Costarricense,,M,M.CRC,Node('/BCCR/Sector Monetario y Financiero/Balance sectorial de las otras sociedades de deposito: instr [19990]/Valores distintos de acciones [20688]'),Node('/BCCR/Sector Monetario y Financiero/Balance sectorial de las otras sociedades de deposito: instr [19990]/Valores distintos de acciones [20688]')
20689,Valores distintos de acciones,Valores distintos de acciones,E07.25.02.00.00.00.00.00.00.M.CRC,Mensual,CRC,1,Colón Costarricense,,M,M.CRC,Node('/BCCR/Sector Monetario y Financiero/Balance sectorial de las otras sociedades de depósito: instr [19989]/Valores distintos de acciones [20689]'),Node('/BCCR/Sector Monetario y Financiero/Balance sectorial de las otras sociedades de depósito: instr [19989]/Valores distintos de acciones [20689]')
20694,Valores Distintos de Acciones,Valores Distintos de Acciones,E07.36.01.01.00.00.00.00.00.M.CRC,Mensual,CRC,4,Colón Costarricense,Millones,M,M.CRC,Node('/BCCR/Sector Monetario y Financiero/Crédito al sector público no financiero del banco central [20085]/Activos [19952]/Valores Distintos de Acciones [20694]'),Node('/BCCR/Sector Monetario y Financiero/Crédito al sector público no financiero del banco central [20085]/Activos [19952]/Valores Distintos de Acciones [20694]')
20695,Valores Distintos de Acciones,Valores Distintos de Acciones,E07.37.01.01.00.00.00.00.00.M.CRC,Mensual,CRC,1,Colón Costarricense,,M,M.CRC,Node('/BCCR/Sector Monetario y Financiero/Crédito al sector público no financiero de las otras socieda [20084]/Activos [19953]/Valores Distintos de Acciones [20695]'),Node('/BCCR/Sector Monetario y Financiero/Crédito al sector público no financiero de las otras socieda [20084]/Activos [19953]/Valores Distintos de Acciones [20695]')
20696,Valores distintos de acciones (ME) en poder de:,Valores distintos de acciones (ME) en poder de:,E07.32.01.04.00.00.00.00.00.M.CRC,Mensual,CRC,4,Colón Costarricense,Millones,M,M.CRC,Node('/BCCR/Sector Monetario y Financiero/Liquidez total [20292]/M3 [20295]/Valores distintos de acciones (ME) en poder de: [20696]'),Node('/BCCR/Sector Monetario y Financiero/Liquidez total [20292]/M3 [20295]/Valores distintos de acciones (ME) en poder de: [20696]')
20697,Valores distintos de acciones (tenencia),Valores distintos de acciones (tenencia),E07.22.01.03.00.00.00.00.00.M.CRC,Mensual,CRC,4,Colón Costarricense,Millones,M,M.CRC,Node('/BCCR/Sector Monetario y Financiero/Balance sectorial de las otras sociedades de depósito: resum [19995]/Activos [19947]/Valores distintos de acciones (tenencia) [20697]'),Node('/BCCR/Sector Monetario y Financiero/Balance sectorial de las otras sociedades de depósito: resum [19995]/Activos [19947]/Valores distintos de acciones (tenencia) [20697]')
20754,Valores distintos de acciones MN (incluidos los del banco ce,Valores distintos de acciones MN (incluidos los del banco central) en poder de :,E07.32.01.01.03.00.00.00.00.M.CRC,Mensual,CRC,4,Colón Costarricense,Millones,M,M.CRC,Node('/BCCR/Sector Monetario y Financiero/Liquidez total [20292]/M3 [20295]/M2 [20294]/Valores distintos de acciones MN (incluidos los del banco ce [20754]'),Node('/BCCR/Sector Monetario y Financiero/Liquidez total [20292]/M3 [20295]/M2 [20294]/Valores distintos de acciones MN (incluidos los del banco ce [20754]')
20755,Vivienda,Vivienda,E07.34.02.00.00.00.00.00.00.M.CRC,Mensual,CRC,4,Colón Costarricense,Millones,M,M.CRC,Node('/BCCR/Sector Monetario y Financiero/Prestamos de las otras sociedades de depósito al sector priv [20579]/Vivienda [20755]'),Node('/BCCR/Sector Monetario y Financiero/Prestamos de las otras sociedades de depósito al sector priv [20579]/Vivienda [20755]')
20756,Vivienda,Vivienda,E07.35.02.00.00.00.00.00.00.M.CRC,Mensual,CRC,4,Colón Costarricense,Millones,M,M.CRC,Node('/BCCR/Sector Monetario y Financiero/PRESTAMOS DE LAS OTRAS SOCIEDADES DE DEPÓSITO AL SECTOR PRIV [20578]/Vivienda [20756]'),Node('/BCCR/Sector Monetario y Financiero/PRESTAMOS DE LAS OTRAS SOCIEDADES DE DEPÓSITO AL SECTOR PRIV [20578]/Vivienda [20756]')
20845,Crédito otorgado por bancos comerciales a ISFLH,Crédito otorgado por bancos comerciales a ISFLH,E07.07.10.00.00.00.00.00.00.M.CRC,Mensual,CRC,4,Colón Costarricense,Millones,M,M.CRC,Node('/BCCR/Sector Monetario y Financiero/Crédito interno total [1494]/Crédito otorgado por bancos comerciales a ISFLH [20845]'),Node('/BCCR/Sector Monetario y Financiero/Crédito interno total [1494]/Crédito otorgado por bancos comerciales a ISFLH [20845]')
20848,Crédito otorgado por OSD a ISFLH,Crédito otorgado por OSD a ISFLH,E07.07.06.04.00.00.00.00.00.M.CRC,Mensual,CRC,4,Colón Costarricense,Millones,M,M.CRC,Node('/BCCR/Sector Monetario y Financiero/Crédito interno total [1494]/Crédito al sector privado [3639]/Crédito otorgado por OSD a ISFLH [20848]'),Node('/BCCR/Sector Monetario y Financiero/Crédito interno total [1494]/Crédito al sector privado [3639]/Crédito otorgado por OSD a ISFLH [20848]')
21280,Riqueza Total,Riqueza Total,E07.22.01.08.00.00.00.00.00.M.CRC,Mensual,CRC,1,Colón Costarricense,,M,M.CRC,Node('/BCCR/Sector Monetario y Financiero/Balance sectorial de las otras sociedades de depósito: resum [19995]/Activos [19947]/Riqueza Total [21280]'),Node('/BCCR/Sector Monetario y Financiero/Balance sectorial de las otras sociedades de depósito: resum [19995]/Activos [19947]/Riqueza Total [21280]')
21282,Riqueza OSD privada,Riqueza OSD privada,E07.22.01.08.02.00.00.00.00.M.CRC,Mensual,CRC,4,Colón Costarricense,Millones,M,M.CRC,Node('/BCCR/Sector Monetario y Financiero/Balance sectorial de las otras sociedades de depósito: resum [19995]/Activos [19947]/Riqueza Total [21280]/Riqueza OSD privada [21282]'),Node('/BCCR/Sector Monetario y Financiero/Balance sectorial de las otras sociedades de depósito: resum [19995]/Activos [19947]/Riqueza Total [21280]/Riqueza OSD privada [21282]')
21759,Riqueza financiera del sector privado cobertuda SFN m/n,Riqueza financiera del sector privado cobertuda SFN m/n,E07.13.03.00.00.00.00.00.00.M.CRC,Mensual,CRC,4,Colón Costarricense,Millones,M,M.CRC,Node('/BCCR/Sector Monetario y Financiero/Riqueza financiera del sector privado [3351]/Riqueza financiera del sector privado cobertuda SFN m/n [21759]'),Node('/BCCR/Sector Monetario y Financiero/Riqueza financiera del sector privado [3351]/Riqueza financiera del sector privado cobertuda SFN m/n [21759]')
21760,Depósitos bancarios,Depósitos bancarios,E07.13.03.02.00.00.00.00.00.M.CRC,Mensual,CRC,1,Colón Costarricense,,M,M.CRC,Node('/BCCR/Sector Monetario y Financiero/Riqueza financiera del sector privado [3351]/Riqueza financiera del sector privado cobertuda SFN m/n [21759]/Depósitos bancarios [21760]'),Node('/BCCR/Sector Monetario y Financiero/Riqueza financiera del sector privado [3351]/Riqueza financiera del sector privado cobertuda SFN m/n [21759]/Depósitos bancarios [21760]')
21761,BEM,BEM,E07.13.03.03.00.00.00.00.00.M.CRC,Mensual,CRC,1,Colón Costarricense,,M,M.CRC,Node('/BCCR/Sector Monetario y Financiero/Riqueza financiera del sector privado [3351]/Riqueza financiera del sector privado cobertuda SFN m/n [21759]/BEM [21761]'),Node('/BCCR/Sector Monetario y Financiero/Riqueza financiera del sector privado [3351]/Riqueza financiera del sector privado cobertuda SFN m/n [21759]/BEM [21761]')
21762,DEP,DEP,E07.13.03.04.00.00.00.00.00.M.CRC,Mensual,CRC,4,Colón Costarricense,Millones,M,M.CRC,Node('/BCCR/Sector Monetario y Financiero/Riqueza financiera del sector privado [3351]/Riqueza financiera del sector privado cobertuda SFN m/n [21759]/DEP [21762]'),Node('/BCCR/Sector Monetario y Financiero/Riqueza financiera del sector privado [3351]/Riqueza financiera del sector privado cobertuda SFN m/n [21759]/DEP [21762]')
21763,SICP,SICP,E07.13.03.05.00.00.00.00.00.M.CRC,Mensual,CRC,4,Colón Costarricense,Millones,M,M.CRC,Node('/BCCR/Sector Monetario y Financiero/Riqueza financiera del sector privado [3351]/Riqueza financiera del sector privado cobertuda SFN m/n [21759]/SICP [21763]'),Node('/BCCR/Sector Monetario y Financiero/Riqueza financiera del sector privado [3351]/Riqueza financiera del sector privado cobertuda SFN m/n [21759]/SICP [21763]')
21764,Bonos fiscales,Bonos fiscales,E07.13.03.06.00.00.00.00.00.M.CRC,Mensual,CRC,1,Colón Costarricense,,M,M.CRC,Node('/BCCR/Sector Monetario y Financiero/Riqueza financiera del sector privado [3351]/Riqueza financiera del sector privado cobertuda SFN m/n [21759]/Bonos fiscales [21764]'),Node('/BCCR/Sector Monetario y Financiero/Riqueza financiera del sector privado [3351]/Riqueza financiera del sector privado cobertuda SFN m/n [21759]/Bonos fiscales [21764]')
21765,Riqueza financiera del Sector Bancario m/e,Riqueza financiera m/e,E07.13.04.00.00.00.00.00.00.M.CRC,Mensual,CRC,4,Colón Costarricense,Millones,M,M.CRC,Node('/BCCR/Sector Monetario y Financiero/Riqueza financiera del sector privado [3351]/Riqueza financiera del Sector Bancario m/e [21765]'),Node('/BCCR/Sector Monetario y Financiero/Riqueza financiera del sector privado [3351]/Riqueza financiera del Sector Bancario m/e [21765]')
23349,Principales cuentas del balance en moneda extranjera,Principales cuentas del balance en moneda extranjera,E07.45.00.00.00.00.00.00.00.M.USD,Mensual,USD,1,Dólar EEUU,,M,M.USD,Node('/BCCR/Sector Monetario y Financiero/Principales cuentas del balance en moneda extranjera [23349]'),Node('/BCCR/Sector Monetario y Financiero/Principales cuentas del balance en moneda extranjera [23349]')
23350,Bancos públicos,Bancos públicos,E07.45.01.00.00.00.00.00.00.M.USD,Mensual,USD,1,Dólar EEUU,,M,M.USD,Node('/BCCR/Sector Monetario y Financiero/Principales cuentas del balance en moneda extranjera [23349]/Bancos públicos [23350]'),Node('/BCCR/Sector Monetario y Financiero/Principales cuentas del balance en moneda extranjera [23349]/Bancos públicos [23350]')
23352,Activos externos,Activos externos,E07.45.01.02.00.00.00.00.00.M.USD,Mensual,USD,4,Dólar EEUU,Millones,M,M.USD,Node('/BCCR/Sector Monetario y Financiero/Principales cuentas del balance en moneda extranjera [23349]/Bancos públicos [23350]/Activos externos [23352]'),Node('/BCCR/Sector Monetario y Financiero/Principales cuentas del balance en moneda extranjera [23349]/Bancos públicos [23350]/Activos externos [23352]')
23353,Pasivos externos,Pasivos externos,E07.45.01.03.00.00.00.00.00.M.USD,Mensual,USD,4,Dólar EEUU,Millones,M,M.USD,Node('/BCCR/Sector Monetario y Financiero/Principales cuentas del balance en moneda extranjera [23349]/Bancos públicos [23350]/Pasivos externos [23353]'),Node('/BCCR/Sector Monetario y Financiero/Principales cuentas del balance en moneda extranjera [23349]/Bancos públicos [23350]/Pasivos externos [23353]')
23354,Títulos de Gob-BCCR,Títulos de Gob-BCCR,E07.45.01.04.00.00.00.00.00.M.USD,Mensual,USD,4,Dólar EEUU,Millones,M,M.USD,Node('/BCCR/Sector Monetario y Financiero/Principales cuentas del balance en moneda extranjera [23349]/Bancos públicos [23350]/Títulos de Gob-BCCR [23354]'),Node('/BCCR/Sector Monetario y Financiero/Principales cuentas del balance en moneda extranjera [23349]/Bancos públicos [23350]/Títulos de Gob-BCCR [23354]')
23355,CSP,CSP,E07.45.01.05.00.00.00.00.00.M.USD,Mensual,USD,4,Dólar EEUU,Millones,M,M.USD,Node('/BCCR/Sector Monetario y Financiero/Principales cuentas del balance en moneda extranjera [23349]/Bancos públicos [23350]/CSP [23355]'),Node('/BCCR/Sector Monetario y Financiero/Principales cuentas del balance en moneda extranjera [23349]/Bancos públicos [23350]/CSP [23355]')
23356,Bancos privados,Bancos privados,E07.45.02.00.00.00.00.00.00.M.USD,Mensual,USD,1,Dólar EEUU,,M,M.USD,Node('/BCCR/Sector Monetario y Financiero/Principales cuentas del balance en moneda extranjera [23349]/Bancos privados [23356]'),Node('/BCCR/Sector Monetario y Financiero/Principales cuentas del balance en moneda extranjera [23349]/Bancos privados [23356]')
23357,Captación,Captación,E07.45.02.01.00.00.00.00.00.M.USD,Mensual,USD,4,Dólar EEUU,Millones,M,M.USD,Node('/BCCR/Sector Monetario y Financiero/Principales cuentas del balance en moneda extranjera [23349]/Bancos privados [23356]/Captación [23357]'),Node('/BCCR/Sector Monetario y Financiero/Principales cuentas del balance en moneda extranjera [23349]/Bancos privados [23356]/Captación [23357]')
23358,Activos externos,Activos externos,E07.45.02.02.00.00.00.00.00.M.USD,Mensual,USD,4,Dólar EEUU,Millones,M,M.USD,Node('/BCCR/Sector Monetario y Financiero/Principales cuentas del balance en moneda extranjera [23349]/Bancos privados [23356]/Activos externos [23358]'),Node('/BCCR/Sector Monetario y Financiero/Principales cuentas del balance en moneda extranjera [23349]/Bancos privados [23356]/Activos externos [23358]')
23360,Títulos de Gob-BCCR,Títulos de Gob-BCCR,E07.45.02.04.00.00.00.00.00.M.USD,Mensual,USD,4,Dólar EEUU,Millones,M,M.USD,Node('/BCCR/Sector Monetario y Financiero/Principales cuentas del balance en moneda extranjera [23349]/Bancos privados [23356]/Títulos de Gob-BCCR [23360]'),Node('/BCCR/Sector Monetario y Financiero/Principales cuentas del balance en moneda extranjera [23349]/Bancos privados [23356]/Títulos de Gob-BCCR [23360]')
23361,CSP,CSP,E07.45.02.05.00.00.00.00.00.M.USD,Mensual,USD,4,Dólar EEUU,Millones,M,M.USD,Node('/BCCR/Sector Monetario y Financiero/Principales cuentas del balance en moneda extranjera [23349]/Bancos privados [23356]/CSP [23361]'),Node('/BCCR/Sector Monetario y Financiero/Principales cuentas del balance en moneda extranjera [23349]/Bancos privados [23356]/CSP [23361]')
23362,OIF,OIF,E07.45.03.00.00.00.00.00.00.M.USD,Mensual,USD,1,Dólar EEUU,,M,M.USD,Node('/BCCR/Sector Monetario y Financiero/Principales cuentas del balance en moneda extranjera [23349]/OIF [23362]'),Node('/BCCR/Sector Monetario y Financiero/Principales cuentas del balance en moneda extranjera [23349]/OIF [23362]')
23363,Captación,Captación,E07.45.03.01.00.00.00.00.00.M.USD,Mensual,USD,4,Dólar EEUU,Millones,M,M.USD,Node('/BCCR/Sector Monetario y Financiero/Principales cuentas del balance en moneda extranjera [23349]/OIF [23362]/Captación [23363]'),Node('/BCCR/Sector Monetario y Financiero/Principales cuentas del balance en moneda extranjera [23349]/OIF [23362]/Captación [23363]')
23364,Activos externos,Activos externos,E07.45.03.02.00.00.00.00.00.M.USD,Mensual,USD,4,Dólar EEUU,Millones,M,M.USD,Node('/BCCR/Sector Monetario y Financiero/Principales cuentas del balance en moneda extranjera [23349]/OIF [23362]/Activos externos [23364]'),Node('/BCCR/Sector Monetario y Financiero/Principales cuentas del balance en moneda extranjera [23349]/OIF [23362]/Activos externos [23364]')
23365,Pasivos externos,Pasivos externos,E07.45.03.03.00.00.00.00.00.M.USD,Mensual,USD,4,Dólar EEUU,Millones,M,M.USD,Node('/BCCR/Sector Monetario y Financiero/Principales cuentas del balance en moneda extranjera [23349]/OIF [23362]/Pasivos externos [23365]'),Node('/BCCR/Sector Monetario y Financiero/Principales cuentas del balance en moneda extranjera [23349]/OIF [23362]/Pasivos externos [23365]')
23366,Títulos de Gob-BCCR,Títulos de Gob-BCCR,E07.45.03.04.00.00.00.00.00.M.USD,Mensual,USD,4,Dólar EEUU,Millones,M,M.USD,Node('/BCCR/Sector Monetario y Financiero/Principales cuentas del balance en moneda extranjera [23349]/OIF [23362]/Títulos de Gob-BCCR [23366]'),Node('/BCCR/Sector Monetario y Financiero/Principales cuentas del balance en moneda extranjera [23349]/OIF [23362]/Títulos de Gob-BCCR [23366]')
23367,CSP,CSP,E07.45.03.05.00.00.00.00.00.M.USD,Mensual,USD,4,Dólar EEUU,Millones,M,M.USD,Node('/BCCR/Sector Monetario y Financiero/Principales cuentas del balance en moneda extranjera [23349]/OIF [23362]/CSP [23367]'),Node('/BCCR/Sector Monetario y Financiero/Principales cuentas del balance en moneda extranjera [23349]/OIF [23362]/CSP [23367]')
23368,OSD,OSD,E07.45.04.00.00.00.00.00.00.M.USD,Mensual,USD,1,Dólar EEUU,,M,M.USD,Node('/BCCR/Sector Monetario y Financiero/Principales cuentas del balance en moneda extranjera [23349]/OSD [23368]'),Node('/BCCR/Sector Monetario y Financiero/Principales cuentas del balance en moneda extranjera [23349]/OSD [23368]')
23369,Captación,Captación,E07.45.04.01.00.00.00.00.00.M.USD,Mensual,USD,4,Dólar EEUU,Millones,M,M.USD,Node('/BCCR/Sector Monetario y Financiero/Principales cuentas del balance en moneda extranjera [23349]/OSD [23368]/Captación [23369]'),Node('/BCCR/Sector Monetario y Financiero/Principales cuentas del balance en moneda extranjera [23349]/OSD [23368]/Captación [23369]')
23370,Activos externos,Activos externos,E07.45.04.02.00.00.00.00.00.M.USD,Mensual,USD,4,Dólar EEUU,Millones,M,M.USD,Node('/BCCR/Sector Monetario y Financiero/Principales cuentas del balance en moneda extranjera [23349]/OSD [23368]/Activos externos [23370]'),Node('/BCCR/Sector Monetario y Financiero/Principales cuentas del balance en moneda extranjera [23349]/OSD [23368]/Activos externos [23370]')
23371,Pasivos externos,Pasivos externos,E07.45.04.03.00.00.00.00.00.M.USD,Mensual,USD,4,Dólar EEUU,Millones,M,M.USD,Node('/BCCR/Sector Monetario y Financiero/Principales cuentas del balance en moneda extranjera [23349]/OSD [23368]/Pasivos externos [23371]'),Node('/BCCR/Sector Monetario y Financiero/Principales cuentas del balance en moneda extranjera [23349]/OSD [23368]/Pasivos externos [23371]')
23372,Títulos de Gob-BCCR,Títulos de Gob-BCCR,E07.45.04.04.00.00.00.00.00.M.USD,Mensual,USD,4,Dólar EEUU,Millones,M,M.USD,Node('/BCCR/Sector Monetario y Financiero/Principales cuentas del balance en moneda extranjera [23349]/OSD [23368]/Títulos de Gob-BCCR [23372]'),Node('/BCCR/Sector Monetario y Financiero/Principales cuentas del balance en moneda extranjera [23349]/OSD [23368]/Títulos de Gob-BCCR [23372]')
23373,CSP,CSP,E07.45.04.05.00.00.00.00.00.M.USD,Mensual,USD,4,Dólar EEUU,Millones,M,M.USD,Node('/BCCR/Sector Monetario y Financiero/Principales cuentas del balance en moneda extranjera [23349]/OSD [23368]/CSP [23373]'),Node('/BCCR/Sector Monetario y Financiero/Principales cuentas del balance en moneda extranjera [23349]/OSD [23368]/CSP [23373]')
23374,Captación,Captación,E07.45.01.01.00.00.00.00.00.M.USD,Mensual,USD,4,Dólar EEUU,Millones,M,M.USD,Node('/BCCR/Sector Monetario y Financiero/Principales cuentas del balance en moneda extranjera [23349]/Bancos públicos [23350]/Captación [23374]'),Node('/BCCR/Sector Monetario y Financiero/Principales cuentas del balance en moneda extranjera [23349]/Bancos públicos [23350]/Captación [23374]')
23375,Pasivos externos,Pasivos externos,E07.45.02.03.00.00.00.00.00.M.USD,Mensual,USD,4,Dólar EEUU,Millones,M,M.USD,Node('/BCCR/Sector Monetario y Financiero/Principales cuentas del balance en moneda extranjera [23349]/Bancos privados [23356]/Pasivos externos [23375]'),Node('/BCCR/Sector Monetario y Financiero/Principales cuentas del balance en moneda extranjera [23349]/Bancos privados [23356]/Pasivos externos [23375]')
23564,Depósitos bancarios MN,Depósitos bancarios MN,E07.13.03.02.01.00.00.00.00.M.CRC,Mensual,CRC,4,Colón Costarricense,Millones,M,M.CRC,Node('/BCCR/Sector Monetario y Financiero/Riqueza financiera del sector privado [3351]/Riqueza financiera del sector privado cobertuda SFN m/n [21759]/Depósitos bancarios [21760]/Depósitos bancarios MN [23564]'),Node('/BCCR/Sector Monetario y Financiero/Riqueza financiera del sector privado [3351]/Riqueza financiera del sector privado cobertuda SFN m/n [21759]/Depósitos bancarios [21760]/Depósitos bancarios MN [23564]')
23565,Depósitos bancarios ME,Depósitos bancarios ME,E07.13.03.02.02.00.00.00.00.M.CRC,Mensual,CRC,4,Colón Costarricense,Millones,M,M.CRC,Node('/BCCR/Sector Monetario y Financiero/Riqueza financiera del sector privado [3351]/Riqueza financiera del sector privado cobertuda SFN m/n [21759]/Depósitos bancarios [21760]/Depósitos bancarios ME [23565]'),Node('/BCCR/Sector Monetario y Financiero/Riqueza financiera del sector privado [3351]/Riqueza financiera del sector privado cobertuda SFN m/n [21759]/Depósitos bancarios [21760]/Depósitos bancarios ME [23565]')
23684,Crédito sector priv. por grupo de interm fin,Crédito sector privado por grupo de intermediarios financieros,E07.07.12.00.00.00.00.00.00.M.CRC,Mensual,CRC,1,Colón Costarricense,,M,M.CRC,Node('/BCCR/Sector Monetario y Financiero/Crédito interno total [1494]/Crédito sector priv. por grupo de interm fin [23684]'),Node('/BCCR/Sector Monetario y Financiero/Crédito interno total [1494]/Crédito sector priv. por grupo de interm fin [23684]')
23685,OSD bancarias públicas,OSD bancarias públicas,E07.07.12.01.00.00.00.00.00.M.CRC,Mensual,CRC,1,Colón Costarricense,,M,M.CRC,Node('/BCCR/Sector Monetario y Financiero/Crédito interno total [1494]/Crédito sector priv. por grupo de interm fin [23684]/OSD bancarias públicas [23685]'),Node('/BCCR/Sector Monetario y Financiero/Crédito interno total [1494]/Crédito sector priv. por grupo de interm fin [23684]/OSD bancarias públicas [23685]')
23686,MN,MN,E07.07.12.01.01.00.00.00.00.M.CRC,Mensual,CRC,4,Colón Costarricense,Millones,M,M.CRC,Node('/BCCR/Sector Monetario y Financiero/Crédito interno total [1494]/Crédito sector priv. por grupo de interm fin [23684]/OSD bancarias públicas [23685]/MN [23686]'),Node('/BCCR/Sector Monetario y Financiero/Crédito interno total [1494]/Crédito sector priv. por grupo de interm fin [23684]/OSD bancarias públicas [23685]/MN [23686]')
23687,ME,ME,E07.07.12.01.02.00.00.00.00.M.CRC,Mensual,CRC,4,Colón Costarricense,Millones,M,M.CRC,Node('/BCCR/Sector Monetario y Financiero/Crédito interno total [1494]/Crédito sector priv. por grupo de interm fin [23684]/OSD bancarias públicas [23685]/ME [23687]'),Node('/BCCR/Sector Monetario y Financiero/Crédito interno total [1494]/Crédito sector priv. por grupo de interm fin [23684]/OSD bancarias públicas [23685]/ME [23687]')
23688,OSD bancarias privadas,OSD bancarias privadas,E07.07.12.02.00.00.00.00.00.M.CRC,Mensual,CRC,1,Colón Costarricense,,M,M.CRC,Node('/BCCR/Sector Monetario y Financiero/Crédito interno total [1494]/Crédito sector priv. por grupo de interm fin [23684]/OSD bancarias privadas [23688]'),Node('/BCCR/Sector Monetario y Financiero/Crédito interno total [1494]/Crédito sector priv. por grupo de interm fin [23684]/OSD bancarias privadas [23688]')
23689,MN,MN,E07.07.12.02.01.00.00.00.00.M.CRC,Mensual,CRC,4,Colón Costarricense,Millones,M,M.CRC,Node('/BCCR/Sector Monetario y Financiero/Crédito interno total [1494]/Crédito sector priv. por grupo de interm fin [23684]/OSD bancarias privadas [23688]/MN [23689]'),Node('/BCCR/Sector Monetario y Financiero/Crédito interno total [1494]/Crédito sector priv. por grupo de interm fin [23684]/OSD bancarias privadas [23688]/MN [23689]')
23690,ME,ME,E07.07.12.02.02.00.00.00.00.M.CRC,Mensual,CRC,4,Colón Costarricense,Millones,M,M.CRC,Node('/BCCR/Sector Monetario y Financiero/Crédito interno total [1494]/Crédito sector priv. por grupo de interm fin [23684]/OSD bancarias privadas [23688]/ME [23690]'),Node('/BCCR/Sector Monetario y Financiero/Crédito interno total [1494]/Crédito sector priv. por grupo de interm fin [23684]/OSD bancarias privadas [23688]/ME [23690]')
23691,OSD no bancarias,OSD no bancarias,E07.07.12.03.00.00.00.00.00.M.CRC,Mensual,CRC,1,Colón Costarricense,,M,M.CRC,Node('/BCCR/Sector Monetario y Financiero/Crédito interno total [1494]/Crédito sector priv. por grupo de interm fin [23684]/OSD no bancarias [23691]'),Node('/BCCR/Sector Monetario y Financiero/Crédito interno total [1494]/Crédito sector priv. por grupo de interm fin [23684]/OSD no bancarias [23691]')
23692,MN,MN,E07.07.12.03.01.00.00.00.00.M.CRC,Mensual,CRC,4,Colón Costarricense,Millones,M,M.CRC,Node('/BCCR/Sector Monetario y Financiero/Crédito interno total [1494]/Crédito sector priv. por grupo de interm fin [23684]/OSD no bancarias [23691]/MN [23692]'),Node('/BCCR/Sector Monetario y Financiero/Crédito interno total [1494]/Crédito sector priv. por grupo de interm fin [23684]/OSD no bancarias [23691]/MN [23692]')
23693,ME,ME,E07.07.12.03.02.00.00.00.00.M.CRC,Mensual,CRC,4,Colón Costarricense,Millones,M,M.CRC,Node('/BCCR/Sector Monetario y Financiero/Crédito interno total [1494]/Crédito sector priv. por grupo de interm fin [23684]/OSD no bancarias [23691]/ME [23693]'),Node('/BCCR/Sector Monetario y Financiero/Crédito interno total [1494]/Crédito sector priv. por grupo de interm fin [23684]/OSD no bancarias [23691]/ME [23693]')
23694,OSD BCCR,OSD BCCR,E07.07.12.04.00.00.00.00.00.M.CRC,Mensual,CRC,1,Colón Costarricense,,M,M.CRC,Node('/BCCR/Sector Monetario y Financiero/Crédito interno total [1494]/Crédito sector priv. por grupo de interm fin [23684]/OSD BCCR [23694]'),Node('/BCCR/Sector Monetario y Financiero/Crédito interno total [1494]/Crédito sector priv. por grupo de interm fin [23684]/OSD BCCR [23694]')
23695,MN,MN,E07.07.12.04.01.00.00.00.00.M.CRC,Mensual,CRC,4,Colón Costarricense,Millones,M,M.CRC,Node('/BCCR/Sector Monetario y Financiero/Crédito interno total [1494]/Crédito sector priv. por grupo de interm fin [23684]/OSD BCCR [23694]/MN [23695]'),Node('/BCCR/Sector Monetario y Financiero/Crédito interno total [1494]/Crédito sector priv. por grupo de interm fin [23684]/OSD BCCR [23694]/MN [23695]')
23696,ME,ME,E07.07.12.04.02.00.00.00.00.M.CRC,Mensual,CRC,4,Colón Costarricense,Millones,M,M.CRC,Node('/BCCR/Sector Monetario y Financiero/Crédito interno total [1494]/Crédito sector priv. por grupo de interm fin [23684]/OSD BCCR [23694]/ME [23696]'),Node('/BCCR/Sector Monetario y Financiero/Crédito interno total [1494]/Crédito sector priv. por grupo de interm fin [23684]/OSD BCCR [23694]/ME [23696]')
25142,Depósitos bancarios MN,Depósitos bancarios MN,E07.13.01.02.01.00.00.00.00.M.CRC,Mensual,CRC,4,Colón Costarricense,Millones,M,M.CRC,Node('/BCCR/Sector Monetario y Financiero/Riqueza financiera del sector privado [3351]/Riqueza financiera al sector privado cobertura SBN m/n [3352]/Depósitos bancarios [3354]/Depósitos bancarios MN [25142]'),Node('/BCCR/Sector Monetario y Financiero/Riqueza financiera del sector privado [3351]/Riqueza financiera al sector privado cobertura SBN m/n [3352]/Depósitos bancarios [3354]/Depósitos bancarios MN [25142]')
25143,Depósitos bancarios ME,Depósitos bancarios ME,E07.13.01.02.02.00.00.00.00.M.CRC,Mensual,CRC,4,Colón Costarricense,Millones,M,M.CRC,Node('/BCCR/Sector Monetario y Financiero/Riqueza financiera del sector privado [3351]/Riqueza financiera al sector privado cobertura SBN m/n [3352]/Depósitos bancarios [3354]/Depósitos bancarios ME [25143]'),Node('/BCCR/Sector Monetario y Financiero/Riqueza financiera del sector privado [3351]/Riqueza financiera al sector privado cobertura SBN m/n [3352]/Depósitos bancarios [3354]/Depósitos bancarios ME [25143]')
25144,BEM MN,BEM MN,E07.13.01.03.01.00.00.00.00.M.CRC,Mensual,CRC,4,Colón Costarricense,Millones,M,M.CRC,Node('/BCCR/Sector Monetario y Financiero/Riqueza financiera del sector privado [3351]/Riqueza financiera al sector privado cobertura SBN m/n [3352]/BEM [3355]/BEM MN [25144]'),Node('/BCCR/Sector Monetario y Financiero/Riqueza financiera del sector privado [3351]/Riqueza financiera al sector privado cobertura SBN m/n [3352]/BEM [3355]/BEM MN [25144]')
25145,BEM ME,BEM ME,E07.13.01.03.02.00.00.00.00.M.CRC,Mensual,CRC,4,Colón Costarricense,Millones,M,M.CRC,Node('/BCCR/Sector Monetario y Financiero/Riqueza financiera del sector privado [3351]/Riqueza financiera al sector privado cobertura SBN m/n [3352]/BEM [3355]/BEM ME [25145]'),Node('/BCCR/Sector Monetario y Financiero/Riqueza financiera del sector privado [3351]/Riqueza financiera al sector privado cobertura SBN m/n [3352]/BEM [3355]/BEM ME [25145]')
25146,Bonos fiscales MN,Bonos fiscales,E07.13.01.06.01.00.00.00.00.M.CRC,Mensual,CRC,4,Colón Costarricense,Millones,M,M.CRC,Node('/BCCR/Sector Monetario y Financiero/Riqueza financiera del sector privado [3351]/Riqueza financiera al sector privado cobertura SBN m/n [3352]/Bonos fiscales [3358]/Bonos fiscales MN [25146]'),Node('/BCCR/Sector Monetario y Financiero/Riqueza financiera del sector privado [3351]/Riqueza financiera al sector privado cobertura SBN m/n [3352]/Bonos fiscales [3358]/Bonos fiscales MN [25146]')
25147,Bonos fiscales ME,Bonos fiscales,E07.13.01.06.02.00.00.00.00.M.CRC,Mensual,CRC,4,Colón Costarricense,Millones,M,M.CRC,Node('/BCCR/Sector Monetario y Financiero/Riqueza financiera del sector privado [3351]/Riqueza financiera al sector privado cobertura SBN m/n [3352]/Bonos fiscales [3358]/Bonos fiscales ME [25147]'),Node('/BCCR/Sector Monetario y Financiero/Riqueza financiera del sector privado [3351]/Riqueza financiera al sector privado cobertura SBN m/n [3352]/Bonos fiscales [3358]/Bonos fiscales ME [25147]')
25148,BEM MN,BEM,E07.13.03.03.01.00.00.00.00.M.CRC,Mensual,CRC,4,Colón Costarricense,Millones,M,M.CRC,Node('/BCCR/Sector Monetario y Financiero/Riqueza financiera del sector privado [3351]/Riqueza financiera del sector privado cobertuda SFN m/n [21759]/BEM [21761]/BEM MN [25148]'),Node('/BCCR/Sector Monetario y Financiero/Riqueza financiera del sector privado [3351]/Riqueza financiera del sector privado cobertuda SFN m/n [21759]/BEM [21761]/BEM MN [25148]')
25149,BEM ME,BEM,E07.13.03.03.02.00.00.00.00.M.CRC,Mensual,CRC,4,Colón Costarricense,Millones,M,M.CRC,Node('/BCCR/Sector Monetario y Financiero/Riqueza financiera del sector privado [3351]/Riqueza financiera del sector privado cobertuda SFN m/n [21759]/BEM [21761]/BEM ME [25149]'),Node('/BCCR/Sector Monetario y Financiero/Riqueza financiera del sector privado [3351]/Riqueza financiera del sector privado cobertuda SFN m/n [21759]/BEM [21761]/BEM ME [25149]')
25150,Bonos fiscales MN,Bonos fiscales,E07.13.03.06.01.00.00.00.00.M.CRC,Mensual,CRC,4,Colón Costarricense,Millones,M,M.CRC,Node('/BCCR/Sector Monetario y Financiero/Riqueza financiera del sector privado [3351]/Riqueza financiera del sector privado cobertuda SFN m/n [21759]/Bonos fiscales [21764]/Bonos fiscales MN [25150]'),Node('/BCCR/Sector Monetario y Financiero/Riqueza financiera del sector privado [3351]/Riqueza financiera del sector privado cobertuda SFN m/n [21759]/Bonos fiscales [21764]/Bonos fiscales MN [25150]')
25151,Bonos fiscales ME,Bonos fiscales,E07.13.03.06.02.00.00.00.00.M.CRC,Mensual,CRC,4,Colón Costarricense,Millones,M,M.CRC,Node('/BCCR/Sector Monetario y Financiero/Riqueza financiera del sector privado [3351]/Riqueza financiera del sector privado cobertuda SFN m/n [21759]/Bonos fiscales [21764]/Bonos fiscales ME [25151]'),Node('/BCCR/Sector Monetario y Financiero/Riqueza financiera del sector privado [3351]/Riqueza financiera del sector privado cobertuda SFN m/n [21759]/Bonos fiscales [21764]/Bonos fiscales ME [25151]')
25583,M3,M3,E07.32.04.00.00.00.00.00.00.M.CRC,Mensual,CRC,4,Colón Costarricense,Millones,M,M.CRC,Node('/BCCR/Sector Monetario y Financiero/Liquidez total [20292]/M3 [25583]'),Node('/BCCR/Sector Monetario y Financiero/Liquidez total [20292]/M3 [25583]')
25584,M2,M2,E07.32.04.01.00.00.00.00.00.M.CRC,Mensual,CRC,1,Colón Costarricense,,M,M.CRC,Node('/BCCR/Sector Monetario y Financiero/Liquidez total [20292]/M3 [25583]/M2 [25584]'),Node('/BCCR/Sector Monetario y Financiero/Liquidez total [20292]/M3 [25583]/M2 [25584]')
25585,M1,M1,E07.32.04.01.01.00.00.00.00.M.CRC,Mensual,CRC,4,Colón Costarricense,Millones,M,M.CRC,Node('/BCCR/Sector Monetario y Financiero/Liquidez total [20292]/M3 [25583]/M2 [25584]/M1 [25585]'),Node('/BCCR/Sector Monetario y Financiero/Liquidez total [20292]/M3 [25583]/M2 [25584]/M1 [25585]')
25678,M3,M3,E07.32.05.00.00.00.00.00.00.M.CRC,Mensual,CRC,4,Colón Costarricense,Millones,M,M.CRC,Node('/BCCR/Sector Monetario y Financiero/Liquidez total [20292]/M3 [25678]'),Node('/BCCR/Sector Monetario y Financiero/Liquidez total [20292]/M3 [25678]')
25679,M2,M2,E07.32.05.01.00.00.00.00.00.M.CRC,Mensual,CRC,1,Colón Costarricense,,M,M.CRC,Node('/BCCR/Sector Monetario y Financiero/Liquidez total [20292]/M3 [25678]/M2 [25679]'),Node('/BCCR/Sector Monetario y Financiero/Liquidez total [20292]/M3 [25678]/M2 [25679]')
25680,M1,M1,E07.32.05.01.01.00.00.00.00.M.CRC,Mensual,CRC,4,Colón Costarricense,Millones,M,M.CRC,Node('/BCCR/Sector Monetario y Financiero/Liquidez total [20292]/M3 [25678]/M2 [25679]/M1 [25680]'),Node('/BCCR/Sector Monetario y Financiero/Liquidez total [20292]/M3 [25678]/M2 [25679]/M1 [25680]')
84772,Índice de condiciones financieras,Índice de condiciones financieras,E07.50.01.00.00.00.00.00.00.M.UNI,Mensual,UNI,1,Unidad,,M,M.UNI,Node('/BCCR/Sector Monetario y Financiero/Índice de condiciones financieras [84772]'),Node('/BCCR/Sector Monetario y Financiero/Índice de condiciones financieras [84772]')
89724,BCCR: Operaciones diferidas a plazo (ODP),BCCR: Operaciones diferidas a plazo (ODP),E07.07.13.00.00.00.00.00.00.M.CRC,Mensual,CRC,1,Colón Costarricense,,M,M.CRC,Node('/BCCR/Sector Monetario y Financiero/Crédito interno total [1494]/BCCR: Operaciones diferidas a plazo (ODP) [89724]'),Node('/BCCR/Sector Monetario y Financiero/Crédito interno total [1494]/BCCR: Operaciones diferidas a plazo (ODP) [89724]')
89725,Bancos Públicos,Bancos Públicos,E07.07.13.01.00.00.00.00.00.M.CRC,Mensual,CRC,1,Colón Costarricense,,M,M.CRC,Node('/BCCR/Sector Monetario y Financiero/Crédito interno total [1494]/BCCR: Operaciones diferidas a plazo (ODP) [89724]/Bancos Públicos [89725]'),Node('/BCCR/Sector Monetario y Financiero/Crédito interno total [1494]/BCCR: Operaciones diferidas a plazo (ODP) [89724]/Bancos Públicos [89725]')
89726,2 años,2 años,E07.07.13.01.01.00.00.00.00.M.CRC,Mensual,CRC,1,Colón Costarricense,,M,M.CRC,Node('/BCCR/Sector Monetario y Financiero/Crédito interno total [1494]/BCCR: Operaciones diferidas a plazo (ODP) [89724]/Bancos Públicos [89725]/2 años [89726]'),Node('/BCCR/Sector Monetario y Financiero/Crédito interno total [1494]/BCCR: Operaciones diferidas a plazo (ODP) [89724]/Bancos Públicos [89725]/2 años [89726]')
89727,4 años,4 años,E07.07.13.01.02.00.00.00.00.M.CRC,Mensual,CRC,1,Colón Costarricense,,M,M.CRC,Node('/BCCR/Sector Monetario y Financiero/Crédito interno total [1494]/BCCR: Operaciones diferidas a plazo (ODP) [89724]/Bancos Públicos [89725]/4 años [89727]'),Node('/BCCR/Sector Monetario y Financiero/Crédito interno total [1494]/BCCR: Operaciones diferidas a plazo (ODP) [89724]/Bancos Públicos [89725]/4 años [89727]')
89728,Bancos Privados,Bancos Privados,E07.07.13.02.00.00.00.00.00.M.CRC,Mensual,CRC,1,Colón Costarricense,,M,M.CRC,Node('/BCCR/Sector Monetario y Financiero/Crédito interno total [1494]/BCCR: Operaciones diferidas a plazo (ODP) [89724]/Bancos Privados [89728]'),Node('/BCCR/Sector Monetario y Financiero/Crédito interno total [1494]/BCCR: Operaciones diferidas a plazo (ODP) [89724]/Bancos Privados [89728]')
89729,2 años,2 años,E07.07.13.02.01.00.00.00.00.M.CRC,Mensual,CRC,1,Colón Costarricense,,M,M.CRC,Node('/BCCR/Sector Monetario y Financiero/Crédito interno total [1494]/BCCR: Operaciones diferidas a plazo (ODP) [89724]/Bancos Privados [89728]/2 años [89729]'),Node('/BCCR/Sector Monetario y Financiero/Crédito interno total [1494]/BCCR: Operaciones diferidas a plazo (ODP) [89724]/Bancos Privados [89728]/2 años [89729]')
89730,4 años,4 años,E07.07.13.02.02.00.00.00.00.M.CRC,Mensual,CRC,1,Colón Costarricense,,M,M.CRC,Node('/BCCR/Sector Monetario y Financiero/Crédito interno total [1494]/BCCR: Operaciones diferidas a plazo (ODP) [89724]/Bancos Privados [89728]/4 años [89730]'),Node('/BCCR/Sector Monetario y Financiero/Crédito interno total [1494]/BCCR: Operaciones diferidas a plazo (ODP) [89724]/Bancos Privados [89728]/4 años [89730]')
89731,Coperativas,Coperativas,E07.07.13.03.00.00.00.00.00.M.CRC,Mensual,CRC,1,Colón Costarricense,,M,M.CRC,Node('/BCCR/Sector Monetario y Financiero/Crédito interno total [1494]/BCCR: Operaciones diferidas a plazo (ODP) [89724]/Coperativas [89731]'),Node('/BCCR/Sector Monetario y Financiero/Crédito interno total [1494]/BCCR: Operaciones diferidas a plazo (ODP) [89724]/Coperativas [89731]')
89732,2 años,2 años,E07.07.13.03.01.00.00.00.00.M.CRC,Mensual,CRC,1,Colón Costarricense,,M,M.CRC,Node('/BCCR/Sector Monetario y Financiero/Crédito interno total [1494]/BCCR: Operaciones diferidas a plazo (ODP) [89724]/Coperativas [89731]/2 años [89732]'),Node('/BCCR/Sector Monetario y Financiero/Crédito interno total [1494]/BCCR: Operaciones diferidas a plazo (ODP) [89724]/Coperativas [89731]/2 años [89732]')
89733,4 años,4 años,E07.07.13.03.02.00.00.00.00.M.CRC,Mensual,CRC,1,Colón Costarricense,,M,M.CRC,Node('/BCCR/Sector Monetario y Financiero/Crédito interno total [1494]/BCCR: Operaciones diferidas a plazo (ODP) [89724]/Coperativas [89731]/4 años [89733]'),Node('/BCCR/Sector Monetario y Financiero/Crédito interno total [1494]/BCCR: Operaciones diferidas a plazo (ODP) [89724]/Coperativas [89731]/4 años [89733]')
89734,Mutuales,Mutuales,E07.07.13.04.00.00.00.00.00.M.CRC,Mensual,CRC,1,Colón Costarricense,,M,M.CRC,Node('/BCCR/Sector Monetario y Financiero/Crédito interno total [1494]/BCCR: Operaciones diferidas a plazo (ODP) [89724]/Mutuales [89734]'),Node('/BCCR/Sector Monetario y Financiero/Crédito interno total [1494]/BCCR: Operaciones diferidas a plazo (ODP) [89724]/Mutuales [89734]')
89735,2 años,2 años,E07.07.13.04.01.00.00.00.00.M.CRC,Mensual,CRC,1,Colón Costarricense,,M,M.CRC,Node('/BCCR/Sector Monetario y Financiero/Crédito interno total [1494]/BCCR: Operaciones diferidas a plazo (ODP) [89724]/Mutuales [89734]/2 años [89735]'),Node('/BCCR/Sector Monetario y Financiero/Crédito interno total [1494]/BCCR: Operaciones diferidas a plazo (ODP) [89724]/Mutuales [89734]/2 años [89735]')
89736,4 años,4 años,E07.07.13.04.02.00.00.00.00.M.CRC,Mensual,CRC,1,Colón Costarricense,,M,M.CRC,Node('/BCCR/Sector Monetario y Financiero/Crédito interno total [1494]/BCCR: Operaciones diferidas a plazo (ODP) [89724]/Mutuales [89734]/4 años [89736]'),Node('/BCCR/Sector Monetario y Financiero/Crédito interno total [1494]/BCCR: Operaciones diferidas a plazo (ODP) [89724]/Mutuales [89734]/4 años [89736]')
89737,Financieras,Financieras,E07.07.13.05.00.00.00.00.00.M.CRC,Mensual,CRC,1,Colón Costarricense,,M,M.CRC,Node('/BCCR/Sector Monetario y Financiero/Crédito interno total [1494]/BCCR: Operaciones diferidas a plazo (ODP) [89724]/Financieras [89737]'),Node('/BCCR/Sector Monetario y Financiero/Crédito interno total [1494]/BCCR: Operaciones diferidas a plazo (ODP) [89724]/Financieras [89737]')
89738,2 años,2 años,E07.07.13.05.01.00.00.00.00.M.CRC,Mensual,CRC,1,Colón Costarricense,,M,M.CRC,Node('/BCCR/Sector Monetario y Financiero/Crédito interno total [1494]/BCCR: Operaciones diferidas a plazo (ODP) [89724]/Financieras [89737]/2 años [89738]'),Node('/BCCR/Sector Monetario y Financiero/Crédito interno total [1494]/BCCR: Operaciones diferidas a plazo (ODP) [89724]/Financieras [89737]/2 años [89738]')
89739,4 años,4 años,E07.07.13.05.02.00.00.00.00.M.CRC,Mensual,CRC,1,Colón Costarricense,,M,M.CRC,Node('/BCCR/Sector Monetario y Financiero/Crédito interno total [1494]/BCCR: Operaciones diferidas a plazo (ODP) [89724]/Financieras [89737]/4 años [89739]'),Node('/BCCR/Sector Monetario y Financiero/Crédito interno total [1494]/BCCR: Operaciones diferidas a plazo (ODP) [89724]/Financieras [89737]/4 años [89739]')
89740,2,2,E07.07.13.06.00.00.00.00.00.M.CRC,Mensual,CRC,1,Colón Costarricense,,M,M.CRC,Node('/BCCR/Sector Monetario y Financiero/Crédito interno total [1494]/BCCR: Operaciones diferidas a plazo (ODP) [89724]/2 [89740]'),Node('/BCCR/Sector Monetario y Financiero/Crédito interno total [1494]/BCCR: Operaciones diferidas a plazo (ODP) [89724]/2 [89740]')
89741,4,4,E07.07.13.07.00.00.00.00.00.M.CRC,Mensual,CRC,1,Colón Costarricense,,M,M.CRC,Node('/BCCR/Sector Monetario y Financiero/Crédito interno total [1494]/BCCR: Operaciones diferidas a plazo (ODP) [89724]/4 [89741]'),Node('/BCCR/Sector Monetario y Financiero/Crédito interno total [1494]/BCCR: Operaciones diferidas a plazo (ODP) [89724]/4 [89741]')
90694,BALANCE SECTORIAL DEL BANCO CENTRAL,BALANCE SECTORIAL DEL BANCO CENTRAL,E07.29.00.00.00.00.00.00.00.D.CRC,Diaria,CRC,1,Colón Costarricense,,D,D.CRC,Node('/BCCR/Sector Monetario y Financiero/BALANCE SECTORIAL DEL BANCO CENTRAL [90694]'),Node('/BCCR/Sector Monetario y Financiero/BALANCE SECTORIAL DEL BANCO CENTRAL [90694]')
90695,Depósitos de OSD en BCCR,Depósitos de OSD en BCCR,E07.29.03.00.00.00.00.00.00.D.CRC,Diaria,CRC,1,Colón Costarricense,,D,D.CRC,Node('/BCCR/Sector Monetario y Financiero/BALANCE SECTORIAL DEL BANCO CENTRAL [90694]/Depósitos de OSD en BCCR [90695]'),Node('/BCCR/Sector Monetario y Financiero/BALANCE SECTORIAL DEL BANCO CENTRAL [90694]/Depósitos de OSD en BCCR [90695]')
90696,Depósitos de OSD en BCCR en MN,Depósitos de OSD en BCCR en MN,E07.29.03.01.00.00.00.00.00.D.CRC,Diaria,CRC,1,Colón Costarricense,,D,D.CRC,Node('/BCCR/Sector Monetario y Financiero/BALANCE SECTORIAL DEL BANCO CENTRAL [90694]/Depósitos de OSD en BCCR [90695]/Depósitos de OSD en BCCR en MN [90696]'),Node('/BCCR/Sector Monetario y Financiero/BALANCE SECTORIAL DEL BANCO CENTRAL [90694]/Depósitos de OSD en BCCR [90695]/Depósitos de OSD en BCCR en MN [90696]')
90698,Depósitos de OSD en BCCR en ME,Depósitos de OSD en BCCR en ME,E07.29.03.02.00.00.00.00.00.D.USD,Diaria,USD,1,Dólar EEUU,,D,D.USD,Node('/BCCR/Sector Monetario y Financiero/Depósitos de OSD en BCCR en ME [90698]'),Node('/BCCR/Sector Monetario y Financiero/Depósitos de OSD en BCCR en ME [90698]')
