code,status,name,periodicidad,n,bloque_sondeo
95001,http_400,NA,NA,0,IMAE-CIIU
95003,http_400,NA,NA,0,IMAE-CIIU
95004,http_400,NA,NA,0,IMAE-CIIU
95005,http_400,NA,NA,0,IMAE-CIIU
95006,http_400,NA,NA,0,IMAE-CIIU
95007,http_400,NA,NA,0,IMAE-CIIU
95008,http_400,NA,NA,0,IMAE-CIIU
95009,http_400,NA,NA,0,IMAE-CIIU
95010,http_400,NA,NA,0,IMAE-CIIU
95011,http_400,NA,NA,0,IMAE-CIIU
95014,http_400,NA,NA,0,IMAE-CIIU
95040,http_400,NA,NA,0,IMAE-CIIU
95052,http_400,NA,NA,0,IMAE-CIIU
95053,http_400,NA,NA,0,IMAE-CIIU
95054,http_400,NA,NA,0,IMAE-CIIU
95055,http_400,NA,NA,0,IMAE-CIIU
95057,http_400,NA,NA,0,IMAE-CIIU
95059,http_400,NA,NA,0,IMAE-CIIU
95060,http_429,NA,NA,0,IMAE-CIIU
95061,http_429,NA,NA,0,IMAE-CIIU
95062,http_429,NA,NA,0,IMAE-CIIU
95063,http_429,NA,NA,0,IMAE-CIIU
95064,http_429,NA,NA,0,IMAE-CIIU
95065,http_429,NA,NA,0,IMAE-CIIU
95066,http_429,NA,NA,0,IMAE-CIIU
95067,http_429,NA,NA,0,IMAE-CIIU
95068,http_429,NA,NA,0,IMAE-CIIU
95069,http_429,NA,NA,0,IMAE-CIIU
95070,http_429,NA,NA,0,IMAE-CIIU
95071,http_429,NA,NA,0,IMAE-CIIU
95072,http_429,NA,NA,0,IMAE-CIIU
95073,http_429,NA,NA,0,IMAE-CIIU
95074,http_429,NA,NA,0,IMAE-CIIU
95075,http_429,NA,NA,0,IMAE-CIIU
95076,http_429,NA,NA,0,IMAE-CIIU
95077,http_429,NA,NA,0,IMAE-CIIU
95078,http_429,NA,NA,0,IMAE-CIIU
95079,http_429,NA,NA,0,IMAE-CIIU
95080,http_429,NA,NA,0,IMAE-CIIU
95081,http_429,NA,NA,0,IMAE-CIIU
95082,http_429,NA,NA,0,IMAE-CIIU
95083,http_429,NA,NA,0,IMAE-CIIU
95084,http_429,NA,NA,0,IMAE-CIIU
95085,http_429,NA,NA,0,IMAE-CIIU
95086,http_429,NA,NA,0,IMAE-CIIU
95087,http_429,NA,NA,0,IMAE-CIIU
95088,http_429,NA,NA,0,IMAE-CIIU
95089,http_429,NA,NA,0,IMAE-CIIU
95090,http_429,NA,NA,0,IMAE-CIIU
95091,http_429,NA,NA,0,IMAE-CIIU
95093,http_400,NA,NA,0,IMAE-CIIU
95095,http_400,NA,NA,0,IMAE-CIIU
95096,http_400,NA,NA,0,IMAE-CIIU
95097,http_429,NA,NA,0,IMAE-CIIU
95098,http_400,NA,NA,0,IMAE-CIIU
95099,http_400,NA,NA,0,IMAE-CIIU
95100,http_400,NA,NA,0,IMAE-CIIU
95101,http_400,NA,NA,0,IMAE-CIIU
95102,http_400,NA,NA,0,IMAE-CIIU
95103,http_400,NA,NA,0,IMAE-CIIU
95125,http_429,NA,NA,0,IMAE-CIIU
95147,http_400,NA,NA,0,IMAE-CIIU
95154,http_429,NA,NA,0,IMAE-CIIU
95155,http_429,NA,NA,0,IMAE-CIIU
95156,http_429,NA,NA,0,IMAE-CIIU
95157,http_429,NA,NA,0,IMAE-CIIU
95158,http_429,NA,NA,0,IMAE-CIIU
95159,http_429,NA,NA,0,IMAE-CIIU
95160,http_429,NA,NA,0,IMAE-CIIU
95161,http_429,NA,NA,0,IMAE-CIIU
95162,http_429,NA,NA,0,IMAE-CIIU
95163,http_429,NA,NA,0,IMAE-CIIU
95164,http_429,NA,NA,0,IMAE-CIIU
95165,http_429,NA,NA,0,IMAE-CIIU
95166,http_429,NA,NA,0,IMAE-CIIU
95167,http_429,NA,NA,0,IMAE-CIIU
95168,http_429,NA,NA,0,IMAE-CIIU
95169,http_429,NA,NA,0,IMAE-CIIU
95171,http_429,NA,NA,0,IMAE-CIIU
95173,http_400,NA,NA,0,IMAE-CIIU
95178,http_400,NA,NA,0,IMAE-CIIU
95179,http_400,NA,NA,0,IMAE-CIIU
95186,http_400,NA,NA,0,IMAE-CIIU
95198,http_400,NA,NA,0,IMAE-CIIU
95199,http_400,NA,NA,0,IMAE-CIIU
95200,http_400,NA,NA,0,IMAE-CIIU
95203,http_429,NA,NA,0,IMAE-CIIU
95207,http_429,NA,NA,0,IMAE-CIIU
95209,http_400,NA,NA,0,IMAE-CIIU
95210,http_429,NA,NA,0,IMAE-CIIU
95211,http_429,NA,NA,0,IMAE-CIIU
95212,http_429,NA,NA,0,IMAE-CIIU
95213,http_429,NA,NA,0,IMAE-CIIU
95214,http_429,NA,NA,0,IMAE-CIIU
95215,http_429,NA,NA,0,IMAE-CIIU
95216,http_429,NA,NA,0,IMAE-CIIU
95217,http_429,NA,NA,0,IMAE-CIIU
95218,http_429,NA,NA,0,IMAE-CIIU
95219,http_429,NA,NA,0,IMAE-CIIU
95220,http_400,NA,NA,0,IMAE-CIIU
95221,http_429,NA,NA,0,IMAE-CIIU
95223,http_429,NA,NA,0,IMAE-CIIU
95245,http_429,NA,NA,0,IMAE-CIIU
95246,http_429,NA,NA,0,IMAE-CIIU
95247,http_429,NA,NA,0,IMAE-CIIU
95248,http_429,NA,NA,0,IMAE-CIIU
95249,http_429,NA,NA,0,IMAE-CIIU
95250,http_429,NA,NA,0,IMAE-CIIU
95251,http_429,NA,NA,0,IMAE-CIIU
95253,http_429,NA,NA,0,IMAE-CIIU
95254,http_429,NA,NA,0,IMAE-CIIU
95258,http_400,NA,NA,0,IMAE-CIIU
95259,http_400,NA,NA,0,IMAE-CIIU
95268,http_400,NA,NA,0,IMAE-CIIU
95270,http_400,NA,NA,0,IMAE-CIIU
95271,http_400,NA,NA,0,IMAE-CIIU
95272,http_400,NA,NA,0,IMAE-CIIU
95273,http_400,NA,NA,0,IMAE-CIIU
95274,http_400,NA,NA,0,IMAE-CIIU
95275,http_429,NA,NA,0,IMAE-CIIU
95276,http_429,NA,NA,0,IMAE-CIIU
95277,http_400,NA,NA,0,IMAE-CIIU
95278,http_400,NA,NA,0,IMAE-CIIU
95281,http_400,NA,NA,0,IMAE-CIIU
95293,http_429,NA,NA,0,IMAE-CIIU
95294,http_429,NA,NA,0,IMAE-CIIU
95295,http_429,NA,NA,0,IMAE-CIIU
95296,http_429,NA,NA,0,IMAE-CIIU
95297,http_429,NA,NA,0,IMAE-CIIU
95298,http_429,NA,NA,0,IMAE-CIIU
35400,http_400,NA,NA,0,IMAE-REGIME
35401,http_429,NA,NA,0,IMAE-REGIME
35402,http_400,NA,NA,0,IMAE-REGIME
35403,http_429,NA,NA,0,IMAE-REGIME
35404,http_400,NA,NA,0,IMAE-REGIME
35405,http_400,NA,NA,0,IMAE-REGIME
35406,http_400,NA,NA,0,IMAE-REGIME
35407,http_429,NA,NA,0,IMAE-REGIME
35408,http_400,NA,NA,0,IMAE-REGIME
35409,http_429,NA,NA,0,IMAE-REGIME
35410,http_400,NA,NA,0,IMAE-REGIME
35411,http_429,NA,NA,0,IMAE-REGIME
35412,http_400,NA,NA,0,IMAE-REGIME
35413,http_429,NA,NA,0,IMAE-REGIME
35414,http_400,NA,NA,0,IMAE-REGIME
35415,http_400,NA,NA,0,IMAE-REGIME
35416,http_429,NA,NA,0,IMAE-REGIME
35417,http_400,NA,NA,0,IMAE-REGIME
35418,http_429,NA,NA,0,IMAE-REGIME
35419,http_400,NA,NA,0,IMAE-REGIME
35420,http_429,NA,NA,0,IMAE-REGIME
35421,http_400,NA,NA,0,IMAE-REGIME
35422,http_429,NA,NA,0,IMAE-REGIME
35423,http_429,NA,NA,0,IMAE-REGIME
35424,http_400,NA,NA,0,IMAE-REGIME
35425,http_429,NA,NA,0,IMAE-REGIME
35426,http_429,NA,NA,0,IMAE-REGIME
35427,http_429,NA,NA,0,IMAE-REGIME
35428,http_400,NA,NA,0,IMAE-REGIME
35429,http_400,NA,NA,0,IMAE-REGIME
35430,http_429,NA,NA,0,IMAE-REGIME
35431,http_400,NA,NA,0,IMAE-REGIME
35432,http_429,NA,NA,0,IMAE-REGIME
35433,http_400,NA,NA,0,IMAE-REGIME
35434,http_400,NA,NA,0,IMAE-REGIME
35435,http_429,NA,NA,0,IMAE-REGIME
35436,http_429,NA,NA,0,IMAE-REGIME
35437,http_400,NA,NA,0,IMAE-REGIME
35438,http_429,NA,NA,0,IMAE-REGIME
35439,http_400,NA,NA,0,IMAE-REGIME
35440,http_429,NA,NA,0,IMAE-REGIME
35441,http_429,NA,NA,0,IMAE-REGIME
35442,http_429,NA,NA,0,IMAE-REGIME
35443,http_429,NA,NA,0,IMAE-REGIME
35444,http_429,NA,NA,0,IMAE-REGIME
35445,http_429,NA,NA,0,IMAE-REGIME
35446,http_429,NA,NA,0,IMAE-REGIME
35447,http_429,NA,NA,0,IMAE-REGIME
35448,http_429,NA,NA,0,IMAE-REGIME
35449,no_data,NA,NA,0,IMAE-REGIME
35450,http_429,NA,NA,0,IMAE-REGIME
35451,http_429,NA,NA,0,IMAE-REGIME
35452,no_data,NA,NA,0,IMAE-REGIME
35453,no_data,NA,NA,0,IMAE-REGIME
35454,no_data,NA,NA,0,IMAE-REGIME
35455,no_data,NA,NA,0,IMAE-REGIME
35456,no_data,NA,NA,0,IMAE-REGIME
35457,no_data,NA,NA,0,IMAE-REGIME
35458,no_data,NA,NA,0,IMAE-REGIME
35459,no_data,NA,NA,0,IMAE-REGIME
35460,no_data,NA,NA,0,IMAE-REGIME
35461,no_data,NA,NA,0,IMAE-REGIME
35462,no_data,NA,NA,0,IMAE-REGIME
35463,no_data,NA,NA,0,IMAE-REGIME
35464,no_data,NA,NA,0,IMAE-REGIME
35465,no_data,NA,NA,0,IMAE-REGIME
35466,no_data,NA,NA,0,IMAE-REGIME
35467,no_data,NA,NA,0,IMAE-REGIME
35468,no_data,NA,NA,0,IMAE-REGIME
35469,network_error,NA,NA,0,IMAE-REGIME
35470,http_400,NA,NA,0,IMAE-REGIME
91016,http_400,NA,NA,0,IMAE-REGIME
91017,http_400,NA,NA,0,IMAE-REGIME
91018,http_400,NA,NA,0,IMAE-REGIME
91019,http_400,NA,NA,0,IMAE-REGIME
91020,http_400,NA,NA,0,IMAE-REGIME
91021,http_400,NA,NA,0,IMAE-REGIME
91022,http_400,NA,NA,0,IMAE-REGIME
91023,http_400,NA,NA,0,IMAE-REGIME
91024,http_400,NA,NA,0,IMAE-REGIME
91025,http_400,NA,NA,0,IMAE-REGIME
91026,http_400,NA,NA,0,IMAE-REGIME
91027,http_400,NA,NA,0,IMAE-REGIME
91028,http_400,NA,NA,0,IMAE-REGIME
91029,http_400,NA,NA,0,IMAE-REGIME
91030,http_400,NA,NA,0,IMAE-REGIME
91031,http_400,NA,NA,0,IMAE-REGIME
91032,http_400,NA,NA,0,IMAE-REGIME
91033,http_400,NA,NA,0,IMAE-REGIME
91034,http_400,NA,NA,0,IMAE-REGIME
91035,http_400,NA,NA,0,IMAE-REGIME
91036,http_400,NA,NA,0,IMAE-REGIME
91037,http_400,NA,NA,0,IMAE-REGIME
91038,http_400,NA,NA,0,IMAE-REGIME
91039,http_400,NA,NA,0,IMAE-REGIME
91040,http_400,NA,NA,0,IMAE-REGIME
91041,http_400,NA,NA,0,IMAE-REGIME
91042,http_400,NA,NA,0,IMAE-REGIME
91043,http_400,NA,NA,0,IMAE-REGIME
91044,http_400,NA,NA,0,IMAE-REGIME
91045,http_400,NA,NA,0,IMAE-REGIME
91046,http_400,NA,NA,0,IMAE-REGIME
91047,http_400,NA,NA,0,IMAE-REGIME
91048,http_400,NA,NA,0,IMAE-REGIME
91049,http_400,NA,NA,0,IMAE-REGIME
91050,http_400,NA,NA,0,IMAE-REGIME
91051,http_400,NA,NA,0,IMAE-REGIME
91052,http_400,NA,NA,0,IMAE-REGIME
91053,http_400,NA,NA,0,IMAE-REGIME
91054,http_400,NA,NA,0,IMAE-REGIME
91055,http_400,NA,NA,0,IMAE-REGIME
91056,http_400,NA,NA,0,IMAE-REGIME
91057,http_400,NA,NA,0,IMAE-REGIME
91058,http_400,NA,NA,0,IMAE-REGIME
91059,http_429,NA,NA,0,IMAE-REGIME
91060,http_429,NA,NA,0,IMAE-REGIME
91061,http_429,NA,NA,0,IMAE-REGIME
91062,http_429,NA,NA,0,IMAE-REGIME
91063,http_429,NA,NA,0,IMAE-REGIME
91064,http_429,NA,NA,0,IMAE-REGIME
91065,http_429,NA,NA,0,IMAE-REGIME
91066,http_429,NA,NA,0,IMAE-REGIME
91067,http_429,NA,NA,0,IMAE-REGIME
91068,http_429,NA,NA,0,IMAE-REGIME
91069,http_429,NA,NA,0,IMAE-REGIME
91070,http_429,NA,NA,0,IMAE-REGIME
91071,http_429,NA,NA,0,IMAE-REGIME
91072,http_429,NA,NA,0,IMAE-REGIME
91073,http_429,NA,NA,0,IMAE-REGIME
91074,http_429,NA,NA,0,IMAE-REGIME
91075,http_429,NA,NA,0,IMAE-REGIME
91076,http_429,NA,NA,0,IMAE-REGIME
91077,http_429,NA,NA,0,IMAE-REGIME
91078,http_429,NA,NA,0,IMAE-REGIME
91079,http_429,NA,NA,0,IMAE-REGIME
91080,http_429,NA,NA,0,IMAE-REGIME
91081,http_429,NA,NA,0,IMAE-REGIME
91082,http_429,NA,NA,0,IMAE-REGIME
91083,http_429,NA,NA,0,IMAE-REGIME
91084,http_429,NA,NA,0,IMAE-REGIME
91085,http_429,NA,NA,0,IMAE-REGIME
91086,http_429,NA,NA,0,IMAE-REGIME
91087,http_429,NA,NA,0,IMAE-REGIME
91088,http_429,NA,NA,0,IMAE-REGIME
91089,http_429,NA,NA,0,IMAE-REGIME
91090,http_429,NA,NA,0,IMAE-REGIME
91091,http_429,NA,NA,0,IMAE-REGIME
91092,http_429,NA,NA,0,IMAE-REGIME
91093,http_429,NA,NA,0,IMAE-REGIME
91094,http_429,NA,NA,0,IMAE-REGIME
91095,http_429,NA,NA,0,IMAE-REGIME
91096,http_429,NA,NA,0,IMAE-REGIME
91097,http_429,NA,NA,0,IMAE-REGIME
91098,http_429,NA,NA,0,IMAE-REGIME
91099,http_429,NA,NA,0,IMAE-REGIME
91100,http_429,NA,NA,0,IMAE-REGIME
91101,http_429,NA,NA,0,IMAE-REGIME
91102,http_429,NA,NA,0,IMAE-REGIME
91103,http_429,NA,NA,0,IMAE-REGIME
91104,http_429,NA,NA,0,IMAE-REGIME
91105,http_429,NA,NA,0,IMAE-REGIME
91106,http_429,NA,NA,0,IMAE-REGIME
91107,http_429,NA,NA,0,IMAE-REGIME
91108,http_429,NA,NA,0,IMAE-REGIME
91109,http_429,NA,NA,0,IMAE-REGIME
91110,http_429,NA,NA,0,IMAE-REGIME
91111,http_429,NA,NA,0,IMAE-REGIME
91112,http_429,NA,NA,0,IMAE-REGIME
91113,http_429,NA,NA,0,IMAE-REGIME
91114,http_429,NA,NA,0,IMAE-REGIME
91115,http_429,NA,NA,0,IMAE-REGIME
91116,http_429,NA,NA,0,IMAE-REGIME
91117,http_429,NA,NA,0,IMAE-REGIME
91121,http_429,NA,NA,0,IMAE-REGIME
91123,http_429,NA,NA,0,IMAE-REGIME
91149,http_400,NA,NA,0,IMAE-REGIME
91150,http_400,NA,NA,0,IMAE-REGIME
91153,http_400,NA,NA,0,IMAE-REGIME
91161,http_400,NA,NA,0,IMAE-REGIME
91169,http_400,NA,NA,0,IMAE-REGIME
91170,http_400,NA,NA,0,IMAE-REGIME
91171,http_400,NA,NA,0,IMAE-REGIME
91172,http_400,NA,NA,0,IMAE-REGIME
91173,http_400,NA,NA,0,IMAE-REGIME
91174,http_400,NA,NA,0,IMAE-REGIME
91180,http_429,NA,NA,0,IMAE-REGIME
91181,http_429,NA,NA,0,IMAE-REGIME
91182,http_429,NA,NA,0,IMAE-REGIME
91183,http_429,NA,NA,0,IMAE-REGIME
91184,http_429,NA,NA,0,IMAE-REGIME
91185,http_429,NA,NA,0,IMAE-REGIME
91186,http_429,NA,NA,0,IMAE-REGIME
91187,http_429,NA,NA,0,IMAE-REGIME
91188,http_429,NA,NA,0,IMAE-REGIME
91189,http_429,NA,NA,0,IMAE-REGIME
91190,http_429,NA,NA,0,IMAE-REGIME
91191,http_429,NA,NA,0,IMAE-REGIME
91192,http_429,NA,NA,0,IMAE-REGIME
91193,http_429,NA,NA,0,IMAE-REGIME
91194,http_429,NA,NA,0,IMAE-REGIME
91195,http_429,NA,NA,0,IMAE-REGIME
91196,http_429,NA,NA,0,IMAE-REGIME
91197,http_429,NA,NA,0,IMAE-REGIME
91198,http_429,NA,NA,0,IMAE-REGIME
91199,http_429,NA,NA,0,IMAE-REGIME
91200,http_429,NA,NA,0,IMAE-REGIME
2700,http_429,NA,NA,0,EXPORTS
2701,http_429,NA,NA,0,EXPORTS
2702,http_429,NA,NA,0,EXPORTS
2703,http_429,NA,NA,0,EXPORTS
2704,http_429,NA,NA,0,EXPORTS
2705,http_429,NA,NA,0,EXPORTS
2706,http_429,NA,NA,0,EXPORTS
2707,http_429,NA,NA,0,EXPORTS
2708,no_data,NA,NA,0,EXPORTS
2709,no_data,NA,NA,0,EXPORTS
2710,no_data,NA,NA,0,EXPORTS
2711,http_429,NA,NA,0,EXPORTS
2712,no_data,NA,NA,0,EXPORTS
2713,no_data,NA,NA,0,EXPORTS
2714,no_data,NA,NA,0,EXPORTS
2715,no_data,NA,NA,0,EXPORTS
2716,no_data,NA,NA,0,EXPORTS
2717,no_data,NA,NA,0,EXPORTS
2718,no_data,NA,NA,0,EXPORTS
2719,http_400,NA,NA,0,EXPORTS
2720,no_data,NA,NA,0,EXPORTS
2721,no_data,NA,NA,0,EXPORTS
2722,no_data,NA,NA,0,EXPORTS
2723,no_data,NA,NA,0,EXPORTS
2724,http_400,NA,NA,0,EXPORTS
2725,no_data,NA,NA,0,EXPORTS
2726,no_data,NA,NA,0,EXPORTS
2727,no_data,NA,NA,0,EXPORTS
2728,no_data,NA,NA,0,EXPORTS
2729,no_data,NA,NA,0,EXPORTS
2730,no_data,NA,NA,0,EXPORTS
2731,no_data,NA,NA,0,EXPORTS
2732,no_data,NA,NA,0,EXPORTS
2733,no_data,NA,NA,0,EXPORTS
2734,no_data,NA,NA,0,EXPORTS
2735,http_400,NA,NA,0,EXPORTS
2736,no_data,NA,NA,0,EXPORTS
2737,http_400,NA,NA,0,EXPORTS
2738,no_data,NA,NA,0,EXPORTS
2739,no_data,NA,NA,0,EXPORTS
2740,no_data,NA,NA,0,EXPORTS
2741,no_data,NA,NA,0,EXPORTS
2742,no_data,NA,NA,0,EXPORTS
2743,no_data,NA,NA,0,EXPORTS
2744,no_data,NA,NA,0,EXPORTS
2745,no_data,NA,NA,0,EXPORTS
2746,no_data,NA,NA,0,EXPORTS
2747,no_data,NA,NA,0,EXPORTS
2748,no_data,NA,NA,0,EXPORTS
2749,no_data,NA,NA,0,EXPORTS
2750,no_data,NA,NA,0,EXPORTS
2751,no_data,NA,NA,0,EXPORTS
2752,no_data,NA,NA,0,EXPORTS
2753,no_data,NA,NA,0,EXPORTS
2754,no_data,NA,NA,0,EXPORTS
2755,no_data,NA,NA,0,EXPORTS
2756,no_data,NA,NA,0,EXPORTS
2757,no_data,NA,NA,0,EXPORTS
2758,http_400,NA,NA,0,EXPORTS
2759,no_data,NA,NA,0,EXPORTS
2760,http_400,NA,NA,0,EXPORTS
2761,no_data,NA,NA,0,EXPORTS
2762,no_data,NA,NA,0,EXPORTS
2763,no_data,NA,NA,0,EXPORTS
2764,no_data,NA,NA,0,EXPORTS
2765,no_data,NA,NA,0,EXPORTS
2766,no_data,NA,NA,0,EXPORTS
2767,no_data,NA,NA,0,EXPORTS
2768,http_400,NA,NA,0,EXPORTS
2769,http_429,NA,NA,0,EXPORTS
2770,http_429,NA,NA,0,EXPORTS
2771,http_429,NA,NA,0,EXPORTS
2772,http_429,NA,NA,0,EXPORTS
2773,http_429,NA,NA,0,EXPORTS
2774,http_429,NA,NA,0,EXPORTS
2775,http_429,NA,NA,0,EXPORTS
2776,http_429,NA,NA,0,EXPORTS
2777,http_429,NA,NA,0,EXPORTS
2778,http_429,NA,NA,0,EXPORTS
2779,http_429,NA,NA,0,EXPORTS
2780,http_429,NA,NA,0,EXPORTS
2781,http_429,NA,NA,0,EXPORTS
2782,http_429,NA,NA,0,EXPORTS
2783,http_429,NA,NA,0,EXPORTS
2784,http_429,NA,NA,0,EXPORTS
2785,http_429,NA,NA,0,EXPORTS
2786,http_400,NA,NA,0,EXPORTS
2787,http_429,NA,NA,0,EXPORTS
2788,network_error,NA,NA,0,EXPORTS
2789,http_400,NA,NA,0,EXPORTS
2790,http_400,NA,NA,0,EXPORTS
2791,no_data,NA,NA,0,EXPORTS
2792,http_400,NA,NA,0,EXPORTS
2797,http_400,NA,NA,0,EXPORTS
2799,http_400,NA,NA,0,EXPORTS
2800,http_400,NA,NA,0,EXPORTS
2804,http_400,NA,NA,0,EXPORTS
2805,no_data,NA,NA,0,EXPORTS
2806,no_data,NA,NA,0,EXPORTS
2807,no_data,NA,NA,0,EXPORTS
2808,no_data,NA,NA,0,EXPORTS
2809,no_data,NA,NA,0,EXPORTS
2810,no_data,NA,NA,0,EXPORTS
2811,no_data,NA,NA,0,EXPORTS
2812,no_data,NA,NA,0,EXPORTS
2813,no_data,NA,NA,0,EXPORTS
2814,no_data,NA,NA,0,EXPORTS
2815,no_data,NA,NA,0,EXPORTS
2816,no_data,NA,NA,0,EXPORTS
2817,http_400,NA,NA,0,EXPORTS
2828,http_400,NA,NA,0,EXPORTS
2835,http_400,NA,NA,0,EXPORTS
2844,http_400,NA,NA,0,EXPORTS
2845,http_400,NA,NA,0,EXPORTS
2848,http_400,NA,NA,0,EXPORTS
2849,http_429,NA,NA,0,EXPORTS
2850,http_429,NA,NA,0,EXPORTS
2851,http_429,NA,NA,0,EXPORTS
2852,http_429,NA,NA,0,EXPORTS
2853,http_429,NA,NA,0,EXPORTS
2854,http_429,NA,NA,0,EXPORTS
2855,http_429,NA,NA,0,EXPORTS
2856,http_429,NA,NA,0,EXPORTS
2857,http_429,NA,NA,0,EXPORTS
2858,http_429,NA,NA,0,EXPORTS
2859,http_429,NA,NA,0,EXPORTS
2860,http_429,NA,NA,0,EXPORTS
2861,http_429,NA,NA,0,EXPORTS
2862,http_429,NA,NA,0,EXPORTS
2863,http_429,NA,NA,0,EXPORTS
2864,http_429,NA,NA,0,EXPORTS
2865,http_429,NA,NA,0,EXPORTS
2866,http_429,NA,NA,0,EXPORTS
2867,http_429,NA,NA,0,EXPORTS
2868,http_429,NA,NA,0,EXPORTS
2869,http_429,NA,NA,0,EXPORTS
2870,http_429,NA,NA,0,EXPORTS
2871,http_429,NA,NA,0,EXPORTS
2872,http_429,NA,NA,0,EXPORTS
2873,http_429,NA,NA,0,EXPORTS
2874,http_400,NA,NA,0,EXPORTS
2875,http_400,NA,NA,0,EXPORTS
2876,http_400,NA,NA,0,EXPORTS
2877,http_400,NA,NA,0,EXPORTS
2878,http_400,NA,NA,0,EXPORTS
2879,http_400,NA,NA,0,EXPORTS
2880,http_400,NA,NA,0,EXPORTS
2881,http_400,NA,NA,0,EXPORTS
2882,http_400,NA,NA,0,EXPORTS
2883,http_400,NA,NA,0,EXPORTS
2884,http_400,NA,NA,0,EXPORTS
2885,no_data,NA,NA,0,EXPORTS
2886,no_data,NA,NA,0,EXPORTS
2887,no_data,NA,NA,0,EXPORTS
2888,no_data,NA,NA,0,EXPORTS
2889,no_data,NA,NA,0,EXPORTS
2890,no_data,NA,NA,0,EXPORTS
2891,no_data,NA,NA,0,EXPORTS
2892,no_data,NA,NA,0,EXPORTS
2893,no_data,NA,NA,0,EXPORTS
2894,no_data,NA,NA,0,EXPORTS
2895,no_data,NA,NA,0,EXPORTS
2896,no_data,NA,NA,0,EXPORTS
2897,no_data,NA,NA,0,EXPORTS
2898,no_data,NA,NA,0,EXPORTS
2899,no_data,NA,NA,0,EXPORTS
2900,no_data,NA,NA,0,EXPORTS
25500,no_data,NA,NA,0,EXPORTS
25501,no_data,NA,NA,0,EXPORTS
25502,http_400,NA,NA,0,EXPORTS
25503,no_data,NA,NA,0,EXPORTS
25504,no_data,NA,NA,0,EXPORTS
25505,no_data,NA,NA,0,EXPORTS
25506,http_400,NA,NA,0,EXPORTS
25507,http_400,NA,NA,0,EXPORTS
25508,http_400,NA,NA,0,EXPORTS
25509,http_400,NA,NA,0,EXPORTS
25510,http_429,NA,NA,0,EXPORTS
25511,http_429,NA,NA,0,EXPORTS
25512,http_400,NA,NA,0,EXPORTS
25513,http_400,NA,NA,0,EXPORTS
25514,http_429,NA,NA,0,EXPORTS
25515,http_400,NA,NA,0,EXPORTS
25516,http_400,NA,NA,0,EXPORTS
25517,http_429,NA,NA,0,EXPORTS
25518,http_400,NA,NA,0,EXPORTS
25519,http_400,NA,NA,0,EXPORTS
25520,http_429,NA,NA,0,EXPORTS
25521,http_400,NA,NA,0,EXPORTS
25522,http_429,NA,NA,0,EXPORTS
25523,http_400,NA,NA,0,EXPORTS
25524,http_429,NA,NA,0,EXPORTS
25525,http_400,NA,NA,0,EXPORTS
25526,http_400,NA,NA,0,EXPORTS
25527,http_429,NA,NA,0,EXPORTS
25528,http_429,NA,NA,0,EXPORTS
25529,http_400,NA,NA,0,EXPORTS
25530,http_429,NA,NA,0,EXPORTS
25531,http_400,NA,NA,0,EXPORTS
25532,http_429,NA,NA,0,EXPORTS
25533,http_400,NA,NA,0,EXPORTS
25534,http_429,NA,NA,0,EXPORTS
25535,http_429,NA,NA,0,EXPORTS
25536,http_429,NA,NA,0,EXPORTS
25537,http_400,NA,NA,0,EXPORTS
25538,http_429,NA,NA,0,EXPORTS
25539,http_400,NA,NA,0,EXPORTS
25540,http_400,NA,NA,0,EXPORTS
25541,http_429,NA,NA,0,EXPORTS
25542,http_400,NA,NA,0,EXPORTS
25543,http_400,NA,NA,0,EXPORTS
25544,http_400,NA,NA,0,EXPORTS
25545,http_400,NA,NA,0,EXPORTS
25546,http_429,NA,NA,0,EXPORTS
25547,http_400,NA,NA,0,EXPORTS
25548,http_400,NA,NA,0,EXPORTS
25549,http_400,NA,NA,0,EXPORTS
25550,http_429,NA,NA,0,EXPORTS
25551,http_429,NA,NA,0,EXPORTS
25552,http_429,NA,NA,0,EXPORTS
25553,http_429,NA,NA,0,EXPORTS
25554,http_429,NA,NA,0,EXPORTS
25555,http_429,NA,NA,0,EXPORTS
25556,http_429,NA,NA,0,EXPORTS
25557,http_429,NA,NA,0,EXPORTS
25558,http_429,NA,NA,0,EXPORTS
25559,http_429,NA,NA,0,EXPORTS
25560,http_429,NA,NA,0,EXPORTS
25561,http_429,NA,NA,0,EXPORTS
25562,http_429,NA,NA,0,EXPORTS
25563,http_429,NA,NA,0,EXPORTS
25564,http_429,NA,NA,0,EXPORTS
25565,http_429,NA,NA,0,EXPORTS
25566,http_429,NA,NA,0,EXPORTS
25567,http_429,NA,NA,0,EXPORTS
25568,http_429,NA,NA,0,EXPORTS
25569,http_429,NA,NA,0,EXPORTS
25570,http_429,NA,NA,0,EXPORTS
25571,http_429,NA,NA,0,EXPORTS
25572,http_429,NA,NA,0,EXPORTS
25573,http_400,NA,NA,0,EXPORTS
25574,http_429,NA,NA,0,EXPORTS
25575,http_400,NA,NA,0,EXPORTS
25576,http_400,NA,NA,0,EXPORTS
25577,http_400,NA,NA,0,EXPORTS
25578,http_400,NA,NA,0,EXPORTS
25579,http_429,NA,NA,0,EXPORTS
25582,http_400,NA,NA,0,EXPORTS
25583,http_429,NA,NA,0,EXPORTS
25584,http_400,NA,NA,0,EXPORTS
25585,http_429,NA,NA,0,EXPORTS
25586,http_400,NA,NA,0,EXPORTS
25587,http_400,NA,NA,0,EXPORTS
25588,http_429,NA,NA,0,EXPORTS
25589,http_400,NA,NA,0,EXPORTS
25590,http_400,NA,NA,0,EXPORTS
25591,http_429,NA,NA,0,EXPORTS
25592,http_400,NA,NA,0,EXPORTS
25593,http_429,NA,NA,0,EXPORTS
25594,http_429,NA,NA,0,EXPORTS
25595,http_400,NA,NA,0,EXPORTS
25596,http_429,NA,NA,0,EXPORTS
25597,http_429,NA,NA,0,EXPORTS
25598,http_400,NA,NA,0,EXPORTS
25599,http_429,NA,NA,0,EXPORTS
25600,http_400,NA,NA,0,EXPORTS
25601,http_400,NA,NA,0,EXPORTS
25602,http_400,NA,NA,0,EXPORTS
25603,http_429,NA,NA,0,EXPORTS
25604,http_400,NA,NA,0,EXPORTS
25605,http_429,NA,NA,0,EXPORTS
25606,http_400,NA,NA,0,EXPORTS
25607,http_429,NA,NA,0,EXPORTS
25608,http_400,NA,NA,0,EXPORTS
25609,network_error,NA,NA,0,EXPORTS
25610,http_400,NA,NA,0,EXPORTS
25611,http_400,NA,NA,0,EXPORTS
25612,http_400,NA,NA,0,EXPORTS
25613,http_400,NA,NA,0,EXPORTS
25614,http_400,NA,NA,0,EXPORTS
25615,http_400,NA,NA,0,EXPORTS
25616,http_400,NA,NA,0,EXPORTS
25617,http_400,NA,NA,0,EXPORTS
25618,http_400,NA,NA,0,EXPORTS
25619,http_400,NA,NA,0,EXPORTS
25620,http_400,NA,NA,0,EXPORTS
25621,http_400,NA,NA,0,EXPORTS
25622,http_400,NA,NA,0,EXPORTS
25623,http_400,NA,NA,0,EXPORTS
25624,http_400,NA,NA,0,EXPORTS
25625,http_400,NA,NA,0,EXPORTS
25626,http_400,NA,NA,0,EXPORTS
25627,http_400,NA,NA,0,EXPORTS
25628,http_400,NA,NA,0,EXPORTS
25629,http_400,NA,NA,0,EXPORTS
25630,http_400,NA,NA,0,EXPORTS
25631,http_400,NA,NA,0,EXPORTS
25632,http_400,NA,NA,0,EXPORTS
25633,http_400,NA,NA,0,EXPORTS
25645,no_data,NA,NA,0,EXPORTS
25646,http_400,NA,NA,0,EXPORTS
25647,http_400,NA,NA,0,EXPORTS
25648,http_400,NA,NA,0,EXPORTS
25664,http_400,NA,NA,0,EXPORTS
25665,http_400,NA,NA,0,EXPORTS
25666,http_400,NA,NA,0,EXPORTS
25667,http_400,NA,NA,0,EXPORTS
25668,http_400,NA,NA,0,EXPORTS
25669,http_400,NA,NA,0,EXPORTS
25670,http_429,NA,NA,0,EXPORTS
25671,http_429,NA,NA,0,EXPORTS
25672,http_429,NA,NA,0,EXPORTS
25673,http_429,NA,NA,0,EXPORTS
25674,http_429,NA,NA,0,EXPORTS
25675,http_429,NA,NA,0,EXPORTS
25676,http_429,NA,NA,0,EXPORTS
25677,http_429,NA,NA,0,EXPORTS
25678,http_429,NA,NA,0,EXPORTS
25679,http_429,NA,NA,0,EXPORTS
25680,http_429,NA,NA,0,EXPORTS
25681,http_429,NA,NA,0,EXPORTS
25682,http_429,NA,NA,0,EXPORTS
25683,http_429,NA,NA,0,EXPORTS
25684,http_429,NA,NA,0,EXPORTS
25685,http_429,NA,NA,0,EXPORTS
25686,http_429,NA,NA,0,EXPORTS
25687,http_429,NA,NA,0,EXPORTS
25688,http_400,NA,NA,0,EXPORTS
25689,http_429,NA,NA,0,EXPORTS
25690,http_400,NA,NA,0,EXPORTS
25691,http_400,NA,NA,0,EXPORTS
25692,http_400,NA,NA,0,EXPORTS
25693,http_429,NA,NA,0,EXPORTS
25694,http_400,NA,NA,0,EXPORTS
25695,http_400,NA,NA,0,EXPORTS
25696,http_400,NA,NA,0,EXPORTS
25697,http_400,NA,NA,0,EXPORTS
25698,http_429,NA,NA,0,EXPORTS
25699,http_429,NA,NA,0,EXPORTS
25700,http_429,NA,NA,0,EXPORTS
25701,http_400,NA,NA,0,EXPORTS
25702,http_400,NA,NA,0,EXPORTS
25703,http_400,NA,NA,0,EXPORTS
25704,http_429,NA,NA,0,EXPORTS
25705,http_400,NA,NA,0,EXPORTS
25706,http_400,NA,NA,0,EXPORTS
25707,http_400,NA,NA,0,EXPORTS
25708,http_400,NA,NA,0,EXPORTS
25709,http_429,NA,NA,0,EXPORTS
25710,http_400,NA,NA,0,EXPORTS
25711,http_400,NA,NA,0,EXPORTS
25712,http_400,NA,NA,0,EXPORTS
25713,http_400,NA,NA,0,EXPORTS
25714,http_400,NA,NA,0,EXPORTS
25715,http_400,NA,NA,0,EXPORTS
25716,http_429,NA,NA,0,EXPORTS
25717,http_400,NA,NA,0,EXPORTS
25718,http_400,NA,NA,0,EXPORTS
25719,http_400,NA,NA,0,EXPORTS
25720,http_400,NA,NA,0,EXPORTS
25721,http_400,NA,NA,0,EXPORTS
25722,http_400,NA,NA,0,EXPORTS
25723,http_400,NA,NA,0,EXPORTS
25724,http_429,NA,NA,0,EXPORTS
25725,http_429,NA,NA,0,EXPORTS
25726,http_429,NA,NA,0,EXPORTS
25727,no_data,NA,NA,0,EXPORTS
25728,no_data,NA,NA,0,EXPORTS
25729,no_data,NA,NA,0,EXPORTS
25730,no_data,NA,NA,0,EXPORTS
25731,http_429,NA,NA,0,EXPORTS
25732,no_data,NA,NA,0,EXPORTS
25733,no_data,NA,NA,0,EXPORTS
25734,http_429,NA,NA,0,EXPORTS
25735,no_data,NA,NA,0,EXPORTS
25736,no_data,NA,NA,0,EXPORTS
25737,network_error,NA,NA,0,EXPORTS
25738,no_data,NA,NA,0,EXPORTS
25739,http_400,NA,NA,0,EXPORTS
25740,http_400,NA,NA,0,EXPORTS
25741,http_400,NA,NA,0,EXPORTS
25742,http_400,NA,NA,0,EXPORTS
25743,http_400,NA,NA,0,EXPORTS
25744,http_400,NA,NA,0,EXPORTS
25745,http_400,NA,NA,0,EXPORTS
25746,http_400,NA,NA,0,EXPORTS
25747,http_400,NA,NA,0,EXPORTS
25748,http_400,NA,NA,0,EXPORTS
25749,http_400,NA,NA,0,EXPORTS
25750,http_400,NA,NA,0,EXPORTS
25751,http_400,NA,NA,0,EXPORTS
25752,http_400,NA,NA,0,EXPORTS
25753,http_400,NA,NA,0,EXPORTS
25754,http_400,NA,NA,0,EXPORTS
25755,http_400,NA,NA,0,EXPORTS
25756,http_400,NA,NA,0,EXPORTS
25757,http_400,NA,NA,0,EXPORTS
25758,http_400,NA,NA,0,EXPORTS
25759,http_400,NA,NA,0,EXPORTS
25760,http_400,NA,NA,0,EXPORTS
25761,http_400,NA,NA,0,EXPORTS
25762,http_400,NA,NA,0,EXPORTS
25763,http_400,NA,NA,0,EXPORTS
25764,http_400,NA,NA,0,EXPORTS
25765,http_400,NA,NA,0,EXPORTS
25766,http_400,NA,NA,0,EXPORTS
25767,http_400,NA,NA,0,EXPORTS
25768,http_400,NA,NA,0,EXPORTS
25769,http_400,NA,NA,0,EXPORTS
25770,http_400,NA,NA,0,EXPORTS
25771,http_400,NA,NA,0,EXPORTS
25772,http_400,NA,NA,0,EXPORTS
25773,http_400,NA,NA,0,EXPORTS
25774,http_400,NA,NA,0,EXPORTS
25775,http_400,NA,NA,0,EXPORTS
25776,http_400,NA,NA,0,EXPORTS
25777,http_400,NA,NA,0,EXPORTS
25778,http_400,NA,NA,0,EXPORTS
25779,http_400,NA,NA,0,EXPORTS
25780,http_400,NA,NA,0,EXPORTS
25781,http_400,NA,NA,0,EXPORTS
25782,http_400,NA,NA,0,EXPORTS
25783,http_400,NA,NA,0,EXPORTS
25784,http_400,NA,NA,0,EXPORTS
25785,http_400,NA,NA,0,EXPORTS
25786,http_400,NA,NA,0,EXPORTS
25787,http_400,NA,NA,0,EXPORTS
25788,http_429,NA,NA,0,EXPORTS
25789,http_429,NA,NA,0,EXPORTS
25790,http_400,NA,NA,0,EXPORTS
25791,http_429,NA,NA,0,EXPORTS
25792,http_400,NA,NA,0,EXPORTS
25793,http_429,NA,NA,0,EXPORTS
25794,http_429,NA,NA,0,EXPORTS
25795,http_429,NA,NA,0,EXPORTS
25796,http_429,NA,NA,0,EXPORTS
25797,http_429,NA,NA,0,EXPORTS
25798,http_400,NA,NA,0,EXPORTS
25799,http_400,NA,NA,0,EXPORTS
25800,http_429,NA,NA,0,EXPORTS
25801,http_400,NA,NA,0,EXPORTS
25802,http_429,NA,NA,0,EXPORTS
25803,http_400,NA,NA,0,EXPORTS
25804,http_429,NA,NA,0,EXPORTS
25805,http_400,NA,NA,0,EXPORTS
25806,http_429,NA,NA,0,EXPORTS
25807,http_429,NA,NA,0,EXPORTS
25808,http_400,NA,NA,0,EXPORTS
25809,http_429,NA,NA,0,EXPORTS
25810,http_429,NA,NA,0,EXPORTS
25811,http_400,NA,NA,0,EXPORTS
25812,http_429,NA,NA,0,EXPORTS
25813,http_429,NA,NA,0,EXPORTS
25814,http_429,NA,NA,0,EXPORTS
25815,http_429,NA,NA,0,EXPORTS
25816,http_429,NA,NA,0,EXPORTS
25817,http_400,NA,NA,0,EXPORTS
25818,http_429,NA,NA,0,EXPORTS
25819,http_429,NA,NA,0,EXPORTS
25820,http_429,NA,NA,0,EXPORTS
25821,http_429,NA,NA,0,EXPORTS
25822,http_429,NA,NA,0,EXPORTS
25823,http_429,NA,NA,0,EXPORTS
25824,http_429,NA,NA,0,EXPORTS
25825,http_429,NA,NA,0,EXPORTS
25826,http_429,NA,NA,0,EXPORTS
25827,http_429,NA,NA,0,EXPORTS
25828,http_429,NA,NA,0,EXPORTS
25829,http_429,NA,NA,0,EXPORTS
25830,http_429,NA,NA,0,EXPORTS
25831,http_429,NA,NA,0,EXPORTS
25832,http_429,NA,NA,0,EXPORTS
25833,http_429,NA,NA,0,EXPORTS
25834,http_429,NA,NA,0,EXPORTS
25835,http_429,NA,NA,0,EXPORTS
25836,http_429,NA,NA,0,EXPORTS
25837,http_429,NA,NA,0,EXPORTS
25838,http_429,NA,NA,0,EXPORTS
25839,http_429,NA,NA,0,EXPORTS
25840,http_429,NA,NA,0,EXPORTS
25841,http_429,NA,NA,0,EXPORTS
25842,http_429,NA,NA,0,EXPORTS
25843,http_429,NA,NA,0,EXPORTS
25844,http_429,NA,NA,0,EXPORTS
25845,http_429,NA,NA,0,EXPORTS
25846,http_429,NA,NA,0,EXPORTS
25847,http_429,NA,NA,0,EXPORTS
25848,http_429,NA,NA,0,EXPORTS
25849,http_429,NA,NA,0,EXPORTS
25850,http_429,NA,NA,0,EXPORTS
25851,http_429,NA,NA,0,EXPORTS
25852,http_429,NA,NA,0,EXPORTS
25853,http_429,NA,NA,0,EXPORTS
25854,http_429,NA,NA,0,EXPORTS
25855,http_429,NA,NA,0,EXPORTS
25856,http_429,NA,NA,0,EXPORTS
25857,http_429,NA,NA,0,EXPORTS
25858,http_429,NA,NA,0,EXPORTS
25859,http_429,NA,NA,0,EXPORTS
25860,http_429,NA,NA,0,EXPORTS
25861,http_429,NA,NA,0,EXPORTS
25862,http_429,NA,NA,0,EXPORTS
25863,http_429,NA,NA,0,EXPORTS
25864,http_429,NA,NA,0,EXPORTS
25865,http_429,NA,NA,0,EXPORTS
25866,http_429,NA,NA,0,EXPORTS
25867,http_429,NA,NA,0,EXPORTS
25868,http_429,NA,NA,0,EXPORTS
25869,http_429,NA,NA,0,EXPORTS
25870,http_429,NA,NA,0,EXPORTS
25871,http_429,NA,NA,0,EXPORTS
25872,http_429,NA,NA,0,EXPORTS
25873,http_429,NA,NA,0,EXPORTS
25874,http_429,NA,NA,0,EXPORTS
25875,http_429,NA,NA,0,EXPORTS
25876,http_429,NA,NA,0,EXPORTS
25877,http_429,NA,NA,0,EXPORTS
25878,http_429,NA,NA,0,EXPORTS
25879,http_429,NA,NA,0,EXPORTS
25880,http_429,NA,NA,0,EXPORTS
25881,http_429,NA,NA,0,EXPORTS
25882,http_429,NA,NA,0,EXPORTS
25883,http_429,NA,NA,0,EXPORTS
25884,http_429,NA,NA,0,EXPORTS
25885,http_429,NA,NA,0,EXPORTS
25886,http_429,NA,NA,0,EXPORTS
25887,http_429,NA,NA,0,EXPORTS
25888,http_429,NA,NA,0,EXPORTS
25889,http_429,NA,NA,0,EXPORTS
25890,http_429,NA,NA,0,EXPORTS
25891,http_429,NA,NA,0,EXPORTS
25892,http_429,NA,NA,0,EXPORTS
25893,http_429,NA,NA,0,EXPORTS
25894,http_429,NA,NA,0,EXPORTS
25895,http_429,NA,NA,0,EXPORTS
25896,http_429,NA,NA,0,EXPORTS
25897,http_429,NA,NA,0,EXPORTS
25898,http_429,NA,NA,0,EXPORTS
25899,http_429,NA,NA,0,EXPORTS
25900,http_429,NA,NA,0,EXPORTS
25901,http_400,NA,NA,0,EXPORTS
25902,http_429,NA,NA,0,EXPORTS
25903,http_429,NA,NA,0,EXPORTS
25904,http_400,NA,NA,0,EXPORTS
25905,http_400,NA,NA,0,EXPORTS
25906,http_400,NA,NA,0,EXPORTS
25907,http_400,NA,NA,0,EXPORTS
25908,http_400,NA,NA,0,EXPORTS
25909,http_400,NA,NA,0,EXPORTS
25910,http_400,NA,NA,0,EXPORTS
25911,http_400,NA,NA,0,EXPORTS
25912,http_400,NA,NA,0,EXPORTS
25913,http_400,NA,NA,0,EXPORTS
25914,http_400,NA,NA,0,EXPORTS
25915,http_400,NA,NA,0,EXPORTS
25916,http_400,NA,NA,0,EXPORTS
25917,http_400,NA,NA,0,EXPORTS
25918,http_400,NA,NA,0,EXPORTS
25919,http_400,NA,NA,0,EXPORTS
25920,http_400,NA,NA,0,EXPORTS
25921,http_400,NA,NA,0,EXPORTS
25922,http_400,NA,NA,0,EXPORTS
25923,http_400,NA,NA,0,EXPORTS
25924,http_429,NA,NA,0,EXPORTS
25925,http_400,NA,NA,0,EXPORTS
25926,http_400,NA,NA,0,EXPORTS
25927,http_400,NA,NA,0,EXPORTS
25928,http_400,NA,NA,0,EXPORTS
25929,http_400,NA,NA,0,EXPORTS
25930,http_400,NA,NA,0,EXPORTS
25931,http_400,NA,NA,0,EXPORTS
25932,http_400,NA,NA,0,EXPORTS
25933,http_429,NA,NA,0,EXPORTS
25934,http_400,NA,NA,0,EXPORTS
25935,http_400,NA,NA,0,EXPORTS
25936,http_400,NA,NA,0,EXPORTS
25937,http_400,NA,NA,0,EXPORTS
25938,http_400,NA,NA,0,EXPORTS
25939,http_400,NA,NA,0,EXPORTS
25940,http_400,NA,NA,0,EXPORTS
25941,http_400,NA,NA,0,EXPORTS
25942,http_400,NA,NA,0,EXPORTS
25943,http_400,NA,NA,0,EXPORTS
25944,http_400,NA,NA,0,EXPORTS
25945,http_400,NA,NA,0,EXPORTS
25946,http_400,NA,NA,0,EXPORTS
25947,http_429,NA,NA,0,EXPORTS
25948,http_400,NA,NA,0,EXPORTS
25949,http_400,NA,NA,0,EXPORTS
25950,http_400,NA,NA,0,EXPORTS
25951,http_400,NA,NA,0,EXPORTS
25952,http_400,NA,NA,0,EXPORTS
25953,http_400,NA,NA,0,EXPORTS
25954,http_400,NA,NA,0,EXPORTS
25955,http_400,NA,NA,0,EXPORTS
25956,http_429,NA,NA,0,EXPORTS
25957,http_429,NA,NA,0,EXPORTS
25958,http_400,NA,NA,0,EXPORTS
25959,http_429,NA,NA,0,EXPORTS
25960,http_400,NA,NA,0,EXPORTS
25961,http_429,NA,NA,0,EXPORTS
25962,http_429,NA,NA,0,EXPORTS
25963,http_429,NA,NA,0,EXPORTS
25964,http_429,NA,NA,0,EXPORTS
25965,http_429,NA,NA,0,EXPORTS
25966,http_400,NA,NA,0,EXPORTS
25967,http_400,NA,NA,0,EXPORTS
25968,http_429,NA,NA,0,EXPORTS
25969,http_429,NA,NA,0,EXPORTS
25970,http_400,NA,NA,0,EXPORTS
25971,http_429,NA,NA,0,EXPORTS
25972,http_400,NA,NA,0,EXPORTS
25973,http_429,NA,NA,0,EXPORTS
25974,http_400,NA,NA,0,EXPORTS
25975,http_429,NA,NA,0,EXPORTS
25976,http_429,NA,NA,0,EXPORTS
25977,http_400,NA,NA,0,EXPORTS
25978,http_429,NA,NA,0,EXPORTS
25979,http_429,NA,NA,0,EXPORTS
25980,http_400,NA,NA,0,EXPORTS
25981,http_429,NA,NA,0,EXPORTS
25982,http_429,NA,NA,0,EXPORTS
25983,http_429,NA,NA,0,EXPORTS
25984,http_429,NA,NA,0,EXPORTS
25985,http_429,NA,NA,0,EXPORTS
25986,http_429,NA,NA,0,EXPORTS
25987,http_400,NA,NA,0,EXPORTS
25988,http_429,NA,NA,0,EXPORTS
25989,http_429,NA,NA,0,EXPORTS
25990,http_429,NA,NA,0,EXPORTS
25991,http_429,NA,NA,0,EXPORTS
25992,http_429,NA,NA,0,EXPORTS
25993,http_429,NA,NA,0,EXPORTS
25994,http_429,NA,NA,0,EXPORTS
25995,http_429,NA,NA,0,EXPORTS
25996,http_429,NA,NA,0,EXPORTS
25997,http_429,NA,NA,0,EXPORTS
25998,http_429,NA,NA,0,EXPORTS
25999,http_429,NA,NA,0,EXPORTS
26000,http_429,NA,NA,0,EXPORTS
26001,http_429,NA,NA,0,EXPORTS
26002,http_429,NA,NA,0,EXPORTS
26003,http_429,NA,NA,0,EXPORTS
26004,http_429,NA,NA,0,EXPORTS
26005,http_429,NA,NA,0,EXPORTS
26006,http_429,NA,NA,0,EXPORTS
26007,http_429,NA,NA,0,EXPORTS
26008,http_429,NA,NA,0,EXPORTS
26009,http_429,NA,NA,0,EXPORTS
26010,http_429,NA,NA,0,EXPORTS
26011,http_429,NA,NA,0,EXPORTS
26012,http_429,NA,NA,0,EXPORTS
26013,http_429,NA,NA,0,EXPORTS
26014,http_429,NA,NA,0,EXPORTS
26015,http_429,NA,NA,0,EXPORTS
26016,http_429,NA,NA,0,EXPORTS
26017,http_429,NA,NA,0,EXPORTS
26018,http_429,NA,NA,0,EXPORTS
26019,http_429,NA,NA,0,EXPORTS
26020,http_429,NA,NA,0,EXPORTS
26021,http_429,NA,NA,0,EXPORTS
26022,http_429,NA,NA,0,EXPORTS
26023,http_429,NA,NA,0,EXPORTS
26024,http_429,NA,NA,0,EXPORTS
26025,http_429,NA,NA,0,EXPORTS
26026,http_429,NA,NA,0,EXPORTS
26027,http_429,NA,NA,0,EXPORTS
26028,http_429,NA,NA,0,EXPORTS
26029,http_429,NA,NA,0,EXPORTS
26030,http_429,NA,NA,0,EXPORTS
26031,http_429,NA,NA,0,EXPORTS
26032,http_429,NA,NA,0,EXPORTS
26033,http_429,NA,NA,0,EXPORTS
26034,http_429,NA,NA,0,EXPORTS
26035,http_429,NA,NA,0,EXPORTS
26036,http_429,NA,NA,0,EXPORTS
26037,http_429,NA,NA,0,EXPORTS
26038,http_429,NA,NA,0,EXPORTS
26039,http_429,NA,NA,0,EXPORTS
26040,http_429,NA,NA,0,EXPORTS
26041,http_429,NA,NA,0,EXPORTS
26042,http_429,NA,NA,0,EXPORTS
26043,http_429,NA,NA,0,EXPORTS
26044,http_429,NA,NA,0,EXPORTS
26045,http_429,NA,NA,0,EXPORTS
26046,http_429,NA,NA,0,EXPORTS
26047,http_429,NA,NA,0,EXPORTS
26048,http_429,NA,NA,0,EXPORTS
26049,http_429,NA,NA,0,EXPORTS
26050,http_429,NA,NA,0,EXPORTS
26051,http_429,NA,NA,0,EXPORTS
26052,http_429,NA,NA,0,EXPORTS
26053,http_429,NA,NA,0,EXPORTS
26054,http_429,NA,NA,0,EXPORTS
26055,http_429,NA,NA,0,EXPORTS
26056,http_429,NA,NA,0,EXPORTS
26057,http_429,NA,NA,0,EXPORTS
26058,http_429,NA,NA,0,EXPORTS
26059,http_429,NA,NA,0,EXPORTS
26060,http_429,NA,NA,0,EXPORTS
26061,http_429,NA,NA,0,EXPORTS
26062,http_429,NA,NA,0,EXPORTS
26063,http_429,NA,NA,0,EXPORTS
26064,http_429,NA,NA,0,EXPORTS
26065,http_429,NA,NA,0,EXPORTS
26066,http_429,NA,NA,0,EXPORTS
26067,http_429,NA,NA,0,EXPORTS
26068,http_429,NA,NA,0,EXPORTS
26069,http_429,NA,NA,0,EXPORTS
26070,http_400,NA,NA,0,EXPORTS
26071,http_429,NA,NA,0,EXPORTS
26072,http_429,NA,NA,0,EXPORTS
26073,http_429,NA,NA,0,EXPORTS
26074,http_400,NA,NA,0,EXPORTS
26075,http_400,NA,NA,0,EXPORTS
26076,http_400,NA,NA,0,EXPORTS
26077,http_400,NA,NA,0,EXPORTS
26078,http_400,NA,NA,0,EXPORTS
26079,http_400,NA,NA,0,EXPORTS
26080,http_429,NA,NA,0,EXPORTS
26081,http_400,NA,NA,0,EXPORTS
26082,http_400,NA,NA,0,EXPORTS
26083,http_400,NA,NA,0,EXPORTS
26084,http_429,NA,NA,0,EXPORTS
26085,http_400,NA,NA,0,EXPORTS
26086,http_400,NA,NA,0,EXPORTS
26087,http_400,NA,NA,0,EXPORTS
26088,http_400,NA,NA,0,EXPORTS
26089,http_400,NA,NA,0,EXPORTS
26090,http_400,NA,NA,0,EXPORTS
26091,http_400,NA,NA,0,EXPORTS
26092,http_400,NA,NA,0,EXPORTS
26093,http_400,NA,NA,0,EXPORTS
26094,http_400,NA,NA,0,EXPORTS
26095,http_400,NA,NA,0,EXPORTS
26096,http_400,NA,NA,0,EXPORTS
26097,http_400,NA,NA,0,EXPORTS
26098,http_400,NA,NA,0,EXPORTS
26099,http_400,NA,NA,0,EXPORTS
26100,http_400,NA,NA,0,EXPORTS
26101,http_400,NA,NA,0,EXPORTS
26102,http_400,NA,NA,0,EXPORTS
26103,http_400,NA,NA,0,EXPORTS
26104,http_400,NA,NA,0,EXPORTS
26105,http_400,NA,NA,0,EXPORTS
26106,http_400,NA,NA,0,EXPORTS
26107,http_400,NA,NA,0,EXPORTS
26108,http_400,NA,NA,0,EXPORTS
26109,http_400,NA,NA,0,EXPORTS
26110,http_400,NA,NA,0,EXPORTS
26111,http_400,NA,NA,0,EXPORTS
26112,http_400,NA,NA,0,EXPORTS
26113,http_400,NA,NA,0,EXPORTS
26114,http_400,NA,NA,0,EXPORTS
26115,http_400,NA,NA,0,EXPORTS
26116,http_400,NA,NA,0,EXPORTS
26117,http_400,NA,NA,0,EXPORTS
26118,http_400,NA,NA,0,EXPORTS
26119,http_400,NA,NA,0,EXPORTS
26120,http_400,NA,NA,0,EXPORTS
26121,http_400,NA,NA,0,EXPORTS
26122,http_400,NA,NA,0,EXPORTS
26123,http_400,NA,NA,0,EXPORTS
26124,http_400,NA,NA,0,EXPORTS
26125,http_400,NA,NA,0,EXPORTS
26126,http_400,NA,NA,0,EXPORTS
26127,http_429,NA,NA,0,EXPORTS
26128,http_429,NA,NA,0,EXPORTS
26129,http_429,NA,NA,0,EXPORTS
26130,http_429,NA,NA,0,EXPORTS
26131,http_400,NA,NA,0,EXPORTS
26132,http_400,NA,NA,0,EXPORTS
26133,http_429,NA,NA,0,EXPORTS
26134,http_400,NA,NA,0,EXPORTS
26135,http_429,NA,NA,0,EXPORTS
26136,http_400,NA,NA,0,EXPORTS
26137,http_429,NA,NA,0,EXPORTS
26138,http_400,NA,NA,0,EXPORTS
26139,http_400,NA,NA,0,EXPORTS
26140,http_429,NA,NA,0,EXPORTS
26141,http_429,NA,NA,0,EXPORTS
26142,http_400,NA,NA,0,EXPORTS
26143,http_429,NA,NA,0,EXPORTS
26144,http_429,NA,NA,0,EXPORTS
26145,http_429,NA,NA,0,EXPORTS
26146,http_429,NA,NA,0,EXPORTS
26147,http_429,NA,NA,0,EXPORTS
26148,http_429,NA,NA,0,EXPORTS
26149,http_400,NA,NA,0,EXPORTS
26150,http_429,NA,NA,0,EXPORTS
26151,http_429,NA,NA,0,EXPORTS
26152,http_429,NA,NA,0,EXPORTS
26153,http_429,NA,NA,0,EXPORTS
26154,http_429,NA,NA,0,EXPORTS
26155,http_429,NA,NA,0,EXPORTS
26156,http_429,NA,NA,0,EXPORTS
26157,http_429,NA,NA,0,EXPORTS
26158,http_429,NA,NA,0,EXPORTS
26159,http_429,NA,NA,0,EXPORTS
26160,http_429,NA,NA,0,EXPORTS
26161,http_429,NA,NA,0,EXPORTS
26162,http_429,NA,NA,0,EXPORTS
26163,http_429,NA,NA,0,EXPORTS
26164,http_429,NA,NA,0,EXPORTS
26165,http_429,NA,NA,0,EXPORTS
26166,http_429,NA,NA,0,EXPORTS
26167,http_429,NA,NA,0,EXPORTS
26168,http_429,NA,NA,0,EXPORTS
26169,http_429,NA,NA,0,EXPORTS
26170,http_429,NA,NA,0,EXPORTS
26171,http_429,NA,NA,0,EXPORTS
26172,http_429,NA,NA,0,EXPORTS
26173,http_429,NA,NA,0,EXPORTS
26174,http_429,NA,NA,0,EXPORTS
26175,http_429,NA,NA,0,EXPORTS
26176,http_429,NA,NA,0,EXPORTS
26177,http_429,NA,NA,0,EXPORTS
26178,http_429,NA,NA,0,EXPORTS
26179,http_429,NA,NA,0,EXPORTS
26180,http_429,NA,NA,0,EXPORTS
26181,http_429,NA,NA,0,EXPORTS
26182,http_429,NA,NA,0,EXPORTS
26183,http_429,NA,NA,0,EXPORTS
26184,http_429,NA,NA,0,EXPORTS
26185,http_429,NA,NA,0,EXPORTS
26186,http_429,NA,NA,0,EXPORTS
26187,http_429,NA,NA,0,EXPORTS
26188,http_429,NA,NA,0,EXPORTS
26189,http_429,NA,NA,0,EXPORTS
26190,http_429,NA,NA,0,EXPORTS
26191,http_429,NA,NA,0,EXPORTS
26192,http_429,NA,NA,0,EXPORTS
26193,http_429,NA,NA,0,EXPORTS
26194,http_429,NA,NA,0,EXPORTS
26195,http_429,NA,NA,0,EXPORTS
26196,http_429,NA,NA,0,EXPORTS
26197,http_429,NA,NA,0,EXPORTS
26198,http_429,NA,NA,0,EXPORTS
26199,http_429,NA,NA,0,EXPORTS
26200,http_429,NA,NA,0,EXPORTS
26201,http_429,NA,NA,0,EXPORTS
26202,http_429,NA,NA,0,EXPORTS
26203,http_429,NA,NA,0,EXPORTS
26204,http_429,NA,NA,0,EXPORTS
26205,http_429,NA,NA,0,EXPORTS
26206,http_429,NA,NA,0,EXPORTS
26207,http_429,NA,NA,0,EXPORTS
26208,http_429,NA,NA,0,EXPORTS
26209,http_429,NA,NA,0,EXPORTS
26210,http_429,NA,NA,0,EXPORTS
26211,http_429,NA,NA,0,EXPORTS
26212,http_429,NA,NA,0,EXPORTS
26213,http_429,NA,NA,0,EXPORTS
26214,http_429,NA,NA,0,EXPORTS
26215,http_429,NA,NA,0,EXPORTS
26216,http_429,NA,NA,0,EXPORTS
26217,http_429,NA,NA,0,EXPORTS
26218,http_429,NA,NA,0,EXPORTS
26219,http_429,NA,NA,0,EXPORTS
26220,http_429,NA,NA,0,EXPORTS
26221,http_429,NA,NA,0,EXPORTS
26222,http_429,NA,NA,0,EXPORTS
26223,http_429,NA,NA,0,EXPORTS
26224,http_429,NA,NA,0,EXPORTS
26225,http_429,NA,NA,0,EXPORTS
26226,http_429,NA,NA,0,EXPORTS
26227,http_429,NA,NA,0,EXPORTS
26228,http_429,NA,NA,0,EXPORTS
26229,http_429,NA,NA,0,EXPORTS
26230,http_429,NA,NA,0,EXPORTS
26231,http_429,NA,NA,0,EXPORTS
26232,http_429,NA,NA,0,EXPORTS
26233,http_400,NA,NA,0,EXPORTS
26234,http_429,NA,NA,0,EXPORTS
26235,http_429,NA,NA,0,EXPORTS
26236,http_400,NA,NA,0,EXPORTS
26237,http_400,NA,NA,0,EXPORTS
26238,http_400,NA,NA,0,EXPORTS
26239,http_429,NA,NA,0,EXPORTS
26240,http_400,NA,NA,0,EXPORTS
26241,http_400,NA,NA,0,EXPORTS
26242,http_400,NA,NA,0,EXPORTS
26243,http_429,NA,NA,0,EXPORTS
26244,http_400,NA,NA,0,EXPORTS
26245,http_400,NA,NA,0,EXPORTS
26246,http_400,NA,NA,0,EXPORTS
26247,http_400,NA,NA,0,EXPORTS
26248,http_400,NA,NA,0,EXPORTS
26249,http_400,NA,NA,0,EXPORTS
26250,http_400,NA,NA,0,EXPORTS
26251,http_400,NA,NA,0,EXPORTS
26252,http_400,NA,NA,0,EXPORTS
26253,http_400,NA,NA,0,EXPORTS
26254,http_400,NA,NA,0,EXPORTS
26255,http_400,NA,NA,0,EXPORTS
26256,http_400,NA,NA,0,EXPORTS
26257,http_400,NA,NA,0,EXPORTS
26258,http_400,NA,NA,0,EXPORTS
26259,http_400,NA,NA,0,EXPORTS
26260,http_400,NA,NA,0,EXPORTS
26261,http_400,NA,NA,0,EXPORTS
26262,http_400,NA,NA,0,EXPORTS
26263,http_400,NA,NA,0,EXPORTS
26264,http_400,NA,NA,0,EXPORTS
26265,http_400,NA,NA,0,EXPORTS
26266,http_400,NA,NA,0,EXPORTS
26267,http_400,NA,NA,0,EXPORTS
26268,http_400,NA,NA,0,EXPORTS
26269,http_400,NA,NA,0,EXPORTS
26270,http_400,NA,NA,0,EXPORTS
26271,http_400,NA,NA,0,EXPORTS
26272,http_400,NA,NA,0,EXPORTS
26273,http_400,NA,NA,0,EXPORTS
26274,http_400,NA,NA,0,EXPORTS
26275,http_400,NA,NA,0,EXPORTS
26276,http_400,NA,NA,0,EXPORTS
26277,http_400,NA,NA,0,EXPORTS
26278,http_400,NA,NA,0,EXPORTS
26279,http_400,NA,NA,0,EXPORTS
26280,http_400,NA,NA,0,EXPORTS
26281,http_400,NA,NA,0,EXPORTS
26282,http_400,NA,NA,0,EXPORTS
26283,http_400,NA,NA,0,EXPORTS
26284,http_400,NA,NA,0,EXPORTS
26285,http_400,NA,NA,0,EXPORTS
26286,http_400,NA,NA,0,EXPORTS
26287,http_400,NA,NA,0,EXPORTS
26288,http_400,NA,NA,0,EXPORTS
26289,http_429,NA,NA,0,EXPORTS
26290,http_429,NA,NA,0,EXPORTS
26291,http_429,NA,NA,0,EXPORTS
26292,http_400,NA,NA,0,EXPORTS
26293,http_429,NA,NA,0,EXPORTS
26294,http_400,NA,NA,0,EXPORTS
26295,http_429,NA,NA,0,EXPORTS
26296,http_429,NA,NA,0,EXPORTS
26297,http_400,NA,NA,0,EXPORTS
26298,http_429,NA,NA,0,EXPORTS
26299,http_400,NA,NA,0,EXPORTS
26300,http_400,NA,NA,0,EXPORTS
26301,http_429,NA,NA,0,EXPORTS
26302,http_429,NA,NA,0,EXPORTS
26303,http_429,NA,NA,0,EXPORTS
26304,http_400,NA,NA,0,EXPORTS
26305,http_429,NA,NA,0,EXPORTS
26306,http_400,NA,NA,0,EXPORTS
26307,http_429,NA,NA,0,EXPORTS
26308,http_429,NA,NA,0,EXPORTS
26309,http_429,NA,NA,0,EXPORTS
26310,http_429,NA,NA,0,EXPORTS
26311,http_429,NA,NA,0,EXPORTS
26312,http_429,NA,NA,0,EXPORTS
26313,http_400,NA,NA,0,EXPORTS
26314,http_429,NA,NA,0,EXPORTS
26315,http_429,NA,NA,0,EXPORTS
26316,http_429,NA,NA,0,EXPORTS
26317,http_429,NA,NA,0,EXPORTS
26318,http_429,NA,NA,0,EXPORTS
26319,http_429,NA,NA,0,EXPORTS
26320,http_429,NA,NA,0,EXPORTS
26321,http_429,NA,NA,0,EXPORTS
26322,http_429,NA,NA,0,EXPORTS
26323,http_429,NA,NA,0,EXPORTS
26324,http_429,NA,NA,0,EXPORTS
26325,http_429,NA,NA,0,EXPORTS
26326,http_429,NA,NA,0,EXPORTS
26327,http_429,NA,NA,0,EXPORTS
26328,http_429,NA,NA,0,EXPORTS
26329,http_429,NA,NA,0,EXPORTS
26330,http_429,NA,NA,0,EXPORTS
26331,http_429,NA,NA,0,EXPORTS
26332,http_429,NA,NA,0,EXPORTS
26333,http_429,NA,NA,0,EXPORTS
26334,http_429,NA,NA,0,EXPORTS
26335,http_429,NA,NA,0,EXPORTS
26336,http_429,NA,NA,0,EXPORTS
26337,http_429,NA,NA,0,EXPORTS
26338,http_429,NA,NA,0,EXPORTS
26339,http_429,NA,NA,0,EXPORTS
26340,http_429,NA,NA,0,EXPORTS
26341,http_429,NA,NA,0,EXPORTS
26342,http_429,NA,NA,0,EXPORTS
26343,http_429,NA,NA,0,EXPORTS
26344,http_429,NA,NA,0,EXPORTS
26345,http_429,NA,NA,0,EXPORTS
26346,http_429,NA,NA,0,EXPORTS
26347,http_429,NA,NA,0,EXPORTS
26348,http_429,NA,NA,0,EXPORTS
26349,http_429,NA,NA,0,EXPORTS
26350,http_429,NA,NA,0,EXPORTS
26351,http_429,NA,NA,0,EXPORTS
26352,http_429,NA,NA,0,EXPORTS
26353,http_429,NA,NA,0,EXPORTS
26354,http_429,NA,NA,0,EXPORTS
26355,http_429,NA,NA,0,EXPORTS
26356,http_429,NA,NA,0,EXPORTS
26357,http_429,NA,NA,0,EXPORTS
26358,http_429,NA,NA,0,EXPORTS
26359,http_429,NA,NA,0,EXPORTS
26360,http_429,NA,NA,0,EXPORTS
26361,http_429,NA,NA,0,EXPORTS
26362,http_429,NA,NA,0,EXPORTS
26363,http_429,NA,NA,0,EXPORTS
26364,http_429,NA,NA,0,EXPORTS
26365,http_429,NA,NA,0,EXPORTS
26366,http_429,NA,NA,0,EXPORTS
26367,http_429,NA,NA,0,EXPORTS
26368,http_429,NA,NA,0,EXPORTS
26369,http_429,NA,NA,0,EXPORTS
26370,http_429,NA,NA,0,EXPORTS
26371,http_429,NA,NA,0,EXPORTS
26372,http_429,NA,NA,0,EXPORTS
26373,http_429,NA,NA,0,EXPORTS
26374,http_429,NA,NA,0,EXPORTS
26375,http_429,NA,NA,0,EXPORTS
26376,http_429,NA,NA,0,EXPORTS
26377,http_429,NA,NA,0,EXPORTS
26378,http_429,NA,NA,0,EXPORTS
26379,http_429,NA,NA,0,EXPORTS
26380,http_429,NA,NA,0,EXPORTS
26381,http_429,NA,NA,0,EXPORTS
26382,http_429,NA,NA,0,EXPORTS
26383,http_429,NA,NA,0,EXPORTS
26384,http_429,NA,NA,0,EXPORTS
26385,http_429,NA,NA,0,EXPORTS
26386,http_429,NA,NA,0,EXPORTS
26387,http_429,NA,NA,0,EXPORTS
26388,http_429,NA,NA,0,EXPORTS
26389,http_429,NA,NA,0,EXPORTS
26390,http_429,NA,NA,0,EXPORTS
26391,http_429,NA,NA,0,EXPORTS
26392,http_429,NA,NA,0,EXPORTS
26393,http_429,NA,NA,0,EXPORTS
26394,http_429,NA,NA,0,EXPORTS
26395,http_429,NA,NA,0,EXPORTS
26396,http_429,NA,NA,0,EXPORTS
26397,http_400,NA,NA,0,EXPORTS
26398,http_429,NA,NA,0,EXPORTS
26399,http_400,NA,NA,0,EXPORTS
26400,http_429,NA,NA,0,EXPORTS
26401,http_400,NA,NA,0,EXPORTS
26402,http_400,NA,NA,0,EXPORTS
26403,http_400,NA,NA,0,EXPORTS
26404,http_400,NA,NA,0,EXPORTS
26405,http_400,NA,NA,0,EXPORTS
26406,http_400,NA,NA,0,EXPORTS
26407,http_400,NA,NA,0,EXPORTS
26408,http_400,NA,NA,0,EXPORTS
26409,http_400,NA,NA,0,EXPORTS
26410,http_400,NA,NA,0,EXPORTS
26411,http_400,NA,NA,0,EXPORTS
26412,http_400,NA,NA,0,EXPORTS
26413,http_400,NA,NA,0,EXPORTS
26414,http_400,NA,NA,0,EXPORTS
26415,http_400,NA,NA,0,EXPORTS
26416,http_400,NA,NA,0,EXPORTS
26417,http_400,NA,NA,0,EXPORTS
26418,http_400,NA,NA,0,EXPORTS
26419,http_400,NA,NA,0,EXPORTS
26420,http_400,NA,NA,0,EXPORTS
26421,http_400,NA,NA,0,EXPORTS
26422,http_400,NA,NA,0,EXPORTS
26423,http_400,NA,NA,0,EXPORTS
26424,network_error,NA,NA,0,EXPORTS
26425,http_400,NA,NA,0,EXPORTS
26426,http_400,NA,NA,0,EXPORTS
26427,http_400,NA,NA,0,EXPORTS
26428,http_400,NA,NA,0,EXPORTS
26429,http_400,NA,NA,0,EXPORTS
26430,http_400,NA,NA,0,EXPORTS
26431,http_400,NA,NA,0,EXPORTS
26432,http_400,NA,NA,0,EXPORTS
26433,http_400,NA,NA,0,EXPORTS
26434,http_400,NA,NA,0,EXPORTS
26435,http_400,NA,NA,0,EXPORTS
26436,http_400,NA,NA,0,EXPORTS
26437,http_400,NA,NA,0,EXPORTS
26438,http_400,NA,NA,0,EXPORTS
26439,http_400,NA,NA,0,EXPORTS
26440,http_400,NA,NA,0,EXPORTS
26441,http_400,NA,NA,0,EXPORTS
26442,http_400,NA,NA,0,EXPORTS
26443,http_400,NA,NA,0,EXPORTS
26444,http_400,NA,NA,0,EXPORTS
26445,http_400,NA,NA,0,EXPORTS
26446,http_400,NA,NA,0,EXPORTS
26447,http_400,NA,NA,0,EXPORTS
26448,http_400,NA,NA,0,EXPORTS
26449,http_400,NA,NA,0,EXPORTS
26450,http_400,NA,NA,0,EXPORTS
26451,http_400,NA,NA,0,EXPORTS
26452,http_400,NA,NA,0,EXPORTS
26453,http_400,NA,NA,0,EXPORTS
26454,http_400,NA,NA,0,EXPORTS
26455,http_400,NA,NA,0,EXPORTS
26456,http_400,NA,NA,0,EXPORTS
26457,http_400,NA,NA,0,EXPORTS
26458,http_400,NA,NA,0,EXPORTS
26459,http_400,NA,NA,0,EXPORTS
26460,http_400,NA,NA,0,EXPORTS
26461,http_400,NA,NA,0,EXPORTS
26462,http_400,NA,NA,0,EXPORTS
26463,http_400,NA,NA,0,EXPORTS
26464,http_400,NA,NA,0,EXPORTS
26465,http_400,NA,NA,0,EXPORTS
26466,http_400,NA,NA,0,EXPORTS
26467,http_400,NA,NA,0,EXPORTS
26468,http_400,NA,NA,0,EXPORTS
26469,http_400,NA,NA,0,EXPORTS
26470,http_400,NA,NA,0,EXPORTS
26471,http_400,NA,NA,0,EXPORTS
26472,http_400,NA,NA,0,EXPORTS
26473,http_400,NA,NA,0,EXPORTS
26474,http_400,NA,NA,0,EXPORTS
26475,http_400,NA,NA,0,EXPORTS
26476,http_400,NA,NA,0,EXPORTS
26477,http_400,NA,NA,0,EXPORTS
26478,http_400,NA,NA,0,EXPORTS
26479,http_400,NA,NA,0,EXPORTS
26480,http_400,NA,NA,0,EXPORTS
26481,http_400,NA,NA,0,EXPORTS
26482,http_400,NA,NA,0,EXPORTS
26483,http_400,NA,NA,0,EXPORTS
26484,http_400,NA,NA,0,EXPORTS
26485,http_429,NA,NA,0,EXPORTS
26486,http_429,NA,NA,0,EXPORTS
26487,http_429,NA,NA,0,EXPORTS
26488,http_429,NA,NA,0,EXPORTS
26489,http_429,NA,NA,0,EXPORTS
26490,http_429,NA,NA,0,EXPORTS
26491,http_429,NA,NA,0,EXPORTS
26492,http_429,NA,NA,0,EXPORTS
26493,http_429,NA,NA,0,EXPORTS
26494,http_429,NA,NA,0,EXPORTS
26495,http_429,NA,NA,0,EXPORTS
26496,http_429,NA,NA,0,EXPORTS
26497,http_429,NA,NA,0,EXPORTS
26498,http_429,NA,NA,0,EXPORTS
26499,http_429,NA,NA,0,EXPORTS
26500,http_429,NA,NA,0,EXPORTS
4470,http_429,NA,NA,0,EXPORTS
4471,http_429,NA,NA,0,EXPORTS
4472,http_429,NA,NA,0,EXPORTS
4473,http_429,NA,NA,0,EXPORTS
4474,http_429,NA,NA,0,EXPORTS
4475,http_429,NA,NA,0,EXPORTS
4476,http_429,NA,NA,0,EXPORTS
4477,http_429,NA,NA,0,EXPORTS
4478,http_429,NA,NA,0,EXPORTS
4479,http_429,NA,NA,0,EXPORTS
4480,http_429,NA,NA,0,EXPORTS
4481,network_error,NA,NA,0,EXPORTS
4482,http_400,NA,NA,0,EXPORTS
4483,http_400,NA,NA,0,EXPORTS
4484,http_400,NA,NA,0,EXPORTS
4485,http_400,NA,NA,0,EXPORTS
4486,http_400,NA,NA,0,EXPORTS
4487,http_400,NA,NA,0,EXPORTS
4488,http_400,NA,NA,0,EXPORTS
4489,http_400,NA,NA,0,EXPORTS
4490,http_400,NA,NA,0,EXPORTS
4491,http_400,NA,NA,0,EXPORTS
4492,http_400,NA,NA,0,EXPORTS
4493,http_400,NA,NA,0,EXPORTS
4494,http_400,NA,NA,0,EXPORTS
4495,http_400,NA,NA,0,EXPORTS
4496,http_400,NA,NA,0,EXPORTS
4497,http_400,NA,NA,0,EXPORTS
4498,http_400,NA,NA,0,EXPORTS
4499,http_400,NA,NA,0,EXPORTS
4500,http_400,NA,NA,0,EXPORTS
4501,http_400,NA,NA,0,EXPORTS
4502,http_400,NA,NA,0,EXPORTS
4503,http_400,NA,NA,0,EXPORTS
4504,http_400,NA,NA,0,EXPORTS
4505,http_400,NA,NA,0,EXPORTS
4506,http_400,NA,NA,0,EXPORTS
4507,http_400,NA,NA,0,EXPORTS
4508,http_400,NA,NA,0,EXPORTS
4509,http_400,NA,NA,0,EXPORTS
4510,http_400,NA,NA,0,EXPORTS
4511,http_400,NA,NA,0,EXPORTS
4512,http_400,NA,NA,0,EXPORTS
4513,http_400,NA,NA,0,EXPORTS
4514,http_400,NA,NA,0,EXPORTS
4515,http_400,NA,NA,0,EXPORTS
4516,http_400,NA,NA,0,EXPORTS
4517,http_400,NA,NA,0,EXPORTS
4518,http_400,NA,NA,0,EXPORTS
4519,http_400,NA,NA,0,EXPORTS
4520,http_400,NA,NA,0,EXPORTS
4790,no_data,NA,NA,0,EXPORTS
4791,http_400,NA,NA,0,EXPORTS
4792,http_400,NA,NA,0,EXPORTS
4793,http_400,NA,NA,0,EXPORTS
4794,no_data,NA,NA,0,EXPORTS
4795,http_400,NA,NA,0,EXPORTS
4796,http_400,NA,NA,0,EXPORTS
4797,http_400,NA,NA,0,EXPORTS
4798,no_data,NA,NA,0,EXPORTS
4799,http_400,NA,NA,0,EXPORTS
4800,http_400,NA,NA,0,EXPORTS
4801,http_400,NA,NA,0,EXPORTS
4802,no_data,NA,NA,0,EXPORTS
4803,http_400,NA,NA,0,EXPORTS
4804,http_400,NA,NA,0,EXPORTS
4805,http_400,NA,NA,0,EXPORTS
4806,no_data,NA,NA,0,EXPORTS
4807,http_400,NA,NA,0,EXPORTS
4808,http_400,NA,NA,0,EXPORTS
4809,http_400,NA,NA,0,EXPORTS
4810,http_429,NA,NA,0,EXPORTS
31900,http_429,NA,NA,0,EXPORTS
31901,http_429,NA,NA,0,EXPORTS
31902,http_429,NA,NA,0,EXPORTS
31903,http_429,NA,NA,0,EXPORTS
31904,http_429,NA,NA,0,EXPORTS
31905,http_429,NA,NA,0,EXPORTS
31906,http_429,NA,NA,0,EXPORTS
31907,http_429,NA,NA,0,EXPORTS
31908,http_429,NA,NA,0,EXPORTS
31909,http_429,NA,NA,0,EXPORTS
31910,http_429,NA,NA,0,EXPORTS
31911,http_429,NA,NA,0,EXPORTS
31912,http_429,NA,NA,0,EXPORTS
31913,http_429,NA,NA,0,EXPORTS
31914,http_429,NA,NA,0,EXPORTS
31915,http_429,NA,NA,0,EXPORTS
31916,http_429,NA,NA,0,EXPORTS
31917,http_429,NA,NA,0,EXPORTS
31918,http_429,NA,NA,0,EXPORTS
31919,http_429,NA,NA,0,EXPORTS
31920,http_429,NA,NA,0,EXPORTS
31921,http_429,NA,NA,0,EXPORTS
31922,http_429,NA,NA,0,EXPORTS
31923,http_429,NA,NA,0,EXPORTS
31924,http_429,NA,NA,0,EXPORTS
31925,http_429,NA,NA,0,EXPORTS
31926,http_429,NA,NA,0,EXPORTS
31927,http_429,NA,NA,0,EXPORTS
31928,http_429,NA,NA,0,EXPORTS
31929,http_429,NA,NA,0,EXPORTS
31930,http_429,NA,NA,0,EXPORTS
31931,http_429,NA,NA,0,EXPORTS
31932,http_429,NA,NA,0,EXPORTS
31933,http_429,NA,NA,0,EXPORTS
31934,http_429,NA,NA,0,EXPORTS
31935,http_429,NA,NA,0,EXPORTS
31936,http_429,NA,NA,0,EXPORTS
31937,http_429,NA,NA,0,EXPORTS
31938,http_429,NA,NA,0,EXPORTS
31939,http_429,NA,NA,0,EXPORTS
31940,http_429,NA,NA,0,EXPORTS
31941,http_429,NA,NA,0,EXPORTS
31942,http_429,NA,NA,0,EXPORTS
31943,http_429,NA,NA,0,EXPORTS
31944,http_429,NA,NA,0,EXPORTS
31945,http_429,NA,NA,0,EXPORTS
31946,http_429,NA,NA,0,EXPORTS
31947,http_429,NA,NA,0,EXPORTS
31948,http_429,NA,NA,0,EXPORTS
31949,http_429,NA,NA,0,EXPORTS
31950,http_429,NA,NA,0,EXPORTS
31951,http_429,NA,NA,0,EXPORTS
31952,http_429,NA,NA,0,EXPORTS
31953,http_429,NA,NA,0,EXPORTS
31954,http_429,NA,NA,0,EXPORTS
31955,http_429,NA,NA,0,EXPORTS
31956,http_429,NA,NA,0,EXPORTS
31957,http_429,NA,NA,0,EXPORTS
31958,http_429,NA,NA,0,EXPORTS
31959,http_429,NA,NA,0,EXPORTS
31960,http_429,NA,NA,0,EXPORTS
31961,http_429,NA,NA,0,EXPORTS
31962,http_429,NA,NA,0,EXPORTS
31963,http_429,NA,NA,0,EXPORTS
31964,http_429,NA,NA,0,EXPORTS
31965,http_429,NA,NA,0,EXPORTS
31966,http_429,NA,NA,0,EXPORTS
31967,http_429,NA,NA,0,EXPORTS
31968,http_429,NA,NA,0,EXPORTS
31969,http_429,NA,NA,0,EXPORTS
31970,http_429,NA,NA,0,EXPORTS
31971,http_429,NA,NA,0,EXPORTS
31972,http_429,NA,NA,0,EXPORTS
31973,http_429,NA,NA,0,EXPORTS
31974,http_429,NA,NA,0,EXPORTS
31975,http_429,NA,NA,0,EXPORTS
31976,http_429,NA,NA,0,EXPORTS
31977,http_429,NA,NA,0,EXPORTS
31978,http_429,NA,NA,0,EXPORTS
31979,http_429,NA,NA,0,EXPORTS
31980,http_429,NA,NA,0,EXPORTS
31981,http_429,NA,NA,0,EXPORTS
31982,http_429,NA,NA,0,EXPORTS
31983,http_429,NA,NA,0,EXPORTS
31984,http_429,NA,NA,0,EXPORTS
31985,http_429,NA,NA,0,EXPORTS
31986,http_429,NA,NA,0,EXPORTS
31987,http_429,NA,NA,0,EXPORTS
31988,http_429,NA,NA,0,EXPORTS
31989,http_429,NA,NA,0,EXPORTS
31990,http_429,NA,NA,0,EXPORTS
31991,http_429,NA,NA,0,EXPORTS
31992,http_429,NA,NA,0,EXPORTS
31993,http_429,NA,NA,0,EXPORTS
31994,http_429,NA,NA,0,EXPORTS
31995,http_429,NA,NA,0,EXPORTS
31996,http_429,NA,NA,0,EXPORTS
31997,http_429,NA,NA,0,EXPORTS
31998,http_429,NA,NA,0,EXPORTS
31999,http_400,NA,NA,0,EXPORTS
32000,http_429,NA,NA,0,EXPORTS
32001,http_429,NA,NA,0,EXPORTS
32002,http_400,NA,NA,0,EXPORTS
32003,http_400,NA,NA,0,EXPORTS
32004,http_400,NA,NA,0,EXPORTS
32005,http_400,NA,NA,0,EXPORTS
32006,http_400,NA,NA,0,EXPORTS
32007,http_400,NA,NA,0,EXPORTS
32008,http_400,NA,NA,0,EXPORTS
32009,http_400,NA,NA,0,EXPORTS
32010,http_400,NA,NA,0,EXPORTS
32011,http_400,NA,NA,0,EXPORTS
32012,http_400,NA,NA,0,EXPORTS
32013,http_400,NA,NA,0,EXPORTS
32014,http_400,NA,NA,0,EXPORTS
32015,http_400,NA,NA,0,EXPORTS
32016,http_400,NA,NA,0,EXPORTS
32017,http_400,NA,NA,0,EXPORTS
32018,http_400,NA,NA,0,EXPORTS
32019,http_400,NA,NA,0,EXPORTS
32020,http_400,NA,NA,0,EXPORTS
32021,http_400,NA,NA,0,EXPORTS
32022,http_400,NA,NA,0,EXPORTS
32023,http_400,NA,NA,0,EXPORTS
32024,http_400,NA,NA,0,EXPORTS
32025,http_400,NA,NA,0,EXPORTS
32026,http_400,NA,NA,0,EXPORTS
32027,http_400,NA,NA,0,EXPORTS
32028,http_400,NA,NA,0,EXPORTS
32029,http_400,NA,NA,0,EXPORTS
32030,http_400,NA,NA,0,EXPORTS
32031,http_400,NA,NA,0,EXPORTS
32032,http_400,NA,NA,0,EXPORTS
32033,http_400,NA,NA,0,EXPORTS
32034,http_400,NA,NA,0,EXPORTS
32035,http_400,NA,NA,0,EXPORTS
32036,http_400,NA,NA,0,EXPORTS
32037,http_400,NA,NA,0,EXPORTS
32038,http_429,NA,NA,0,EXPORTS
32039,http_400,NA,NA,0,EXPORTS
32040,http_429,NA,NA,0,EXPORTS
32041,http_400,NA,NA,0,EXPORTS
32042,http_429,NA,NA,0,EXPORTS
32043,http_400,NA,NA,0,EXPORTS
32044,http_400,NA,NA,0,EXPORTS
32045,http_400,NA,NA,0,EXPORTS
32046,http_400,NA,NA,0,EXPORTS
32047,http_400,NA,NA,0,EXPORTS
32048,http_400,NA,NA,0,EXPORTS
32049,http_429,NA,NA,0,EXPORTS
32050,http_400,NA,NA,0,EXPORTS
32051,http_400,NA,NA,0,EXPORTS
32052,http_400,NA,NA,0,EXPORTS
32053,http_400,NA,NA,0,EXPORTS
32054,http_400,NA,NA,0,EXPORTS
32055,http_400,NA,NA,0,EXPORTS
32056,http_400,NA,NA,0,EXPORTS
32057,http_400,NA,NA,0,EXPORTS
32058,http_400,NA,NA,0,EXPORTS
32059,http_400,NA,NA,0,EXPORTS
32060,http_400,NA,NA,0,EXPORTS
32061,http_400,NA,NA,0,EXPORTS
32062,http_400,NA,NA,0,EXPORTS
32063,http_400,NA,NA,0,EXPORTS
32064,http_400,NA,NA,0,EXPORTS
32065,http_429,NA,NA,0,EXPORTS
32066,http_429,NA,NA,0,EXPORTS
32067,http_429,NA,NA,0,EXPORTS
32068,http_429,NA,NA,0,EXPORTS
32069,http_429,NA,NA,0,EXPORTS
32070,http_429,NA,NA,0,EXPORTS
32071,http_429,NA,NA,0,EXPORTS
32072,http_429,NA,NA,0,EXPORTS
32073,http_429,NA,NA,0,EXPORTS
32074,http_429,NA,NA,0,EXPORTS
32075,http_429,NA,NA,0,EXPORTS
32076,http_429,NA,NA,0,EXPORTS
32077,http_429,NA,NA,0,EXPORTS
32078,http_429,NA,NA,0,EXPORTS
32079,http_429,NA,NA,0,EXPORTS
32080,http_429,NA,NA,0,EXPORTS
32081,http_429,NA,NA,0,EXPORTS
32082,http_429,NA,NA,0,EXPORTS
32083,http_429,NA,NA,0,EXPORTS
32084,http_429,NA,NA,0,EXPORTS
32085,http_429,NA,NA,0,EXPORTS
32086,http_429,NA,NA,0,EXPORTS
32087,http_429,NA,NA,0,EXPORTS
32088,http_429,NA,NA,0,EXPORTS
32089,http_429,NA,NA,0,EXPORTS
32090,http_429,NA,NA,0,EXPORTS
32091,http_429,NA,NA,0,EXPORTS
32092,http_429,NA,NA,0,EXPORTS
32093,http_429,NA,NA,0,EXPORTS
32094,http_429,NA,NA,0,EXPORTS
32095,http_429,NA,NA,0,EXPORTS
32096,http_429,NA,NA,0,EXPORTS
32097,http_429,NA,NA,0,EXPORTS
32098,http_429,NA,NA,0,EXPORTS
32099,http_429,NA,NA,0,EXPORTS
32100,http_429,NA,NA,0,EXPORTS
4500,http_429,NA,NA,0,CREDIT
4501,http_429,NA,NA,0,CREDIT
4502,http_429,NA,NA,0,CREDIT
4503,http_429,NA,NA,0,CREDIT
4504,http_429,NA,NA,0,CREDIT
4505,http_429,NA,NA,0,CREDIT
4506,http_429,NA,NA,0,CREDIT
4507,http_429,NA,NA,0,CREDIT
4508,http_429,NA,NA,0,CREDIT
4509,http_429,NA,NA,0,CREDIT
4510,http_429,NA,NA,0,CREDIT
4511,http_429,NA,NA,0,CREDIT
4512,http_429,NA,NA,0,CREDIT
4513,http_429,NA,NA,0,CREDIT
4514,http_429,NA,NA,0,CREDIT
4515,http_429,NA,NA,0,CREDIT
4516,http_429,NA,NA,0,CREDIT
4517,http_429,NA,NA,0,CREDIT
4518,http_429,NA,NA,0,CREDIT
4519,http_429,NA,NA,0,CREDIT
4520,http_429,NA,NA,0,CREDIT
4521,http_429,NA,NA,0,CREDIT
4522,http_429,NA,NA,0,CREDIT
4523,http_429,NA,NA,0,CREDIT
4524,http_429,NA,NA,0,CREDIT
4525,http_429,NA,NA,0,CREDIT
4526,http_429,NA,NA,0,CREDIT
4527,http_429,NA,NA,0,CREDIT
4528,http_429,NA,NA,0,CREDIT
4529,http_429,NA,NA,0,CREDIT
4530,http_429,NA,NA,0,CREDIT
4531,http_429,NA,NA,0,CREDIT
4532,http_429,NA,NA,0,CREDIT
4533,http_429,NA,NA,0,CREDIT
4534,http_429,NA,NA,0,CREDIT
4535,http_429,NA,NA,0,CREDIT
4536,http_429,NA,NA,0,CREDIT
4537,http_429,NA,NA,0,CREDIT
4538,http_429,NA,NA,0,CREDIT
4539,http_429,NA,NA,0,CREDIT
4540,http_429,NA,NA,0,CREDIT
4541,http_429,NA,NA,0,CREDIT
4542,http_429,NA,NA,0,CREDIT
4543,http_429,NA,NA,0,CREDIT
4544,http_429,NA,NA,0,CREDIT
4545,http_429,NA,NA,0,CREDIT
4546,http_429,NA,NA,0,CREDIT
4547,http_429,NA,NA,0,CREDIT
4548,http_429,NA,NA,0,CREDIT
4549,http_429,NA,NA,0,CREDIT
4550,http_429,NA,NA,0,CREDIT
4551,http_429,NA,NA,0,CREDIT
4552,http_429,NA,NA,0,CREDIT
4553,http_429,NA,NA,0,CREDIT
4554,http_429,NA,NA,0,CREDIT
4555,http_429,NA,NA,0,CREDIT
4556,http_429,NA,NA,0,CREDIT
4557,http_429,NA,NA,0,CREDIT
4558,http_429,NA,NA,0,CREDIT
4559,http_429,NA,NA,0,CREDIT
4560,http_429,NA,NA,0,CREDIT
4561,http_400,NA,NA,0,CREDIT
4562,http_429,NA,NA,0,CREDIT
4563,http_429,NA,NA,0,CREDIT
4564,http_400,NA,NA,0,CREDIT
4565,http_400,NA,NA,0,CREDIT
4566,http_400,NA,NA,0,CREDIT
4567,http_400,NA,NA,0,CREDIT
4568,http_400,NA,NA,0,CREDIT
4569,http_400,NA,NA,0,CREDIT
4570,http_400,NA,NA,0,CREDIT
4571,http_400,NA,NA,0,CREDIT
4572,http_400,NA,NA,0,CREDIT
4573,http_400,NA,NA,0,CREDIT
4574,http_400,NA,NA,0,CREDIT
4575,http_400,NA,NA,0,CREDIT
4576,http_400,NA,NA,0,CREDIT
4577,http_400,NA,NA,0,CREDIT
4578,http_400,NA,NA,0,CREDIT
4579,http_400,NA,NA,0,CREDIT
4580,http_400,NA,NA,0,CREDIT
4581,http_400,NA,NA,0,CREDIT
4582,http_400,NA,NA,0,CREDIT
4583,http_400,NA,NA,0,CREDIT
4584,http_400,NA,NA,0,CREDIT
4585,http_400,NA,NA,0,CREDIT
4586,http_400,NA,NA,0,CREDIT
4587,http_400,NA,NA,0,CREDIT
4588,http_400,NA,NA,0,CREDIT
4589,http_400,NA,NA,0,CREDIT
4590,http_400,NA,NA,0,CREDIT
4591,http_400,NA,NA,0,CREDIT
4592,http_400,NA,NA,0,CREDIT
4593,http_400,NA,NA,0,CREDIT
4594,http_400,NA,NA,0,CREDIT
4595,http_400,NA,NA,0,CREDIT
4596,http_400,NA,NA,0,CREDIT
4597,http_400,NA,NA,0,CREDIT
4598,http_400,NA,NA,0,CREDIT
4599,http_400,NA,NA,0,CREDIT
4600,http_400,NA,NA,0,CREDIT
4601,http_400,NA,NA,0,CREDIT
4602,http_400,NA,NA,0,CREDIT
4603,http_400,NA,NA,0,CREDIT
4604,http_400,NA,NA,0,CREDIT
4605,http_400,NA,NA,0,CREDIT
4606,http_400,NA,NA,0,CREDIT
4607,http_400,NA,NA,0,CREDIT
4608,http_400,NA,NA,0,CREDIT
4609,http_400,NA,NA,0,CREDIT
4610,http_400,NA,NA,0,CREDIT
4611,http_400,NA,NA,0,CREDIT
4612,http_400,NA,NA,0,CREDIT
4613,http_400,NA,NA,0,CREDIT
4614,http_400,NA,NA,0,CREDIT
4615,http_400,NA,NA,0,CREDIT
4616,http_400,NA,NA,0,CREDIT
4617,http_400,NA,NA,0,CREDIT
4618,http_400,NA,NA,0,CREDIT
4619,http_400,NA,NA,0,CREDIT
4620,http_400,NA,NA,0,CREDIT
4621,http_400,NA,NA,0,CREDIT
4622,http_400,NA,NA,0,CREDIT
4623,http_429,NA,NA,0,CREDIT
4624,http_429,NA,NA,0,CREDIT
4625,http_429,NA,NA,0,CREDIT
4626,http_429,NA,NA,0,CREDIT
4627,http_429,NA,NA,0,CREDIT
4628,http_429,NA,NA,0,CREDIT
4629,http_429,NA,NA,0,CREDIT
4630,http_429,NA,NA,0,CREDIT
4631,http_429,NA,NA,0,CREDIT
4632,http_429,NA,NA,0,CREDIT
4633,http_429,NA,NA,0,CREDIT
4634,http_429,NA,NA,0,CREDIT
4635,http_429,NA,NA,0,CREDIT
4636,http_429,NA,NA,0,CREDIT
4637,http_429,NA,NA,0,CREDIT
4638,http_429,NA,NA,0,CREDIT
4639,http_429,NA,NA,0,CREDIT
4640,http_429,NA,NA,0,CREDIT
4641,http_429,NA,NA,0,CREDIT
4642,http_429,NA,NA,0,CREDIT
4643,http_429,NA,NA,0,CREDIT
4644,http_429,NA,NA,0,CREDIT
4645,http_429,NA,NA,0,CREDIT
4646,http_429,NA,NA,0,CREDIT
4647,http_429,NA,NA,0,CREDIT
4648,http_429,NA,NA,0,CREDIT
4649,http_429,NA,NA,0,CREDIT
4650,http_429,NA,NA,0,CREDIT
4651,http_429,NA,NA,0,CREDIT
4652,http_429,NA,NA,0,CREDIT
4653,http_429,NA,NA,0,CREDIT
4654,http_429,NA,NA,0,CREDIT
4655,http_429,NA,NA,0,CREDIT
4656,http_429,NA,NA,0,CREDIT
4657,http_429,NA,NA,0,CREDIT
4658,http_429,NA,NA,0,CREDIT
4659,http_429,NA,NA,0,CREDIT
4660,http_429,NA,NA,0,CREDIT
4661,http_429,NA,NA,0,CREDIT
4662,http_429,NA,NA,0,CREDIT
4663,http_429,NA,NA,0,CREDIT
4664,http_429,NA,NA,0,CREDIT
4665,http_429,NA,NA,0,CREDIT
4666,http_429,NA,NA,0,CREDIT
4667,http_429,NA,NA,0,CREDIT
4668,http_429,NA,NA,0,CREDIT
4669,http_429,NA,NA,0,CREDIT
4670,http_429,NA,NA,0,CREDIT
4671,http_429,NA,NA,0,CREDIT
4672,http_429,NA,NA,0,CREDIT
4673,http_429,NA,NA,0,CREDIT
4674,http_429,NA,NA,0,CREDIT
4675,http_429,NA,NA,0,CREDIT
4676,http_429,NA,NA,0,CREDIT
4677,http_429,NA,NA,0,CREDIT
4678,http_429,NA,NA,0,CREDIT
4679,http_429,NA,NA,0,CREDIT
4680,http_429,NA,NA,0,CREDIT
4681,http_429,NA,NA,0,CREDIT
4682,http_429,NA,NA,0,CREDIT
4683,http_429,NA,NA,0,CREDIT
4684,http_429,NA,NA,0,CREDIT
4685,http_429,NA,NA,0,CREDIT
4686,http_429,NA,NA,0,CREDIT
4687,http_429,NA,NA,0,CREDIT
4688,http_429,NA,NA,0,CREDIT
4689,http_429,NA,NA,0,CREDIT
4690,http_429,NA,NA,0,CREDIT
4691,http_429,NA,NA,0,CREDIT
4692,http_429,NA,NA,0,CREDIT
4693,http_429,NA,NA,0,CREDIT
4694,http_429,NA,NA,0,CREDIT
4695,http_429,NA,NA,0,CREDIT
4696,http_429,NA,NA,0,CREDIT
4697,http_429,NA,NA,0,CREDIT
4698,http_429,NA,NA,0,CREDIT
4699,http_429,NA,NA,0,CREDIT
4700,http_429,NA,NA,0,CREDIT
4701,http_429,NA,NA,0,CREDIT
4702,http_429,NA,NA,0,CREDIT
4703,http_429,NA,NA,0,CREDIT
4704,http_429,NA,NA,0,CREDIT
4705,http_429,NA,NA,0,CREDIT
4706,http_429,NA,NA,0,CREDIT
4707,http_429,NA,NA,0,CREDIT
4708,http_429,NA,NA,0,CREDIT
4709,http_429,NA,NA,0,CREDIT
4710,http_429,NA,NA,0,CREDIT
4711,http_429,NA,NA,0,CREDIT
4712,http_429,NA,NA,0,CREDIT
4713,http_429,NA,NA,0,CREDIT
4714,http_400,NA,NA,0,CREDIT
4715,http_429,NA,NA,0,CREDIT
4716,http_429,NA,NA,0,CREDIT
4717,http_429,NA,NA,0,CREDIT
4718,http_400,NA,NA,0,CREDIT
4719,http_400,NA,NA,0,CREDIT
4720,http_429,NA,NA,0,CREDIT
4721,http_429,NA,NA,0,CREDIT
4722,no_data,NA,NA,0,CREDIT
4723,http_400,NA,NA,0,CREDIT
4724,http_400,NA,NA,0,CREDIT
4725,http_400,NA,NA,0,CREDIT
4726,no_data,NA,NA,0,CREDIT
4727,http_400,NA,NA,0,CREDIT
4728,http_400,NA,NA,0,CREDIT
4729,no_data,NA,NA,0,CREDIT
4730,http_400,NA,NA,0,CREDIT
4731,http_400,NA,NA,0,CREDIT
4732,no_data,NA,NA,0,CREDIT
4733,http_400,NA,NA,0,CREDIT
4734,http_400,NA,NA,0,CREDIT
4735,no_data,NA,NA,0,CREDIT
4736,http_400,NA,NA,0,CREDIT
4737,http_400,NA,NA,0,CREDIT
4738,no_data,NA,NA,0,CREDIT
4739,http_400,NA,NA,0,CREDIT
4740,http_400,NA,NA,0,CREDIT
4741,http_400,NA,NA,0,CREDIT
4742,http_400,NA,NA,0,CREDIT
4743,http_400,NA,NA,0,CREDIT
4744,http_400,NA,NA,0,CREDIT
4745,http_400,NA,NA,0,CREDIT
4746,http_400,NA,NA,0,CREDIT
4747,http_400,NA,NA,0,CREDIT
4748,http_400,NA,NA,0,CREDIT
4749,no_data,NA,NA,0,CREDIT
4750,http_400,NA,NA,0,CREDIT
4751,http_400,NA,NA,0,CREDIT
4752,no_data,NA,NA,0,CREDIT
4753,http_400,NA,NA,0,CREDIT
4754,http_400,NA,NA,0,CREDIT
4755,no_data,NA,NA,0,CREDIT
4756,no_data,NA,NA,0,CREDIT
4757,http_400,NA,NA,0,CREDIT
4758,http_400,NA,NA,0,CREDIT
4759,http_400,NA,NA,0,CREDIT
4760,no_data,NA,NA,0,CREDIT
4761,http_400,NA,NA,0,CREDIT
4762,http_400,NA,NA,0,CREDIT
4763,http_400,NA,NA,0,CREDIT
4764,no_data,NA,NA,0,CREDIT
4765,http_400,NA,NA,0,CREDIT
4766,http_400,NA,NA,0,CREDIT
4767,http_400,NA,NA,0,CREDIT
4768,no_data,NA,NA,0,CREDIT
4769,http_400,NA,NA,0,CREDIT
4770,http_400,NA,NA,0,CREDIT
4771,http_400,NA,NA,0,CREDIT
4772,http_400,NA,NA,0,CREDIT
4773,http_400,NA,NA,0,CREDIT
4774,http_400,NA,NA,0,CREDIT
4775,http_400,NA,NA,0,CREDIT
4776,http_400,NA,NA,0,CREDIT
4777,http_400,NA,NA,0,CREDIT
4778,no_data,NA,NA,0,CREDIT
4779,http_429,NA,NA,0,CREDIT
4780,http_429,NA,NA,0,CREDIT
4781,http_429,NA,NA,0,CREDIT
4782,http_429,NA,NA,0,CREDIT
4783,http_429,NA,NA,0,CREDIT
4784,http_429,NA,NA,0,CREDIT
4785,http_429,NA,NA,0,CREDIT
4786,http_429,NA,NA,0,CREDIT
4787,http_429,NA,NA,0,CREDIT
4788,http_429,NA,NA,0,CREDIT
4789,http_429,NA,NA,0,CREDIT
4790,http_429,NA,NA,0,CREDIT
4791,http_429,NA,NA,0,CREDIT
4792,http_429,NA,NA,0,CREDIT
4793,http_429,NA,NA,0,CREDIT
4794,http_429,NA,NA,0,CREDIT
4795,http_429,NA,NA,0,CREDIT
4796,http_429,NA,NA,0,CREDIT
4797,http_429,NA,NA,0,CREDIT
4798,http_429,NA,NA,0,CREDIT
4799,http_429,NA,NA,0,CREDIT
4800,http_429,NA,NA,0,CREDIT
4801,http_429,NA,NA,0,CREDIT
4802,http_429,NA,NA,0,CREDIT
4803,http_429,NA,NA,0,CREDIT
4804,http_429,NA,NA,0,CREDIT
4805,http_429,NA,NA,0,CREDIT
4806,http_429,NA,NA,0,CREDIT
4807,http_429,NA,NA,0,CREDIT
4808,http_429,NA,NA,0,CREDIT
4809,http_429,NA,NA,0,CREDIT
4810,http_429,NA,NA,0,CREDIT
4811,http_429,NA,NA,0,CREDIT
4812,http_429,NA,NA,0,CREDIT
4813,http_429,NA,NA,0,CREDIT
4814,http_429,NA,NA,0,CREDIT
4815,http_429,NA,NA,0,CREDIT
4816,http_429,NA,NA,0,CREDIT
4817,http_429,NA,NA,0,CREDIT
4818,http_429,NA,NA,0,CREDIT
4819,http_429,NA,NA,0,CREDIT
4820,http_429,NA,NA,0,CREDIT
4821,http_429,NA,NA,0,CREDIT
4822,http_429,NA,NA,0,CREDIT
4823,http_429,NA,NA,0,CREDIT
4824,http_429,NA,NA,0,CREDIT
4825,http_429,NA,NA,0,CREDIT
4826,http_429,NA,NA,0,CREDIT
4827,http_429,NA,NA,0,CREDIT
4828,http_429,NA,NA,0,CREDIT
4829,http_429,NA,NA,0,CREDIT
4830,http_429,NA,NA,0,CREDIT
4831,http_429,NA,NA,0,CREDIT
4832,http_429,NA,NA,0,CREDIT
4833,http_429,NA,NA,0,CREDIT
4834,http_429,NA,NA,0,CREDIT
4835,http_429,NA,NA,0,CREDIT
4836,http_429,NA,NA,0,CREDIT
4837,http_429,NA,NA,0,CREDIT
4838,http_429,NA,NA,0,CREDIT
4839,http_429,NA,NA,0,CREDIT
4840,http_429,NA,NA,0,CREDIT
4841,http_429,NA,NA,0,CREDIT
4842,http_429,NA,NA,0,CREDIT
4843,http_429,NA,NA,0,CREDIT
4844,http_429,NA,NA,0,CREDIT
4845,http_429,NA,NA,0,CREDIT
4846,http_429,NA,NA,0,CREDIT
4847,http_429,NA,NA,0,CREDIT
4848,http_429,NA,NA,0,CREDIT
4849,http_429,NA,NA,0,CREDIT
4850,http_429,NA,NA,0,CREDIT
4851,http_429,NA,NA,0,CREDIT
4852,http_429,NA,NA,0,CREDIT
4853,http_429,NA,NA,0,CREDIT
4854,http_429,NA,NA,0,CREDIT
4855,http_429,NA,NA,0,CREDIT
4856,http_429,NA,NA,0,CREDIT
4857,http_429,NA,NA,0,CREDIT
4858,http_429,NA,NA,0,CREDIT
4859,http_429,NA,NA,0,CREDIT
4860,http_400,NA,NA,0,CREDIT
4861,http_429,NA,NA,0,CREDIT
4862,http_429,NA,NA,0,CREDIT
4863,http_429,NA,NA,0,CREDIT
4864,http_400,NA,NA,0,CREDIT
4865,http_400,NA,NA,0,CREDIT
4866,http_429,NA,NA,0,CREDIT
4867,http_400,NA,NA,0,CREDIT
4868,http_429,NA,NA,0,CREDIT
4869,http_400,NA,NA,0,CREDIT
4870,http_400,NA,NA,0,CREDIT
4871,http_429,NA,NA,0,CREDIT
4872,http_400,NA,NA,0,CREDIT
4873,http_400,NA,NA,0,CREDIT
4874,http_429,NA,NA,0,CREDIT
4875,http_400,NA,NA,0,CREDIT
4876,http_400,NA,NA,0,CREDIT
4877,http_400,NA,NA,0,CREDIT
4878,http_429,NA,NA,0,CREDIT
4879,http_400,NA,NA,0,CREDIT
4880,http_400,NA,NA,0,CREDIT
4881,http_400,NA,NA,0,CREDIT
4882,http_429,NA,NA,0,CREDIT
4883,http_429,NA,NA,0,CREDIT
4884,http_429,NA,NA,0,CREDIT
4885,http_400,NA,NA,0,CREDIT
4886,http_400,NA,NA,0,CREDIT
4887,http_429,NA,NA,0,CREDIT
4888,http_400,NA,NA,0,CREDIT
4889,http_400,NA,NA,0,CREDIT
4890,http_400,NA,NA,0,CREDIT
4891,http_400,NA,NA,0,CREDIT
4892,http_400,NA,NA,0,CREDIT
4893,http_400,NA,NA,0,CREDIT
4894,http_400,NA,NA,0,CREDIT
4895,http_400,NA,NA,0,CREDIT
4896,http_400,NA,NA,0,CREDIT
4897,http_400,NA,NA,0,CREDIT
4898,http_400,NA,NA,0,CREDIT
4899,http_400,NA,NA,0,CREDIT
4900,http_400,NA,NA,0,CREDIT
4901,http_400,NA,NA,0,CREDIT
4902,http_400,NA,NA,0,CREDIT
4903,http_400,NA,NA,0,CREDIT
4904,http_400,NA,NA,0,CREDIT
4905,http_400,NA,NA,0,CREDIT
4906,http_400,NA,NA,0,CREDIT
4907,http_400,NA,NA,0,CREDIT
4908,http_400,NA,NA,0,CREDIT
4909,http_429,NA,NA,0,CREDIT
4910,http_400,NA,NA,0,CREDIT
4911,http_429,NA,NA,0,CREDIT
4912,http_400,NA,NA,0,CREDIT
4913,http_429,NA,NA,0,CREDIT
4914,http_400,NA,NA,0,CREDIT
4915,http_429,NA,NA,0,CREDIT
4916,http_400,NA,NA,0,CREDIT
4917,http_400,NA,NA,0,CREDIT
4918,http_400,NA,NA,0,CREDIT
4919,no_data,NA,NA,0,CREDIT
4920,no_data,NA,NA,0,CREDIT
4921,no_data,NA,NA,0,CREDIT
4922,no_data,NA,NA,0,CREDIT
4923,no_data,NA,NA,0,CREDIT
4924,no_data,NA,NA,0,CREDIT
4925,no_data,NA,NA,0,CREDIT
4926,no_data,NA,NA,0,CREDIT
4927,no_data,NA,NA,0,CREDIT
4928,no_data,NA,NA,0,CREDIT
4929,no_data,NA,NA,0,CREDIT
4930,no_data,NA,NA,0,CREDIT
4931,no_data,NA,NA,0,CREDIT
4932,no_data,NA,NA,0,CREDIT
4933,no_data,NA,NA,0,CREDIT
4934,no_data,NA,NA,0,CREDIT
4935,no_data,NA,NA,0,CREDIT
4936,http_429,NA,NA,0,CREDIT
4937,http_429,NA,NA,0,CREDIT
4938,http_429,NA,NA,0,CREDIT
4939,http_429,NA,NA,0,CREDIT
4940,http_429,NA,NA,0,CREDIT
4941,http_429,NA,NA,0,CREDIT
4942,http_429,NA,NA,0,CREDIT
4943,http_429,NA,NA,0,CREDIT
4944,http_429,NA,NA,0,CREDIT
4945,http_429,NA,NA,0,CREDIT
4946,http_429,NA,NA,0,CREDIT
4947,http_429,NA,NA,0,CREDIT
4948,http_429,NA,NA,0,CREDIT
4949,http_429,NA,NA,0,CREDIT
4950,http_429,NA,NA,0,CREDIT
4951,http_429,NA,NA,0,CREDIT
4952,http_429,NA,NA,0,CREDIT
4953,http_429,NA,NA,0,CREDIT
4954,http_429,NA,NA,0,CREDIT
4955,http_429,NA,NA,0,CREDIT
4956,http_429,NA,NA,0,CREDIT
4957,http_429,NA,NA,0,CREDIT
4958,http_429,NA,NA,0,CREDIT
4959,http_429,NA,NA,0,CREDIT
4960,http_429,NA,NA,0,CREDIT
4961,http_429,NA,NA,0,CREDIT
4962,http_429,NA,NA,0,CREDIT
4963,http_429,NA,NA,0,CREDIT
4964,http_429,NA,NA,0,CREDIT
4965,http_429,NA,NA,0,CREDIT
4966,http_429,NA,NA,0,CREDIT
4967,http_429,NA,NA,0,CREDIT
4968,http_429,NA,NA,0,CREDIT
4969,http_429,NA,NA,0,CREDIT
4970,http_429,NA,NA,0,CREDIT
4971,http_429,NA,NA,0,CREDIT
4972,http_429,NA,NA,0,CREDIT
4973,http_429,NA,NA,0,CREDIT
4974,http_429,NA,NA,0,CREDIT
4975,http_429,NA,NA,0,CREDIT
4976,http_429,NA,NA,0,CREDIT
4977,http_429,NA,NA,0,CREDIT
4978,http_429,NA,NA,0,CREDIT
4979,http_429,NA,NA,0,CREDIT
4980,http_429,NA,NA,0,CREDIT
4981,http_429,NA,NA,0,CREDIT
4982,http_429,NA,NA,0,CREDIT
4983,http_429,NA,NA,0,CREDIT
4984,http_429,NA,NA,0,CREDIT
4985,http_429,NA,NA,0,CREDIT
4986,http_429,NA,NA,0,CREDIT
4987,http_429,NA,NA,0,CREDIT
4988,http_429,NA,NA,0,CREDIT
4989,http_429,NA,NA,0,CREDIT
4990,http_429,NA,NA,0,CREDIT
4991,http_429,NA,NA,0,CREDIT
4992,http_429,NA,NA,0,CREDIT
4993,http_429,NA,NA,0,CREDIT
4994,http_429,NA,NA,0,CREDIT
4995,http_429,NA,NA,0,CREDIT
4996,http_429,NA,NA,0,CREDIT
4997,http_429,NA,NA,0,CREDIT
4998,http_429,NA,NA,0,CREDIT
4999,http_429,NA,NA,0,CREDIT
5000,http_429,NA,NA,0,CREDIT
5001,http_429,NA,NA,0,CREDIT
5002,http_429,NA,NA,0,CREDIT
5003,http_429,NA,NA,0,CREDIT
5004,http_429,NA,NA,0,CREDIT
5005,http_429,NA,NA,0,CREDIT
5006,http_429,NA,NA,0,CREDIT
5007,http_429,NA,NA,0,CREDIT
5008,http_429,NA,NA,0,CREDIT
5009,http_400,NA,NA,0,CREDIT
5010,http_429,NA,NA,0,CREDIT
5011,http_429,NA,NA,0,CREDIT
5012,http_429,NA,NA,0,CREDIT
5013,http_400,NA,NA,0,CREDIT
5014,http_400,NA,NA,0,CREDIT
5015,http_429,NA,NA,0,CREDIT
5016,http_400,NA,NA,0,CREDIT
5017,http_429,NA,NA,0,CREDIT
5018,http_429,NA,NA,0,CREDIT
5019,http_400,NA,NA,0,CREDIT
5020,http_400,NA,NA,0,CREDIT
5021,http_400,NA,NA,0,CREDIT
5022,http_400,NA,NA,0,CREDIT
5023,http_400,NA,NA,0,CREDIT
5024,http_400,NA,NA,0,CREDIT
5025,http_400,NA,NA,0,CREDIT
5026,http_429,NA,NA,0,CREDIT
5027,http_400,NA,NA,0,CREDIT
5028,http_400,NA,NA,0,CREDIT
5029,http_400,NA,NA,0,CREDIT
5030,http_429,NA,NA,0,CREDIT
5031,http_429,NA,NA,0,CREDIT
5032,no_data,NA,NA,0,CREDIT
5033,no_data,NA,NA,0,CREDIT
5034,no_data,NA,NA,0,CREDIT
5035,http_429,NA,NA,0,CREDIT
5036,http_429,NA,NA,0,CREDIT
5037,no_data,NA,NA,0,CREDIT
5038,no_data,NA,NA,0,CREDIT
5039,http_400,NA,NA,0,CREDIT
5040,http_400,NA,NA,0,CREDIT
5041,no_data,NA,NA,0,CREDIT
5042,no_data,NA,NA,0,CREDIT
5043,http_400,NA,NA,0,CREDIT
5044,http_400,NA,NA,0,CREDIT
5045,http_400,NA,NA,0,CREDIT
5046,http_400,NA,NA,0,CREDIT
5047,http_400,NA,NA,0,CREDIT
5048,http_400,NA,NA,0,CREDIT
5049,no_data,NA,NA,0,CREDIT
5050,no_data,NA,NA,0,CREDIT
5051,no_data,NA,NA,0,CREDIT
5052,no_data,NA,NA,0,CREDIT
5053,http_400,NA,NA,0,CREDIT
5054,http_400,NA,NA,0,CREDIT
5055,http_400,NA,NA,0,CREDIT
5056,http_400,NA,NA,0,CREDIT
5057,http_400,NA,NA,0,CREDIT
5058,http_400,NA,NA,0,CREDIT
5059,http_400,NA,NA,0,CREDIT
5060,http_429,NA,NA,0,CREDIT
5061,http_400,NA,NA,0,CREDIT
5062,http_400,NA,NA,0,CREDIT
5063,http_400,NA,NA,0,CREDIT
5064,http_400,NA,NA,0,CREDIT
5065,http_400,NA,NA,0,CREDIT
5066,http_429,NA,NA,0,CREDIT
5067,http_400,NA,NA,0,CREDIT
5068,http_429,NA,NA,0,CREDIT
5069,http_400,NA,NA,0,CREDIT
5070,http_400,NA,NA,0,CREDIT
5071,http_400,NA,NA,0,CREDIT
5072,http_400,NA,NA,0,CREDIT
5073,http_429,NA,NA,0,CREDIT
5074,http_400,NA,NA,0,CREDIT
5075,http_400,NA,NA,0,CREDIT
5076,http_429,NA,NA,0,CREDIT
5077,http_400,NA,NA,0,CREDIT
5078,http_429,NA,NA,0,CREDIT
5079,http_429,NA,NA,0,CREDIT
5080,http_400,NA,NA,0,CREDIT
5081,http_400,NA,NA,0,CREDIT
5082,http_429,NA,NA,0,CREDIT
5083,http_400,NA,NA,0,CREDIT
5084,http_400,NA,NA,0,CREDIT
5085,http_400,NA,NA,0,CREDIT
5086,http_400,NA,NA,0,CREDIT
5087,http_429,NA,NA,0,CREDIT
5088,http_400,NA,NA,0,CREDIT
5089,http_429,NA,NA,0,CREDIT
5090,http_429,NA,NA,0,CREDIT
5091,http_429,NA,NA,0,CREDIT
5092,http_429,NA,NA,0,CREDIT
5093,http_429,NA,NA,0,CREDIT
5094,http_429,NA,NA,0,CREDIT
5095,http_429,NA,NA,0,CREDIT
5096,http_429,NA,NA,0,CREDIT
5097,http_429,NA,NA,0,CREDIT
5098,http_429,NA,NA,0,CREDIT
5099,http_429,NA,NA,0,CREDIT
5100,http_429,NA,NA,0,CREDIT
5101,http_429,NA,NA,0,CREDIT
5102,http_429,NA,NA,0,CREDIT
5103,http_429,NA,NA,0,CREDIT
5104,http_429,NA,NA,0,CREDIT
5105,http_429,NA,NA,0,CREDIT
5106,http_429,NA,NA,0,CREDIT
5107,http_429,NA,NA,0,CREDIT
5108,http_429,NA,NA,0,CREDIT
5109,http_429,NA,NA,0,CREDIT
5110,http_429,NA,NA,0,CREDIT
5111,http_429,NA,NA,0,CREDIT
5112,http_429,NA,NA,0,CREDIT
5113,http_429,NA,NA,0,CREDIT
5114,http_429,NA,NA,0,CREDIT
5115,http_429,NA,NA,0,CREDIT
5116,http_429,NA,NA,0,CREDIT
5117,http_429,NA,NA,0,CREDIT
5118,http_429,NA,NA,0,CREDIT
5119,http_429,NA,NA,0,CREDIT
5120,http_429,NA,NA,0,CREDIT
5121,http_429,NA,NA,0,CREDIT
5122,http_429,NA,NA,0,CREDIT
5123,http_429,NA,NA,0,CREDIT
5124,http_429,NA,NA,0,CREDIT
5125,http_429,NA,NA,0,CREDIT
5126,http_429,NA,NA,0,CREDIT
5127,http_429,NA,NA,0,CREDIT
5128,http_429,NA,NA,0,CREDIT
5129,http_429,NA,NA,0,CREDIT
5130,http_429,NA,NA,0,CREDIT
5131,http_429,NA,NA,0,CREDIT
5132,http_429,NA,NA,0,CREDIT
5133,http_429,NA,NA,0,CREDIT
5134,http_429,NA,NA,0,CREDIT
5135,http_429,NA,NA,0,CREDIT
5136,http_429,NA,NA,0,CREDIT
5137,http_429,NA,NA,0,CREDIT
5138,http_429,NA,NA,0,CREDIT
5139,http_429,NA,NA,0,CREDIT
5140,http_429,NA,NA,0,CREDIT
5141,http_429,NA,NA,0,CREDIT
5142,http_429,NA,NA,0,CREDIT
5143,http_429,NA,NA,0,CREDIT
5144,http_429,NA,NA,0,CREDIT
5145,http_429,NA,NA,0,CREDIT
5146,http_429,NA,NA,0,CREDIT
5147,http_429,NA,NA,0,CREDIT
5148,http_429,NA,NA,0,CREDIT
5149,http_429,NA,NA,0,CREDIT
5150,http_429,NA,NA,0,CREDIT
5151,http_429,NA,NA,0,CREDIT
5152,http_429,NA,NA,0,CREDIT
5153,http_429,NA,NA,0,CREDIT
5154,http_429,NA,NA,0,CREDIT
5155,http_429,NA,NA,0,CREDIT
5156,http_429,NA,NA,0,CREDIT
5157,http_429,NA,NA,0,CREDIT
5158,http_429,NA,NA,0,CREDIT
5159,http_429,NA,NA,0,CREDIT
5160,http_429,NA,NA,0,CREDIT
5161,http_429,NA,NA,0,CREDIT
5162,http_400,NA,NA,0,CREDIT
5163,http_429,NA,NA,0,CREDIT
5164,http_429,NA,NA,0,CREDIT
5165,http_400,NA,NA,0,CREDIT
5166,http_400,NA,NA,0,CREDIT
5167,http_429,NA,NA,0,CREDIT
5168,http_429,NA,NA,0,CREDIT
5169,http_400,NA,NA,0,CREDIT
5170,http_429,NA,NA,0,CREDIT
5171,http_429,NA,NA,0,CREDIT
5172,http_400,NA,NA,0,CREDIT
5173,http_400,NA,NA,0,CREDIT
5174,http_400,NA,NA,0,CREDIT
5175,http_400,NA,NA,0,CREDIT
5176,http_400,NA,NA,0,CREDIT
5177,http_400,NA,NA,0,CREDIT
5178,http_400,NA,NA,0,CREDIT
5179,http_400,NA,NA,0,CREDIT
5180,http_400,NA,NA,0,CREDIT
5181,http_400,NA,NA,0,CREDIT
5182,http_429,NA,NA,0,CREDIT
5183,http_429,NA,NA,0,CREDIT
5184,http_429,NA,NA,0,CREDIT
5185,http_400,NA,NA,0,CREDIT
5186,http_400,NA,NA,0,CREDIT
5187,http_429,NA,NA,0,CREDIT
5188,http_400,NA,NA,0,CREDIT
5189,http_429,NA,NA,0,CREDIT
5190,http_429,NA,NA,0,CREDIT
5191,http_400,NA,NA,0,CREDIT
5192,http_429,NA,NA,0,CREDIT
5193,http_400,NA,NA,0,CREDIT
5194,http_429,NA,NA,0,CREDIT
5195,http_400,NA,NA,0,CREDIT
5196,http_400,NA,NA,0,CREDIT
5197,http_400,NA,NA,0,CREDIT
5198,http_400,NA,NA,0,CREDIT
5199,http_400,NA,NA,0,CREDIT
5200,http_400,NA,NA,0,CREDIT
5201,http_400,NA,NA,0,CREDIT
5202,http_400,NA,NA,0,CREDIT
5203,http_400,NA,NA,0,CREDIT
5204,http_400,NA,NA,0,CREDIT
5205,http_400,NA,NA,0,CREDIT
5206,http_400,NA,NA,0,CREDIT
5207,http_429,NA,NA,0,CREDIT
5208,http_400,NA,NA,0,CREDIT
5209,http_429,NA,NA,0,CREDIT
5210,http_400,NA,NA,0,CREDIT
5211,http_400,NA,NA,0,CREDIT
5212,http_400,NA,NA,0,CREDIT
5213,http_429,NA,NA,0,CREDIT
5214,http_400,NA,NA,0,CREDIT
5215,http_400,NA,NA,0,CREDIT
5216,http_400,NA,NA,0,CREDIT
5217,http_400,NA,NA,0,CREDIT
5218,http_400,NA,NA,0,CREDIT
5219,http_400,NA,NA,0,CREDIT
5220,http_400,NA,NA,0,CREDIT
5221,http_429,NA,NA,0,CREDIT
5222,http_400,NA,NA,0,CREDIT
5223,http_400,NA,NA,0,CREDIT
5224,http_429,NA,NA,0,CREDIT
5225,http_400,NA,NA,0,CREDIT
5226,http_400,NA,NA,0,CREDIT
5227,http_429,NA,NA,0,CREDIT
5228,http_400,NA,NA,0,CREDIT
5229,http_400,NA,NA,0,CREDIT
5230,http_429,NA,NA,0,CREDIT
5231,http_400,NA,NA,0,CREDIT
5232,http_400,NA,NA,0,CREDIT
5233,http_429,NA,NA,0,CREDIT
5234,http_400,NA,NA,0,CREDIT
5235,http_429,NA,NA,0,CREDIT
5236,http_400,NA,NA,0,CREDIT
5237,http_429,NA,NA,0,CREDIT
5238,http_400,NA,NA,0,CREDIT
5239,http_429,NA,NA,0,CREDIT
5240,http_429,NA,NA,0,CREDIT
5241,http_400,NA,NA,0,CREDIT
5242,http_429,NA,NA,0,CREDIT
5243,http_400,NA,NA,0,CREDIT
5244,http_429,NA,NA,0,CREDIT
5245,http_400,NA,NA,0,CREDIT
5246,http_429,NA,NA,0,CREDIT
5247,http_400,NA,NA,0,CREDIT
5248,http_400,NA,NA,0,CREDIT
5249,http_400,NA,NA,0,CREDIT
5250,http_400,NA,NA,0,CREDIT
5251,http_429,NA,NA,0,CREDIT
5252,http_429,NA,NA,0,CREDIT
5253,http_429,NA,NA,0,CREDIT
5254,http_429,NA,NA,0,CREDIT
5255,http_429,NA,NA,0,CREDIT
5256,http_429,NA,NA,0,CREDIT
5257,http_429,NA,NA,0,CREDIT
5258,http_429,NA,NA,0,CREDIT
5259,http_429,NA,NA,0,CREDIT
5260,http_429,NA,NA,0,CREDIT
5261,http_429,NA,NA,0,CREDIT
5262,http_429,NA,NA,0,CREDIT
5263,http_429,NA,NA,0,CREDIT
5264,http_429,NA,NA,0,CREDIT
5265,http_429,NA,NA,0,CREDIT
5266,http_429,NA,NA,0,CREDIT
5267,http_429,NA,NA,0,CREDIT
5268,http_429,NA,NA,0,CREDIT
5269,http_429,NA,NA,0,CREDIT
5270,http_429,NA,NA,0,CREDIT
5271,http_429,NA,NA,0,CREDIT
5272,http_429,NA,NA,0,CREDIT
5273,http_429,NA,NA,0,CREDIT
5274,http_429,NA,NA,0,CREDIT
5275,http_429,NA,NA,0,CREDIT
5276,http_429,NA,NA,0,CREDIT
5277,http_429,NA,NA,0,CREDIT
5278,http_429,NA,NA,0,CREDIT
5279,http_429,NA,NA,0,CREDIT
5280,http_429,NA,NA,0,CREDIT
5281,http_429,NA,NA,0,CREDIT
5282,http_429,NA,NA,0,CREDIT
5283,http_429,NA,NA,0,CREDIT
5284,http_429,NA,NA,0,CREDIT
5285,http_429,NA,NA,0,CREDIT
5286,http_429,NA,NA,0,CREDIT
5287,http_429,NA,NA,0,CREDIT
5288,http_429,NA,NA,0,CREDIT
5289,http_429,NA,NA,0,CREDIT
5290,http_429,NA,NA,0,CREDIT
5291,http_429,NA,NA,0,CREDIT
5292,http_429,NA,NA,0,CREDIT
5293,http_429,NA,NA,0,CREDIT
5294,http_429,NA,NA,0,CREDIT
5295,http_429,NA,NA,0,CREDIT
5296,http_429,NA,NA,0,CREDIT
5297,http_429,NA,NA,0,CREDIT
5298,http_429,NA,NA,0,CREDIT
5299,http_429,NA,NA,0,CREDIT
5300,http_429,NA,NA,0,CREDIT
5301,http_429,NA,NA,0,CREDIT
5302,http_429,NA,NA,0,CREDIT
5303,http_429,NA,NA,0,CREDIT
5304,http_429,NA,NA,0,CREDIT
5305,http_429,NA,NA,0,CREDIT
5306,http_429,NA,NA,0,CREDIT
5307,http_429,NA,NA,0,CREDIT
5308,http_429,NA,NA,0,CREDIT
5309,http_429,NA,NA,0,CREDIT
5310,http_429,NA,NA,0,CREDIT
5311,http_429,NA,NA,0,CREDIT
5312,http_429,NA,NA,0,CREDIT
5313,http_429,NA,NA,0,CREDIT
5314,http_429,NA,NA,0,CREDIT
5315,http_429,NA,NA,0,CREDIT
5316,http_429,NA,NA,0,CREDIT
5317,http_429,NA,NA,0,CREDIT
5318,http_429,NA,NA,0,CREDIT
5319,http_429,NA,NA,0,CREDIT
5320,http_429,NA,NA,0,CREDIT
5321,http_429,NA,NA,0,CREDIT
5322,http_429,NA,NA,0,CREDIT
5323,http_429,NA,NA,0,CREDIT
5324,http_429,NA,NA,0,CREDIT
5325,http_400,NA,NA,0,CREDIT
5326,http_429,NA,NA,0,CREDIT
5327,http_429,NA,NA,0,CREDIT
5328,http_400,NA,NA,0,CREDIT
5329,http_400,NA,NA,0,CREDIT
5330,http_400,NA,NA,0,CREDIT
5331,http_429,NA,NA,0,CREDIT
5332,http_429,NA,NA,0,CREDIT
5333,http_400,NA,NA,0,CREDIT
5334,http_400,NA,NA,0,CREDIT
5335,http_429,NA,NA,0,CREDIT
5336,http_400,NA,NA,0,CREDIT
5337,http_429,NA,NA,0,CREDIT
5338,http_400,NA,NA,0,CREDIT
5339,http_400,NA,NA,0,CREDIT
5340,http_400,NA,NA,0,CREDIT
5341,http_400,NA,NA,0,CREDIT
5342,http_400,NA,NA,0,CREDIT
5343,http_400,NA,NA,0,CREDIT
5344,http_400,NA,NA,0,CREDIT
5345,http_429,NA,NA,0,CREDIT
5346,http_400,NA,NA,0,CREDIT
5347,http_400,NA,NA,0,CREDIT
5348,http_429,NA,NA,0,CREDIT
5349,http_400,NA,NA,0,CREDIT
5350,http_400,NA,NA,0,CREDIT
5351,http_400,NA,NA,0,CREDIT
5352,http_429,NA,NA,0,CREDIT
5353,http_400,NA,NA,0,CREDIT
5354,http_400,NA,NA,0,CREDIT
5355,http_400,NA,NA,0,CREDIT
5356,http_400,NA,NA,0,CREDIT
5357,http_400,NA,NA,0,CREDIT
5358,http_400,NA,NA,0,CREDIT
5359,http_400,NA,NA,0,CREDIT
5360,http_400,NA,NA,0,CREDIT
5361,http_400,NA,NA,0,CREDIT
5362,http_400,NA,NA,0,CREDIT
5363,http_400,NA,NA,0,CREDIT
5364,http_400,NA,NA,0,CREDIT
5365,http_400,NA,NA,0,CREDIT
5366,http_400,NA,NA,0,CREDIT
5367,http_400,NA,NA,0,CREDIT
5368,http_400,NA,NA,0,CREDIT
5369,http_400,NA,NA,0,CREDIT
5370,http_400,NA,NA,0,CREDIT
5371,http_400,NA,NA,0,CREDIT
5372,http_400,NA,NA,0,CREDIT
5373,http_400,NA,NA,0,CREDIT
5374,http_400,NA,NA,0,CREDIT
5375,http_400,NA,NA,0,CREDIT
5376,http_400,NA,NA,0,CREDIT
5377,http_400,NA,NA,0,CREDIT
5378,http_400,NA,NA,0,CREDIT
5379,http_400,NA,NA,0,CREDIT
5380,http_429,NA,NA,0,CREDIT
5381,http_429,NA,NA,0,CREDIT
5382,http_400,NA,NA,0,CREDIT
5383,http_400,NA,NA,0,CREDIT
5384,http_400,NA,NA,0,CREDIT
5385,http_400,NA,NA,0,CREDIT
5386,http_400,NA,NA,0,CREDIT
5387,http_429,NA,NA,0,CREDIT
5388,http_400,NA,NA,0,CREDIT
5389,http_429,NA,NA,0,CREDIT
5390,http_400,NA,NA,0,CREDIT
5391,http_429,NA,NA,0,CREDIT
5392,http_400,NA,NA,0,CREDIT
5393,http_400,NA,NA,0,CREDIT
5394,http_429,NA,NA,0,CREDIT
5395,http_400,NA,NA,0,CREDIT
5396,http_400,NA,NA,0,CREDIT
5397,http_400,NA,NA,0,CREDIT
5398,http_429,NA,NA,0,CREDIT
5399,http_400,NA,NA,0,CREDIT
5400,http_400,NA,NA,0,CREDIT
5401,http_429,NA,NA,0,CREDIT
5402,http_429,NA,NA,0,CREDIT
5403,http_429,NA,NA,0,CREDIT
5404,http_429,NA,NA,0,CREDIT
5405,http_429,NA,NA,0,CREDIT
5406,http_429,NA,NA,0,CREDIT
5407,http_429,NA,NA,0,CREDIT
5408,http_429,NA,NA,0,CREDIT
5409,http_429,NA,NA,0,CREDIT
5410,http_429,NA,NA,0,CREDIT
5411,http_429,NA,NA,0,CREDIT
5412,http_429,NA,NA,0,CREDIT
5413,http_429,NA,NA,0,CREDIT
5414,http_429,NA,NA,0,CREDIT
5415,http_429,NA,NA,0,CREDIT
5416,http_429,NA,NA,0,CREDIT
5417,http_429,NA,NA,0,CREDIT
5418,http_429,NA,NA,0,CREDIT
5419,http_429,NA,NA,0,CREDIT
5420,http_429,NA,NA,0,CREDIT
5421,http_429,NA,NA,0,CREDIT
5422,http_429,NA,NA,0,CREDIT
5423,http_429,NA,NA,0,CREDIT
5424,http_429,NA,NA,0,CREDIT
5425,http_429,NA,NA,0,CREDIT
5426,http_429,NA,NA,0,CREDIT
5427,http_429,NA,NA,0,CREDIT
5428,http_429,NA,NA,0,CREDIT
5429,http_429,NA,NA,0,CREDIT
5430,http_429,NA,NA,0,CREDIT
5431,http_429,NA,NA,0,CREDIT
5432,http_429,NA,NA,0,CREDIT
5433,http_429,NA,NA,0,CREDIT
5434,http_429,NA,NA,0,CREDIT
5435,http_429,NA,NA,0,CREDIT
5436,http_429,NA,NA,0,CREDIT
5437,http_429,NA,NA,0,CREDIT
5438,http_429,NA,NA,0,CREDIT
5439,http_429,NA,NA,0,CREDIT
5440,http_429,NA,NA,0,CREDIT
5441,http_429,NA,NA,0,CREDIT
5442,http_429,NA,NA,0,CREDIT
5443,http_429,NA,NA,0,CREDIT
5444,http_429,NA,NA,0,CREDIT
5445,http_429,NA,NA,0,CREDIT
5446,http_429,NA,NA,0,CREDIT
5447,http_429,NA,NA,0,CREDIT
5448,http_429,NA,NA,0,CREDIT
5449,http_429,NA,NA,0,CREDIT
5450,http_429,NA,NA,0,CREDIT
5451,http_429,NA,NA,0,CREDIT
5452,http_429,NA,NA,0,CREDIT
5453,http_429,NA,NA,0,CREDIT
5454,http_429,NA,NA,0,CREDIT
5455,http_429,NA,NA,0,CREDIT
5456,http_429,NA,NA,0,CREDIT
5457,http_429,NA,NA,0,CREDIT
5458,http_429,NA,NA,0,CREDIT
5459,http_429,NA,NA,0,CREDIT
5460,http_429,NA,NA,0,CREDIT
5461,http_429,NA,NA,0,CREDIT
5462,http_429,NA,NA,0,CREDIT
5463,http_429,NA,NA,0,CREDIT
5464,http_429,NA,NA,0,CREDIT
5465,http_429,NA,NA,0,CREDIT
5466,http_429,NA,NA,0,CREDIT
5467,http_429,NA,NA,0,CREDIT
5468,http_429,NA,NA,0,CREDIT
5469,http_429,NA,NA,0,CREDIT
5470,http_429,NA,NA,0,CREDIT
5471,http_429,NA,NA,0,CREDIT
5472,http_429,NA,NA,0,CREDIT
5473,http_429,NA,NA,0,CREDIT
5474,http_400,NA,NA,0,CREDIT
5475,http_429,NA,NA,0,CREDIT
5476,http_429,NA,NA,0,CREDIT
5477,http_429,NA,NA,0,CREDIT
5478,http_400,NA,NA,0,CREDIT
5479,http_429,NA,NA,0,CREDIT
5480,http_400,NA,NA,0,CREDIT
5481,http_400,NA,NA,0,CREDIT
5482,http_429,NA,NA,0,CREDIT
5483,http_400,NA,NA,0,CREDIT
5484,http_429,NA,NA,0,CREDIT
5485,http_400,NA,NA,0,CREDIT
5486,http_429,NA,NA,0,CREDIT
5487,http_429,NA,NA,0,CREDIT
5488,http_400,NA,NA,0,CREDIT
5489,http_400,NA,NA,0,CREDIT
5490,http_429,NA,NA,0,CREDIT
5491,http_400,NA,NA,0,CREDIT
5492,http_400,NA,NA,0,CREDIT
5493,http_400,NA,NA,0,CREDIT
5494,http_400,NA,NA,0,CREDIT
5495,http_400,NA,NA,0,CREDIT
5496,http_400,NA,NA,0,CREDIT
5497,http_429,NA,NA,0,CREDIT
5498,http_400,NA,NA,0,CREDIT
5499,http_400,NA,NA,0,CREDIT
5500,http_400,NA,NA,0,CREDIT
11000,http_429,NA,NA,0,CREDIT
11001,http_429,NA,NA,0,CREDIT
11002,http_429,NA,NA,0,CREDIT
11003,http_400,NA,NA,0,CREDIT
11004,http_400,NA,NA,0,CREDIT
11005,http_429,NA,NA,0,CREDIT
11006,http_400,NA,NA,0,CREDIT
11007,http_400,NA,NA,0,CREDIT
11008,http_400,NA,NA,0,CREDIT
11009,http_429,NA,NA,0,CREDIT
11010,http_400,NA,NA,0,CREDIT
11011,http_400,NA,NA,0,CREDIT
11012,http_429,NA,NA,0,CREDIT
11013,http_400,NA,NA,0,CREDIT
11014,http_400,NA,NA,0,CREDIT
11015,http_400,NA,NA,0,CREDIT
11016,http_400,NA,NA,0,CREDIT
11017,http_400,NA,NA,0,CREDIT
11018,http_400,NA,NA,0,CREDIT
11019,http_400,NA,NA,0,CREDIT
11020,http_400,NA,NA,0,CREDIT
11021,http_400,NA,NA,0,CREDIT
11022,http_400,NA,NA,0,CREDIT
11023,http_400,NA,NA,0,CREDIT
11024,http_400,NA,NA,0,CREDIT
11025,http_400,NA,NA,0,CREDIT
11026,http_400,NA,NA,0,CREDIT
11027,http_400,NA,NA,0,CREDIT
11028,http_400,NA,NA,0,CREDIT
11029,http_400,NA,NA,0,CREDIT
11030,http_400,NA,NA,0,CREDIT
11031,http_400,NA,NA,0,CREDIT
11032,http_400,NA,NA,0,CREDIT
11033,http_400,NA,NA,0,CREDIT
11034,http_400,NA,NA,0,CREDIT
11035,http_429,NA,NA,0,CREDIT
11036,http_429,NA,NA,0,CREDIT
11037,http_429,NA,NA,0,CREDIT
11038,http_400,NA,NA,0,CREDIT
11039,http_400,NA,NA,0,CREDIT
11040,http_400,NA,NA,0,CREDIT
11041,http_400,NA,NA,0,CREDIT
11042,http_400,NA,NA,0,CREDIT
11043,http_429,NA,NA,0,CREDIT
11044,http_400,NA,NA,0,CREDIT
11045,http_400,NA,NA,0,CREDIT
11046,http_429,NA,NA,0,CREDIT
11047,http_429,NA,NA,0,CREDIT
11048,http_400,NA,NA,0,CREDIT
11049,http_400,NA,NA,0,CREDIT
11050,http_429,NA,NA,0,CREDIT
11051,http_429,NA,NA,0,CREDIT
11052,http_400,NA,NA,0,CREDIT
11053,http_400,NA,NA,0,CREDIT
11054,http_400,NA,NA,0,CREDIT
11055,http_429,NA,NA,0,CREDIT
11056,http_400,NA,NA,0,CREDIT
11057,http_400,NA,NA,0,CREDIT
11058,http_429,NA,NA,0,CREDIT
11059,http_429,NA,NA,0,CREDIT
11060,http_429,NA,NA,0,CREDIT
11061,http_429,NA,NA,0,CREDIT
11062,http_429,NA,NA,0,CREDIT
11063,http_429,NA,NA,0,CREDIT
11064,http_429,NA,NA,0,CREDIT
11065,http_429,NA,NA,0,CREDIT
11066,http_429,NA,NA,0,CREDIT
11067,http_429,NA,NA,0,CREDIT
11068,http_429,NA,NA,0,CREDIT
11069,http_429,NA,NA,0,CREDIT
11070,http_429,NA,NA,0,CREDIT
11071,http_429,NA,NA,0,CREDIT
11072,http_429,NA,NA,0,CREDIT
11073,http_429,NA,NA,0,CREDIT
11074,http_429,NA,NA,0,CREDIT
11075,http_429,NA,NA,0,CREDIT
11076,http_429,NA,NA,0,CREDIT
11077,http_429,NA,NA,0,CREDIT
11078,http_429,NA,NA,0,CREDIT
11079,http_429,NA,NA,0,CREDIT
11080,http_429,NA,NA,0,CREDIT
11081,http_429,NA,NA,0,CREDIT
11082,http_429,NA,NA,0,CREDIT
11083,http_429,NA,NA,0,CREDIT
11084,http_429,NA,NA,0,CREDIT
11085,http_429,NA,NA,0,CREDIT
11086,http_429,NA,NA,0,CREDIT
11087,http_429,NA,NA,0,CREDIT
11088,http_429,NA,NA,0,CREDIT
11089,http_429,NA,NA,0,CREDIT
11090,http_429,NA,NA,0,CREDIT
11091,http_429,NA,NA,0,CREDIT
11092,http_429,NA,NA,0,CREDIT
11093,http_429,NA,NA,0,CREDIT
11094,http_429,NA,NA,0,CREDIT
11095,http_429,NA,NA,0,CREDIT
11096,http_429,NA,NA,0,CREDIT
11097,http_429,NA,NA,0,CREDIT
11098,http_429,NA,NA,0,CREDIT
11099,http_429,NA,NA,0,CREDIT
11100,http_429,NA,NA,0,CREDIT
11101,http_429,NA,NA,0,CREDIT
11102,http_429,NA,NA,0,CREDIT
11103,http_429,NA,NA,0,CREDIT
11104,http_429,NA,NA,0,CREDIT
11105,http_429,NA,NA,0,CREDIT
11106,http_429,NA,NA,0,CREDIT
11107,http_429,NA,NA,0,CREDIT
11108,http_429,NA,NA,0,CREDIT
11109,http_429,NA,NA,0,CREDIT
11110,http_429,NA,NA,0,CREDIT
11111,http_429,NA,NA,0,CREDIT
11112,http_429,NA,NA,0,CREDIT
11113,http_429,NA,NA,0,CREDIT
11114,http_429,NA,NA,0,CREDIT
11115,http_429,NA,NA,0,CREDIT
11116,http_429,NA,NA,0,CREDIT
11117,http_429,NA,NA,0,CREDIT
11118,http_429,NA,NA,0,CREDIT
11119,http_429,NA,NA,0,CREDIT
11120,http_429,NA,NA,0,CREDIT
11121,http_429,NA,NA,0,CREDIT
11122,http_429,NA,NA,0,CREDIT
11123,http_429,NA,NA,0,CREDIT
11124,http_429,NA,NA,0,CREDIT
11125,http_429,NA,NA,0,CREDIT
11126,http_429,NA,NA,0,CREDIT
11127,http_429,NA,NA,0,CREDIT
11128,http_429,NA,NA,0,CREDIT
11129,http_400,NA,NA,0,CREDIT
11130,http_429,NA,NA,0,CREDIT
11131,http_429,NA,NA,0,CREDIT
11132,http_400,NA,NA,0,CREDIT
11133,http_429,NA,NA,0,CREDIT
11134,http_400,NA,NA,0,CREDIT
11135,http_400,NA,NA,0,CREDIT
11136,http_429,NA,NA,0,CREDIT
11137,http_400,NA,NA,0,CREDIT
11138,http_429,NA,NA,0,CREDIT
11139,http_400,NA,NA,0,CREDIT
11140,http_429,NA,NA,0,CREDIT
11141,http_429,NA,NA,0,CREDIT
11142,http_400,NA,NA,0,CREDIT
11143,http_429,NA,NA,0,CREDIT
11144,http_400,NA,NA,0,CREDIT
11145,http_400,NA,NA,0,CREDIT
11146,http_400,NA,NA,0,CREDIT
11147,http_400,NA,NA,0,CREDIT
11148,http_400,NA,NA,0,CREDIT
11149,http_400,NA,NA,0,CREDIT
11150,http_400,NA,NA,0,CREDIT
11151,http_429,NA,NA,0,CREDIT
11152,http_400,NA,NA,0,CREDIT
11153,http_429,NA,NA,0,CREDIT
11154,http_400,NA,NA,0,CREDIT
11155,http_429,NA,NA,0,CREDIT
11156,http_400,NA,NA,0,CREDIT
11157,http_429,NA,NA,0,CREDIT
11158,http_429,NA,NA,0,CREDIT
11159,http_400,NA,NA,0,CREDIT
11160,http_400,NA,NA,0,CREDIT
11161,http_400,NA,NA,0,CREDIT
11162,http_400,NA,NA,0,CREDIT
11163,http_400,NA,NA,0,CREDIT
11164,http_429,NA,NA,0,CREDIT
11165,http_400,NA,NA,0,CREDIT
11166,http_400,NA,NA,0,CREDIT
11167,http_400,NA,NA,0,CREDIT
11168,http_400,NA,NA,0,CREDIT
11169,http_400,NA,NA,0,CREDIT
11170,http_400,NA,NA,0,CREDIT
11171,http_400,NA,NA,0,CREDIT
11172,http_400,NA,NA,0,CREDIT
11173,http_429,NA,NA,0,CREDIT
11174,http_400,NA,NA,0,CREDIT
11175,http_429,NA,NA,0,CREDIT
11176,http_400,NA,NA,0,CREDIT
11177,http_400,NA,NA,0,CREDIT
11178,http_429,NA,NA,0,CREDIT
11179,http_400,NA,NA,0,CREDIT
11180,http_400,NA,NA,0,CREDIT
11181,http_400,NA,NA,0,CREDIT
11182,http_400,NA,NA,0,CREDIT
11183,http_400,NA,NA,0,CREDIT
11184,http_400,NA,NA,0,CREDIT
11185,http_400,NA,NA,0,CREDIT
11186,http_400,NA,NA,0,CREDIT
11187,http_400,NA,NA,0,CREDIT
11188,http_400,NA,NA,0,CREDIT
11189,http_400,NA,NA,0,CREDIT
11190,http_400,NA,NA,0,CREDIT
11191,http_400,NA,NA,0,CREDIT
11192,http_400,NA,NA,0,CREDIT
11193,http_400,NA,NA,0,CREDIT
11194,http_400,NA,NA,0,CREDIT
11195,http_400,NA,NA,0,CREDIT
11196,http_400,NA,NA,0,CREDIT
11197,http_429,NA,NA,0,CREDIT
11198,http_400,NA,NA,0,CREDIT
11199,http_400,NA,NA,0,CREDIT
11200,http_429,NA,NA,0,CREDIT
11201,http_429,NA,NA,0,CREDIT
11202,http_400,NA,NA,0,CREDIT
11203,http_400,NA,NA,0,CREDIT
11204,http_429,NA,NA,0,CREDIT
11205,http_400,NA,NA,0,CREDIT
11206,http_400,NA,NA,0,CREDIT
11207,http_400,NA,NA,0,CREDIT
11208,http_429,NA,NA,0,CREDIT
11209,http_400,NA,NA,0,CREDIT
11210,http_400,NA,NA,0,CREDIT
11211,http_429,NA,NA,0,CREDIT
11212,http_429,NA,NA,0,CREDIT
11213,http_429,NA,NA,0,CREDIT
11214,http_429,NA,NA,0,CREDIT
11215,http_429,NA,NA,0,CREDIT
11216,http_429,NA,NA,0,CREDIT
11217,http_429,NA,NA,0,CREDIT
11218,http_429,NA,NA,0,CREDIT
11219,http_429,NA,NA,0,CREDIT
11220,http_429,NA,NA,0,CREDIT
11221,http_429,NA,NA,0,CREDIT
11222,http_429,NA,NA,0,CREDIT
11223,http_429,NA,NA,0,CREDIT
11224,http_429,NA,NA,0,CREDIT
11225,http_429,NA,NA,0,CREDIT
11226,http_429,NA,NA,0,CREDIT
11227,http_429,NA,NA,0,CREDIT
11228,http_429,NA,NA,0,CREDIT
11229,http_429,NA,NA,0,CREDIT
11230,http_429,NA,NA,0,CREDIT
11231,http_429,NA,NA,0,CREDIT
11232,http_429,NA,NA,0,CREDIT
11233,http_429,NA,NA,0,CREDIT
11234,http_429,NA,NA,0,CREDIT
11235,http_429,NA,NA,0,CREDIT
11236,http_429,NA,NA,0,CREDIT
11237,http_429,NA,NA,0,CREDIT
11238,http_429,NA,NA,0,CREDIT
11239,http_429,NA,NA,0,CREDIT
11240,http_429,NA,NA,0,CREDIT
11241,http_429,NA,NA,0,CREDIT
11242,http_429,NA,NA,0,CREDIT
11243,http_429,NA,NA,0,CREDIT
11244,http_429,NA,NA,0,CREDIT
11245,http_429,NA,NA,0,CREDIT
11246,http_429,NA,NA,0,CREDIT
11247,http_429,NA,NA,0,CREDIT
11248,http_429,NA,NA,0,CREDIT
11249,http_429,NA,NA,0,CREDIT
11250,http_429,NA,NA,0,CREDIT
11251,http_429,NA,NA,0,CREDIT
11252,http_429,NA,NA,0,CREDIT
11253,http_429,NA,NA,0,CREDIT
11254,http_429,NA,NA,0,CREDIT
11255,http_429,NA,NA,0,CREDIT
11256,http_429,NA,NA,0,CREDIT
11257,http_429,NA,NA,0,CREDIT
11258,http_429,NA,NA,0,CREDIT
11259,http_429,NA,NA,0,CREDIT
11260,http_429,NA,NA,0,CREDIT
11261,http_429,NA,NA,0,CREDIT
11262,http_429,NA,NA,0,CREDIT
11263,http_429,NA,NA,0,CREDIT
11264,http_429,NA,NA,0,CREDIT
11265,http_429,NA,NA,0,CREDIT
11266,http_429,NA,NA,0,CREDIT
11267,http_429,NA,NA,0,CREDIT
11268,http_429,NA,NA,0,CREDIT
11269,http_429,NA,NA,0,CREDIT
11270,http_429,NA,NA,0,CREDIT
11271,http_429,NA,NA,0,CREDIT
11272,http_429,NA,NA,0,CREDIT
11273,http_429,NA,NA,0,CREDIT
11274,http_429,NA,NA,0,CREDIT
11275,http_429,NA,NA,0,CREDIT
11276,http_429,NA,NA,0,CREDIT
11277,http_429,NA,NA,0,CREDIT
11278,http_429,NA,NA,0,CREDIT
11279,http_429,NA,NA,0,CREDIT
11280,http_429,NA,NA,0,CREDIT
11281,http_429,NA,NA,0,CREDIT
11282,http_429,NA,NA,0,CREDIT
11283,http_429,NA,NA,0,CREDIT
11284,http_429,NA,NA,0,CREDIT
11285,http_429,NA,NA,0,CREDIT
11286,http_400,NA,NA,0,CREDIT
11287,http_429,NA,NA,0,CREDIT
11288,http_429,NA,NA,0,CREDIT
11289,http_400,NA,NA,0,CREDIT
11290,http_400,NA,NA,0,CREDIT
11291,http_400,NA,NA,0,CREDIT
11292,http_429,NA,NA,0,CREDIT
11293,http_400,NA,NA,0,CREDIT
11294,http_400,NA,NA,0,CREDIT
11295,http_429,NA,NA,0,CREDIT
11296,http_400,NA,NA,0,CREDIT
11297,http_429,NA,NA,0,CREDIT
11298,http_400,NA,NA,0,CREDIT
11299,http_429,NA,NA,0,CREDIT
11300,http_400,NA,NA,0,CREDIT
11301,http_400,NA,NA,0,CREDIT
11302,http_400,NA,NA,0,CREDIT
11303,http_400,NA,NA,0,CREDIT
11304,http_400,NA,NA,0,CREDIT
11305,http_400,NA,NA,0,CREDIT
11306,http_400,NA,NA,0,CREDIT
11307,http_400,NA,NA,0,CREDIT
11308,http_400,NA,NA,0,CREDIT
11309,http_429,NA,NA,0,CREDIT
11310,http_429,NA,NA,0,CREDIT
11311,http_400,NA,NA,0,CREDIT
11312,http_400,NA,NA,0,CREDIT
11313,http_400,NA,NA,0,CREDIT
11314,http_429,NA,NA,0,CREDIT
11315,http_400,NA,NA,0,CREDIT
11316,http_400,NA,NA,0,CREDIT
11317,http_429,NA,NA,0,CREDIT
11318,http_429,NA,NA,0,CREDIT
11319,http_400,NA,NA,0,CREDIT
11320,http_400,NA,NA,0,CREDIT
11321,http_400,NA,NA,0,CREDIT
11322,http_429,NA,NA,0,CREDIT
11323,http_400,NA,NA,0,CREDIT
11324,http_429,NA,NA,0,CREDIT
11325,http_400,NA,NA,0,CREDIT
11326,http_400,NA,NA,0,CREDIT
11327,http_400,NA,NA,0,CREDIT
11328,http_400,NA,NA,0,CREDIT
11329,http_429,NA,NA,0,CREDIT
11330,http_400,NA,NA,0,CREDIT
11331,http_429,NA,NA,0,CREDIT
11332,http_400,NA,NA,0,CREDIT
11333,http_400,NA,NA,0,CREDIT
11334,http_429,NA,NA,0,CREDIT
11335,http_400,NA,NA,0,CREDIT
11336,http_429,NA,NA,0,CREDIT
11337,http_400,NA,NA,0,CREDIT
11338,http_400,NA,NA,0,CREDIT
11339,http_400,NA,NA,0,CREDIT
11340,http_429,NA,NA,0,CREDIT
11341,http_400,NA,NA,0,CREDIT
11342,http_400,NA,NA,0,CREDIT
11343,http_400,NA,NA,0,CREDIT
11344,http_400,NA,NA,0,CREDIT
11345,http_400,NA,NA,0,CREDIT
11346,http_400,NA,NA,0,CREDIT
11347,http_400,NA,NA,0,CREDIT
11348,http_400,NA,NA,0,CREDIT
11349,http_400,NA,NA,0,CREDIT
11350,http_400,NA,NA,0,CREDIT
11351,http_400,NA,NA,0,CREDIT
11352,http_400,NA,NA,0,CREDIT
11353,http_429,NA,NA,0,CREDIT
11354,http_400,NA,NA,0,CREDIT
11355,http_400,NA,NA,0,CREDIT
11356,http_400,NA,NA,0,CREDIT
11357,http_400,NA,NA,0,CREDIT
11358,http_429,NA,NA,0,CREDIT
11359,http_429,NA,NA,0,CREDIT
11360,http_400,NA,NA,0,CREDIT
11361,http_400,NA,NA,0,CREDIT
11362,http_400,NA,NA,0,CREDIT
11363,http_400,NA,NA,0,CREDIT
11364,http_400,NA,NA,0,CREDIT
11365,http_400,NA,NA,0,CREDIT
11366,http_400,NA,NA,0,CREDIT
11367,http_429,NA,NA,0,CREDIT
11368,http_429,NA,NA,0,CREDIT
11369,http_429,NA,NA,0,CREDIT
11370,http_429,NA,NA,0,CREDIT
11371,http_429,NA,NA,0,CREDIT
11372,http_429,NA,NA,0,CREDIT
11373,http_429,NA,NA,0,CREDIT
11374,http_429,NA,NA,0,CREDIT
11375,http_429,NA,NA,0,CREDIT
11376,http_429,NA,NA,0,CREDIT
11377,http_429,NA,NA,0,CREDIT
11378,http_429,NA,NA,0,CREDIT
11379,http_429,NA,NA,0,CREDIT
11380,http_429,NA,NA,0,CREDIT
11381,http_429,NA,NA,0,CREDIT
11382,http_429,NA,NA,0,CREDIT
11383,http_429,NA,NA,0,CREDIT
11384,http_429,NA,NA,0,CREDIT
11385,http_429,NA,NA,0,CREDIT
11386,http_429,NA,NA,0,CREDIT
11387,http_429,NA,NA,0,CREDIT
11388,http_429,NA,NA,0,CREDIT
11389,http_429,NA,NA,0,CREDIT
11390,http_429,NA,NA,0,CREDIT
11391,http_429,NA,NA,0,CREDIT
11392,http_429,NA,NA,0,CREDIT
11393,http_429,NA,NA,0,CREDIT
11394,http_429,NA,NA,0,CREDIT
11395,http_429,NA,NA,0,CREDIT
11396,http_429,NA,NA,0,CREDIT
11397,http_429,NA,NA,0,CREDIT
11398,http_429,NA,NA,0,CREDIT
11399,http_429,NA,NA,0,CREDIT
11400,http_429,NA,NA,0,CREDIT
11401,http_429,NA,NA,0,CREDIT
11402,http_429,NA,NA,0,CREDIT
11403,http_429,NA,NA,0,CREDIT
11404,http_429,NA,NA,0,CREDIT
11405,http_429,NA,NA,0,CREDIT
11406,http_429,NA,NA,0,CREDIT
11407,http_429,NA,NA,0,CREDIT
11408,http_429,NA,NA,0,CREDIT
11409,http_429,NA,NA,0,CREDIT
11410,http_429,NA,NA,0,CREDIT
11411,http_429,NA,NA,0,CREDIT
11412,http_429,NA,NA,0,CREDIT
11413,http_429,NA,NA,0,CREDIT
11414,http_429,NA,NA,0,CREDIT
11415,http_429,NA,NA,0,CREDIT
11416,http_429,NA,NA,0,CREDIT
11417,http_429,NA,NA,0,CREDIT
11418,http_429,NA,NA,0,CREDIT
11419,http_429,NA,NA,0,CREDIT
11420,http_429,NA,NA,0,CREDIT
11421,http_429,NA,NA,0,CREDIT
11422,http_429,NA,NA,0,CREDIT
11423,http_429,NA,NA,0,CREDIT
11424,http_429,NA,NA,0,CREDIT
11425,http_429,NA,NA,0,CREDIT
11426,http_429,NA,NA,0,CREDIT
11427,http_429,NA,NA,0,CREDIT
11428,http_429,NA,NA,0,CREDIT
11429,http_429,NA,NA,0,CREDIT
11430,http_429,NA,NA,0,CREDIT
11431,http_429,NA,NA,0,CREDIT
11432,http_429,NA,NA,0,CREDIT
11433,http_429,NA,NA,0,CREDIT
11434,http_429,NA,NA,0,CREDIT
11435,http_429,NA,NA,0,CREDIT
11436,http_429,NA,NA,0,CREDIT
11437,http_429,NA,NA,0,CREDIT
11438,http_429,NA,NA,0,CREDIT
11439,http_429,NA,NA,0,CREDIT
11440,http_429,NA,NA,0,CREDIT
11441,http_429,NA,NA,0,CREDIT
11442,http_400,NA,NA,0,CREDIT
11443,http_429,NA,NA,0,CREDIT
11444,http_400,NA,NA,0,CREDIT
11445,http_429,NA,NA,0,CREDIT
11446,http_400,NA,NA,0,CREDIT
11447,http_400,NA,NA,0,CREDIT
11448,http_429,NA,NA,0,CREDIT
11449,http_429,NA,NA,0,CREDIT
11450,http_400,NA,NA,0,CREDIT
11451,http_400,NA,NA,0,CREDIT
11452,http_429,NA,NA,0,CREDIT
11453,http_400,NA,NA,0,CREDIT
11454,http_429,NA,NA,0,CREDIT
11455,http_400,NA,NA,0,CREDIT
11456,http_429,NA,NA,0,CREDIT
11457,http_400,NA,NA,0,CREDIT
11458,http_400,NA,NA,0,CREDIT
11459,http_400,NA,NA,0,CREDIT
11460,http_429,NA,NA,0,CREDIT
11461,http_400,NA,NA,0,CREDIT
11462,http_429,NA,NA,0,CREDIT
11463,http_400,NA,NA,0,CREDIT
11464,http_429,NA,NA,0,CREDIT
11465,http_400,NA,NA,0,CREDIT
11466,http_400,NA,NA,0,CREDIT
11467,http_429,NA,NA,0,CREDIT
11468,http_400,NA,NA,0,CREDIT
11469,http_400,NA,NA,0,CREDIT
11470,http_429,NA,NA,0,CREDIT
11471,http_429,NA,NA,0,CREDIT
11472,http_400,NA,NA,0,CREDIT
11473,http_429,NA,NA,0,CREDIT
11474,http_400,NA,NA,0,CREDIT
11475,http_400,NA,NA,0,CREDIT
11476,http_400,NA,NA,0,CREDIT
11477,http_429,NA,NA,0,CREDIT
11478,http_400,NA,NA,0,CREDIT
11479,http_429,NA,NA,0,CREDIT
11480,http_400,NA,NA,0,CREDIT
11481,http_429,NA,NA,0,CREDIT
11482,http_400,NA,NA,0,CREDIT
11483,http_400,NA,NA,0,CREDIT
11484,http_400,NA,NA,0,CREDIT
11485,http_429,NA,NA,0,CREDIT
11486,http_400,NA,NA,0,CREDIT
11487,http_400,NA,NA,0,CREDIT
11488,http_400,NA,NA,0,CREDIT
11489,http_400,NA,NA,0,CREDIT
11490,http_400,NA,NA,0,CREDIT
11491,http_400,NA,NA,0,CREDIT
11492,http_400,NA,NA,0,CREDIT
11493,http_400,NA,NA,0,CREDIT
11494,http_400,NA,NA,0,CREDIT
11495,http_400,NA,NA,0,CREDIT
11496,http_400,NA,NA,0,CREDIT
11497,http_400,NA,NA,0,CREDIT
11498,http_400,NA,NA,0,CREDIT
11499,http_429,NA,NA,0,CREDIT
11500,http_400,NA,NA,0,CREDIT
11501,http_400,NA,NA,0,CREDIT
11502,http_400,NA,NA,0,CREDIT
11503,http_400,NA,NA,0,CREDIT
11504,http_400,NA,NA,0,CREDIT
11505,http_400,NA,NA,0,CREDIT
11506,http_400,NA,NA,0,CREDIT
11507,http_400,NA,NA,0,CREDIT
11508,http_400,NA,NA,0,CREDIT
11509,http_400,NA,NA,0,CREDIT
11510,http_400,NA,NA,0,CREDIT
11511,http_400,NA,NA,0,CREDIT
11512,http_400,NA,NA,0,CREDIT
11513,http_400,NA,NA,0,CREDIT
11514,http_429,NA,NA,0,CREDIT
11515,http_429,NA,NA,0,CREDIT
11516,http_400,NA,NA,0,CREDIT
11517,http_429,NA,NA,0,CREDIT
11518,http_400,NA,NA,0,CREDIT
11519,http_429,NA,NA,0,CREDIT
11520,http_400,NA,NA,0,CREDIT
11521,http_400,NA,NA,0,CREDIT
11522,http_400,NA,NA,0,CREDIT
11523,http_400,NA,NA,0,CREDIT
11524,http_400,NA,NA,0,CREDIT
11525,http_429,NA,NA,0,CREDIT
11526,http_429,NA,NA,0,CREDIT
11527,http_429,NA,NA,0,CREDIT
11528,http_429,NA,NA,0,CREDIT
11529,http_429,NA,NA,0,CREDIT
11530,http_429,NA,NA,0,CREDIT
11531,http_429,NA,NA,0,CREDIT
11532,http_429,NA,NA,0,CREDIT
11533,http_429,NA,NA,0,CREDIT
11534,http_429,NA,NA,0,CREDIT
11535,http_429,NA,NA,0,CREDIT
11536,http_429,NA,NA,0,CREDIT
11537,http_429,NA,NA,0,CREDIT
11538,http_429,NA,NA,0,CREDIT
11539,http_429,NA,NA,0,CREDIT
11540,http_429,NA,NA,0,CREDIT
11541,http_429,NA,NA,0,CREDIT
11542,http_429,NA,NA,0,CREDIT
11543,http_429,NA,NA,0,CREDIT
11544,http_429,NA,NA,0,CREDIT
11545,http_429,NA,NA,0,CREDIT
11546,http_429,NA,NA,0,CREDIT
11547,http_429,NA,NA,0,CREDIT
11548,http_429,NA,NA,0,CREDIT
11549,http_429,NA,NA,0,CREDIT
11550,http_429,NA,NA,0,CREDIT
11551,http_429,NA,NA,0,CREDIT
11552,http_429,NA,NA,0,CREDIT
11553,http_429,NA,NA,0,CREDIT
11554,http_429,NA,NA,0,CREDIT
11555,http_429,NA,NA,0,CREDIT
11556,http_429,NA,NA,0,CREDIT
11557,http_429,NA,NA,0,CREDIT
11558,http_429,NA,NA,0,CREDIT
11559,http_429,NA,NA,0,CREDIT
11560,http_429,NA,NA,0,CREDIT
11561,http_429,NA,NA,0,CREDIT
11562,http_429,NA,NA,0,CREDIT
11563,http_429,NA,NA,0,CREDIT
11564,http_429,NA,NA,0,CREDIT
11565,http_429,NA,NA,0,CREDIT
11566,http_429,NA,NA,0,CREDIT
11567,http_429,NA,NA,0,CREDIT
11568,http_429,NA,NA,0,CREDIT
11569,http_429,NA,NA,0,CREDIT
11570,http_429,NA,NA,0,CREDIT
11571,http_429,NA,NA,0,CREDIT
11572,http_429,NA,NA,0,CREDIT
11573,http_429,NA,NA,0,CREDIT
11574,http_429,NA,NA,0,CREDIT
11575,http_429,NA,NA,0,CREDIT
11576,http_429,NA,NA,0,CREDIT
11577,http_429,NA,NA,0,CREDIT
11578,http_429,NA,NA,0,CREDIT
11579,http_429,NA,NA,0,CREDIT
11580,http_429,NA,NA,0,CREDIT
11581,http_429,NA,NA,0,CREDIT
11582,http_429,NA,NA,0,CREDIT
11583,http_429,NA,NA,0,CREDIT
11584,http_429,NA,NA,0,CREDIT
11585,http_429,NA,NA,0,CREDIT
11586,http_429,NA,NA,0,CREDIT
11587,http_429,NA,NA,0,CREDIT
11588,http_429,NA,NA,0,CREDIT
11589,http_429,NA,NA,0,CREDIT
11590,http_429,NA,NA,0,CREDIT
11591,http_429,NA,NA,0,CREDIT
11592,http_429,NA,NA,0,CREDIT
11593,http_429,NA,NA,0,CREDIT
11594,http_429,NA,NA,0,CREDIT
11595,http_429,NA,NA,0,CREDIT
11596,http_429,NA,NA,0,CREDIT
11597,http_429,NA,NA,0,CREDIT
11598,http_429,NA,NA,0,CREDIT
11599,http_429,NA,NA,0,CREDIT
11600,http_429,NA,NA,0,CREDIT
11601,http_400,NA,NA,0,CREDIT
11602,http_429,NA,NA,0,CREDIT
11603,http_429,NA,NA,0,CREDIT
11604,http_400,NA,NA,0,CREDIT
11605,http_400,NA,NA,0,CREDIT
11606,http_400,NA,NA,0,CREDIT
11607,http_429,NA,NA,0,CREDIT
11608,http_429,NA,NA,0,CREDIT
11609,http_400,NA,NA,0,CREDIT
11610,http_400,NA,NA,0,CREDIT
11611,http_429,NA,NA,0,CREDIT
11612,http_400,NA,NA,0,CREDIT
11613,http_429,NA,NA,0,CREDIT
11614,http_429,NA,NA,0,CREDIT
11615,http_400,NA,NA,0,CREDIT
11616,http_429,NA,NA,0,CREDIT
11617,http_400,NA,NA,0,CREDIT
11618,http_400,NA,NA,0,CREDIT
11619,http_400,NA,NA,0,CREDIT
11620,http_429,NA,NA,0,CREDIT
11621,http_400,NA,NA,0,CREDIT
11622,http_429,NA,NA,0,CREDIT
11623,http_400,NA,NA,0,CREDIT
11624,http_429,NA,NA,0,CREDIT
11625,http_400,NA,NA,0,CREDIT
11626,http_400,NA,NA,0,CREDIT
11627,http_429,NA,NA,0,CREDIT
11628,http_400,NA,NA,0,CREDIT
11629,http_400,NA,NA,0,CREDIT
11630,http_429,NA,NA,0,CREDIT
11631,http_429,NA,NA,0,CREDIT
11632,http_429,NA,NA,0,CREDIT
11633,http_400,NA,NA,0,CREDIT
11634,http_400,NA,NA,0,CREDIT
11635,http_400,NA,NA,0,CREDIT
11636,http_400,NA,NA,0,CREDIT
11637,http_400,NA,NA,0,CREDIT
11638,http_429,NA,NA,0,CREDIT
11639,http_429,NA,NA,0,CREDIT
11640,http_400,NA,NA,0,CREDIT
11641,http_400,NA,NA,0,CREDIT
11642,http_400,NA,NA,0,CREDIT
11643,http_400,NA,NA,0,CREDIT
11644,http_429,NA,NA,0,CREDIT
11645,http_400,NA,NA,0,CREDIT
11646,http_400,NA,NA,0,CREDIT
11647,http_400,NA,NA,0,CREDIT
11648,http_400,NA,NA,0,CREDIT
11649,http_400,NA,NA,0,CREDIT
11650,http_400,NA,NA,0,CREDIT
11651,http_429,NA,NA,0,CREDIT
11652,http_400,NA,NA,0,CREDIT
11653,http_400,NA,NA,0,CREDIT
11654,http_429,NA,NA,0,CREDIT
11655,http_400,NA,NA,0,CREDIT
11656,http_400,NA,NA,0,CREDIT
11657,http_400,NA,NA,0,CREDIT
11658,http_400,NA,NA,0,CREDIT
11659,http_429,NA,NA,0,CREDIT
11660,http_400,NA,NA,0,CREDIT
11661,http_400,NA,NA,0,CREDIT
11662,http_400,NA,NA,0,CREDIT
11663,http_429,NA,NA,0,CREDIT
11664,http_400,NA,NA,0,CREDIT
11665,http_400,NA,NA,0,CREDIT
11666,http_400,NA,NA,0,CREDIT
11667,http_429,NA,NA,0,CREDIT
11668,http_400,NA,NA,0,CREDIT
11669,http_400,NA,NA,0,CREDIT
11670,http_400,NA,NA,0,CREDIT
11671,http_400,NA,NA,0,CREDIT
11672,http_400,NA,NA,0,CREDIT
11673,http_400,NA,NA,0,CREDIT
11674,http_400,NA,NA,0,CREDIT
11675,http_400,NA,NA,0,CREDIT
11676,http_400,NA,NA,0,CREDIT
11677,http_429,NA,NA,0,CREDIT
11678,http_429,NA,NA,0,CREDIT
11679,http_400,NA,NA,0,CREDIT
11680,http_400,NA,NA,0,CREDIT
11681,http_429,NA,NA,0,CREDIT
11682,http_400,NA,NA,0,CREDIT
11683,http_400,NA,NA,0,CREDIT
11684,http_400,NA,NA,0,CREDIT
11685,http_400,NA,NA,0,CREDIT
11686,http_400,NA,NA,0,CREDIT
11687,http_429,NA,NA,0,CREDIT
11688,http_429,NA,NA,0,CREDIT
11689,http_429,NA,NA,0,CREDIT
11690,http_429,NA,NA,0,CREDIT
11691,http_429,NA,NA,0,CREDIT
11692,http_429,NA,NA,0,CREDIT
11693,http_429,NA,NA,0,CREDIT
11694,http_429,NA,NA,0,CREDIT
11695,http_429,NA,NA,0,CREDIT
11696,http_429,NA,NA,0,CREDIT
11697,http_429,NA,NA,0,CREDIT
11698,http_429,NA,NA,0,CREDIT
11699,http_429,NA,NA,0,CREDIT
11700,http_429,NA,NA,0,CREDIT
11701,http_429,NA,NA,0,CREDIT
11702,http_429,NA,NA,0,CREDIT
11703,http_429,NA,NA,0,CREDIT
11704,http_429,NA,NA,0,CREDIT
11705,http_429,NA,NA,0,CREDIT
11706,http_429,NA,NA,0,CREDIT
11707,http_429,NA,NA,0,CREDIT
11708,http_429,NA,NA,0,CREDIT
11709,http_429,NA,NA,0,CREDIT
11710,http_429,NA,NA,0,CREDIT
11711,http_429,NA,NA,0,CREDIT
11712,http_429,NA,NA,0,CREDIT
11713,http_429,NA,NA,0,CREDIT
11714,http_429,NA,NA,0,CREDIT
11715,http_429,NA,NA,0,CREDIT
11716,http_429,NA,NA,0,CREDIT
11717,http_429,NA,NA,0,CREDIT
11718,http_429,NA,NA,0,CREDIT
11719,http_429,NA,NA,0,CREDIT
11720,http_429,NA,NA,0,CREDIT
11721,http_429,NA,NA,0,CREDIT
11722,http_429,NA,NA,0,CREDIT
11723,http_429,NA,NA,0,CREDIT
11724,http_429,NA,NA,0,CREDIT
11725,http_429,NA,NA,0,CREDIT
11726,http_429,NA,NA,0,CREDIT
11727,http_429,NA,NA,0,CREDIT
11728,http_429,NA,NA,0,CREDIT
11729,http_429,NA,NA,0,CREDIT
11730,http_429,NA,NA,0,CREDIT
11731,http_429,NA,NA,0,CREDIT
11732,http_429,NA,NA,0,CREDIT
11733,http_429,NA,NA,0,CREDIT
11734,http_429,NA,NA,0,CREDIT
11735,http_429,NA,NA,0,CREDIT
11736,http_429,NA,NA,0,CREDIT
11737,http_429,NA,NA,0,CREDIT
11738,http_429,NA,NA,0,CREDIT
11739,http_429,NA,NA,0,CREDIT
11740,http_429,NA,NA,0,CREDIT
11741,http_429,NA,NA,0,CREDIT
11742,http_429,NA,NA,0,CREDIT
11743,http_429,NA,NA,0,CREDIT
11744,http_429,NA,NA,0,CREDIT
11745,http_429,NA,NA,0,CREDIT
11746,http_429,NA,NA,0,CREDIT
11747,http_429,NA,NA,0,CREDIT
11748,http_429,NA,NA,0,CREDIT
11749,http_429,NA,NA,0,CREDIT
11750,http_429,NA,NA,0,CREDIT
11751,http_429,NA,NA,0,CREDIT
11752,http_429,NA,NA,0,CREDIT
11753,http_429,NA,NA,0,CREDIT
11754,http_429,NA,NA,0,CREDIT
11755,http_429,NA,NA,0,CREDIT
11756,http_429,NA,NA,0,CREDIT
11757,http_429,NA,NA,0,CREDIT
11758,http_429,NA,NA,0,CREDIT
11759,http_429,NA,NA,0,CREDIT
11760,http_429,NA,NA,0,CREDIT
11761,http_400,NA,NA,0,CREDIT
11762,http_429,NA,NA,0,CREDIT
11763,http_429,NA,NA,0,CREDIT
11764,http_400,NA,NA,0,CREDIT
11765,http_400,NA,NA,0,CREDIT
11766,http_400,NA,NA,0,CREDIT
11767,http_429,NA,NA,0,CREDIT
11768,http_429,NA,NA,0,CREDIT
11769,http_400,NA,NA,0,CREDIT
11770,http_400,NA,NA,0,CREDIT
11771,http_429,NA,NA,0,CREDIT
11772,http_400,NA,NA,0,CREDIT
11773,http_429,NA,NA,0,CREDIT
11774,http_400,NA,NA,0,CREDIT
11775,http_429,NA,NA,0,CREDIT
11776,http_429,NA,NA,0,CREDIT
11777,http_400,NA,NA,0,CREDIT
11778,http_400,NA,NA,0,CREDIT
11779,http_400,NA,NA,0,CREDIT
11780,http_400,NA,NA,0,CREDIT
11781,http_400,NA,NA,0,CREDIT
11782,http_400,NA,NA,0,CREDIT
11783,http_400,NA,NA,0,CREDIT
11784,http_429,NA,NA,0,CREDIT
11785,http_400,NA,NA,0,CREDIT
11786,http_400,NA,NA,0,CREDIT
11787,http_429,NA,NA,0,CREDIT
11788,http_429,NA,NA,0,CREDIT
11789,http_429,NA,NA,0,CREDIT
11790,http_400,NA,NA,0,CREDIT
11791,http_400,NA,NA,0,CREDIT
11792,http_429,NA,NA,0,CREDIT
11793,http_400,NA,NA,0,CREDIT
11794,http_400,NA,NA,0,CREDIT
11795,http_429,NA,NA,0,CREDIT
11796,http_400,NA,NA,0,CREDIT
11797,http_429,NA,NA,0,CREDIT
11798,http_400,NA,NA,0,CREDIT
11799,http_429,NA,NA,0,CREDIT
11800,http_429,NA,NA,0,CREDIT
12500,http_400,NA,NA,0,CREDIT
12501,http_400,NA,NA,0,CREDIT
12502,http_429,NA,NA,0,CREDIT
12503,http_400,NA,NA,0,CREDIT
12504,http_400,NA,NA,0,CREDIT
12505,http_429,NA,NA,0,CREDIT
12506,http_400,NA,NA,0,CREDIT
12507,http_429,NA,NA,0,CREDIT
12508,http_400,NA,NA,0,CREDIT
12509,http_400,NA,NA,0,CREDIT
12510,http_429,NA,NA,0,CREDIT
12511,http_400,NA,NA,0,CREDIT
12512,http_400,NA,NA,0,CREDIT
12513,http_429,NA,NA,0,CREDIT
12514,http_400,NA,NA,0,CREDIT
12515,http_400,NA,NA,0,CREDIT
12516,http_429,NA,NA,0,CREDIT
12517,http_400,NA,NA,0,CREDIT
12518,http_429,NA,NA,0,CREDIT
12519,http_400,NA,NA,0,CREDIT
12520,http_400,NA,NA,0,CREDIT
12521,http_400,NA,NA,0,CREDIT
12522,http_429,NA,NA,0,CREDIT
12523,http_400,NA,NA,0,CREDIT
12524,http_429,NA,NA,0,CREDIT
12525,http_400,NA,NA,0,CREDIT
12526,http_400,NA,NA,0,CREDIT
12527,http_400,NA,NA,0,CREDIT
12528,http_400,NA,NA,0,CREDIT
12529,http_400,NA,NA,0,CREDIT
12530,http_429,NA,NA,0,CREDIT
12531,http_400,NA,NA,0,CREDIT
12532,http_400,NA,NA,0,CREDIT
12533,http_400,NA,NA,0,CREDIT
12534,http_400,NA,NA,0,CREDIT
12535,http_400,NA,NA,0,CREDIT
12536,http_400,NA,NA,0,CREDIT
12537,http_400,NA,NA,0,CREDIT
12538,http_400,NA,NA,0,CREDIT
12539,http_400,NA,NA,0,CREDIT
12540,http_429,NA,NA,0,CREDIT
12541,http_429,NA,NA,0,CREDIT
12542,http_400,NA,NA,0,CREDIT
12543,http_400,NA,NA,0,CREDIT
12544,http_400,NA,NA,0,CREDIT
12545,http_400,NA,NA,0,CREDIT
12546,http_400,NA,NA,0,CREDIT
12547,http_429,NA,NA,0,CREDIT
12548,http_400,NA,NA,0,CREDIT
12549,http_400,NA,NA,0,CREDIT
12550,http_429,NA,NA,0,CREDIT
12551,http_429,NA,NA,0,CREDIT
12552,http_429,NA,NA,0,CREDIT
12553,http_429,NA,NA,0,CREDIT
12554,http_429,NA,NA,0,CREDIT
12555,http_429,NA,NA,0,CREDIT
12556,http_429,NA,NA,0,CREDIT
12557,http_429,NA,NA,0,CREDIT
12558,http_429,NA,NA,0,CREDIT
12559,http_429,NA,NA,0,CREDIT
12560,http_429,NA,NA,0,CREDIT
12561,http_429,NA,NA,0,CREDIT
12562,http_429,NA,NA,0,CREDIT
12563,http_429,NA,NA,0,CREDIT
12564,http_429,NA,NA,0,CREDIT
12565,http_429,NA,NA,0,CREDIT
12566,http_429,NA,NA,0,CREDIT
12567,http_429,NA,NA,0,CREDIT
12568,http_429,NA,NA,0,CREDIT
12569,http_429,NA,NA,0,CREDIT
12570,http_429,NA,NA,0,CREDIT
12571,http_429,NA,NA,0,CREDIT
12572,http_429,NA,NA,0,CREDIT
12573,http_429,NA,NA,0,CREDIT
12574,http_429,NA,NA,0,CREDIT
12575,http_429,NA,NA,0,CREDIT
12576,http_429,NA,NA,0,CREDIT
12577,http_429,NA,NA,0,CREDIT
12578,http_429,NA,NA,0,CREDIT
12579,http_429,NA,NA,0,CREDIT
12580,http_429,NA,NA,0,CREDIT
12581,http_429,NA,NA,0,CREDIT
12582,http_429,NA,NA,0,CREDIT
12583,http_429,NA,NA,0,CREDIT
12584,http_429,NA,NA,0,CREDIT
12585,http_429,NA,NA,0,CREDIT
12586,http_429,NA,NA,0,CREDIT
12587,http_429,NA,NA,0,CREDIT
12588,http_429,NA,NA,0,CREDIT
12589,http_429,NA,NA,0,CREDIT
12590,http_429,NA,NA,0,CREDIT
12591,http_429,NA,NA,0,CREDIT
12592,http_429,NA,NA,0,CREDIT
12593,http_429,NA,NA,0,CREDIT
12594,http_429,NA,NA,0,CREDIT
12595,http_429,NA,NA,0,CREDIT
12596,http_429,NA,NA,0,CREDIT
12597,http_429,NA,NA,0,CREDIT
12598,http_429,NA,NA,0,CREDIT
12599,http_429,NA,NA,0,CREDIT
12600,http_429,NA,NA,0,CREDIT
12601,http_429,NA,NA,0,CREDIT
12602,http_429,NA,NA,0,CREDIT
12603,http_429,NA,NA,0,CREDIT
12604,http_429,NA,NA,0,CREDIT
12605,http_429,NA,NA,0,CREDIT
12606,http_429,NA,NA,0,CREDIT
12607,http_429,NA,NA,0,CREDIT
12608,http_429,NA,NA,0,CREDIT
12609,http_429,NA,NA,0,CREDIT
12610,http_429,NA,NA,0,CREDIT
12611,http_429,NA,NA,0,CREDIT
12612,http_429,NA,NA,0,CREDIT
12613,http_429,NA,NA,0,CREDIT
12614,http_429,NA,NA,0,CREDIT
12615,http_429,NA,NA,0,CREDIT
12616,http_429,NA,NA,0,CREDIT
12617,http_429,NA,NA,0,CREDIT
12618,http_429,NA,NA,0,CREDIT
12619,http_429,NA,NA,0,CREDIT
12620,http_429,NA,NA,0,CREDIT
12621,http_429,NA,NA,0,CREDIT
12622,http_429,NA,NA,0,CREDIT
12623,http_400,NA,NA,0,CREDIT
12624,http_429,NA,NA,0,CREDIT
12625,http_429,NA,NA,0,CREDIT
12626,http_429,NA,NA,0,CREDIT
12627,http_400,NA,NA,0,CREDIT
12628,http_400,NA,NA,0,CREDIT
12629,http_400,NA,NA,0,CREDIT
12630,http_429,NA,NA,0,CREDIT
12631,http_429,NA,NA,0,CREDIT
12632,http_400,NA,NA,0,CREDIT
12633,http_400,NA,NA,0,CREDIT
12634,http_429,NA,NA,0,CREDIT
12635,http_400,NA,NA,0,CREDIT
12636,http_429,NA,NA,0,CREDIT
12637,http_429,NA,NA,0,CREDIT
12638,http_400,NA,NA,0,CREDIT
12639,http_429,NA,NA,0,CREDIT
12640,http_400,NA,NA,0,CREDIT
12641,http_400,NA,NA,0,CREDIT
12642,http_429,NA,NA,0,CREDIT
12643,http_400,NA,NA,0,CREDIT
12644,http_429,NA,NA,0,CREDIT
12645,http_400,NA,NA,0,CREDIT
12646,http_400,NA,NA,0,CREDIT
12647,http_400,NA,NA,0,CREDIT
12648,http_400,NA,NA,0,CREDIT
12649,http_400,NA,NA,0,CREDIT
12650,http_400,NA,NA,0,CREDIT
12651,http_400,NA,NA,0,CREDIT
12652,http_400,NA,NA,0,CREDIT
12653,http_400,NA,NA,0,CREDIT
12654,http_400,NA,NA,0,CREDIT
12655,http_400,NA,NA,0,CREDIT
12656,http_400,NA,NA,0,CREDIT
12657,http_400,NA,NA,0,CREDIT
12658,http_400,NA,NA,0,CREDIT
12659,http_400,NA,NA,0,CREDIT
12660,http_400,NA,NA,0,CREDIT
12661,http_400,NA,NA,0,CREDIT
12662,http_400,NA,NA,0,CREDIT
12663,http_429,NA,NA,0,CREDIT
12664,http_400,NA,NA,0,CREDIT
12665,http_429,NA,NA,0,CREDIT
12666,http_400,NA,NA,0,CREDIT
12667,http_400,NA,NA,0,CREDIT
12668,http_429,NA,NA,0,CREDIT
12669,http_400,NA,NA,0,CREDIT
12670,http_400,NA,NA,0,CREDIT
12671,http_400,NA,NA,0,CREDIT
12672,http_400,NA,NA,0,CREDIT
12673,http_400,NA,NA,0,CREDIT
12674,http_400,NA,NA,0,CREDIT
12675,http_400,NA,NA,0,CREDIT
12676,http_400,NA,NA,0,CREDIT
12677,http_400,NA,NA,0,CREDIT
12678,http_400,NA,NA,0,CREDIT
12679,http_400,NA,NA,0,CREDIT
12680,http_400,NA,NA,0,CREDIT
12681,http_400,NA,NA,0,CREDIT
12682,http_400,NA,NA,0,CREDIT
12683,http_400,NA,NA,0,CREDIT
12684,http_400,NA,NA,0,CREDIT
12685,http_400,NA,NA,0,CREDIT
12686,http_400,NA,NA,0,CREDIT
12687,http_400,NA,NA,0,CREDIT
12688,http_400,NA,NA,0,CREDIT
12689,http_400,NA,NA,0,CREDIT
12690,http_400,NA,NA,0,CREDIT
12691,http_400,NA,NA,0,CREDIT
12692,http_400,NA,NA,0,CREDIT
12693,http_400,NA,NA,0,CREDIT
12694,http_400,NA,NA,0,CREDIT
12695,http_400,NA,NA,0,CREDIT
12696,http_400,NA,NA,0,CREDIT
12697,http_429,NA,NA,0,CREDIT
12698,http_429,NA,NA,0,CREDIT
12699,http_429,NA,NA,0,CREDIT
12700,http_429,NA,NA,0,CREDIT
12701,http_429,NA,NA,0,CREDIT
12702,http_429,NA,NA,0,CREDIT
12703,http_429,NA,NA,0,CREDIT
12704,http_429,NA,NA,0,CREDIT
12705,http_429,NA,NA,0,CREDIT
12706,http_429,NA,NA,0,CREDIT
12707,http_429,NA,NA,0,CREDIT
12708,http_429,NA,NA,0,CREDIT
12709,http_429,NA,NA,0,CREDIT
12710,http_429,NA,NA,0,CREDIT
12711,http_429,NA,NA,0,CREDIT
12712,http_429,NA,NA,0,CREDIT
12713,http_429,NA,NA,0,CREDIT
12714,http_429,NA,NA,0,CREDIT
12715,http_429,NA,NA,0,CREDIT
12716,http_429,NA,NA,0,CREDIT
12717,http_429,NA,NA,0,CREDIT
12718,http_429,NA,NA,0,CREDIT
12719,http_429,NA,NA,0,CREDIT
12720,http_429,NA,NA,0,CREDIT
12721,http_429,NA,NA,0,CREDIT
12722,http_429,NA,NA,0,CREDIT
12723,http_429,NA,NA,0,CREDIT
12724,http_429,NA,NA,0,CREDIT
12725,http_429,NA,NA,0,CREDIT
12726,http_429,NA,NA,0,CREDIT
12727,http_429,NA,NA,0,CREDIT
12728,http_429,NA,NA,0,CREDIT
12729,http_429,NA,NA,0,CREDIT
12730,http_429,NA,NA,0,CREDIT
12731,http_429,NA,NA,0,CREDIT
12732,http_429,NA,NA,0,CREDIT
12733,http_429,NA,NA,0,CREDIT
12734,http_429,NA,NA,0,CREDIT
12735,http_429,NA,NA,0,CREDIT
12736,http_429,NA,NA,0,CREDIT
12737,http_429,NA,NA,0,CREDIT
12738,http_429,NA,NA,0,CREDIT
12739,http_429,NA,NA,0,CREDIT
12740,http_429,NA,NA,0,CREDIT
12741,http_429,NA,NA,0,CREDIT
12742,http_429,NA,NA,0,CREDIT
12743,http_429,NA,NA,0,CREDIT
12744,http_429,NA,NA,0,CREDIT
12745,http_429,NA,NA,0,CREDIT
12746,http_429,NA,NA,0,CREDIT
12747,http_429,NA,NA,0,CREDIT
12748,http_429,NA,NA,0,CREDIT
12749,http_429,NA,NA,0,CREDIT
12750,http_429,NA,NA,0,CREDIT
12751,http_429,NA,NA,0,CREDIT
12752,http_429,NA,NA,0,CREDIT
12753,http_429,NA,NA,0,CREDIT
12754,http_429,NA,NA,0,CREDIT
12755,http_429,NA,NA,0,CREDIT
12756,http_429,NA,NA,0,CREDIT
12757,http_429,NA,NA,0,CREDIT
12758,http_429,NA,NA,0,CREDIT
12759,http_429,NA,NA,0,CREDIT
12760,http_429,NA,NA,0,CREDIT
12761,http_429,NA,NA,0,CREDIT
12762,http_429,NA,NA,0,CREDIT
12763,http_429,NA,NA,0,CREDIT
12764,http_429,NA,NA,0,CREDIT
12765,http_429,NA,NA,0,CREDIT
12766,http_429,NA,NA,0,CREDIT
12767,http_429,NA,NA,0,CREDIT
12768,http_429,NA,NA,0,CREDIT
12769,http_429,NA,NA,0,CREDIT
12770,http_400,NA,NA,0,CREDIT
12771,http_429,NA,NA,0,CREDIT
12772,http_429,NA,NA,0,CREDIT
12773,http_429,NA,NA,0,CREDIT
12774,http_400,NA,NA,0,CREDIT
12775,http_400,NA,NA,0,CREDIT
12776,http_400,NA,NA,0,CREDIT
12777,http_429,NA,NA,0,CREDIT
12778,http_429,NA,NA,0,CREDIT
12779,http_400,NA,NA,0,CREDIT
12780,http_400,NA,NA,0,CREDIT
12781,http_400,NA,NA,0,CREDIT
12782,http_429,NA,NA,0,CREDIT
12783,http_429,NA,NA,0,CREDIT
12784,http_400,NA,NA,0,CREDIT
12785,http_429,NA,NA,0,CREDIT
12786,http_400,NA,NA,0,CREDIT
12787,http_400,NA,NA,0,CREDIT
12788,http_400,NA,NA,0,CREDIT
12789,http_429,NA,NA,0,CREDIT
12790,http_429,NA,NA,0,CREDIT
12791,http_400,NA,NA,0,CREDIT
12792,http_400,NA,NA,0,CREDIT
12793,http_400,NA,NA,0,CREDIT
12794,http_429,NA,NA,0,CREDIT
12795,http_429,NA,NA,0,CREDIT
12796,http_400,NA,NA,0,CREDIT
12797,http_400,NA,NA,0,CREDIT
12798,http_400,NA,NA,0,CREDIT
12799,http_429,NA,NA,0,CREDIT
12800,http_429,NA,NA,0,CREDIT
12801,http_400,NA,NA,0,CREDIT
12802,http_429,NA,NA,0,CREDIT
12803,http_400,NA,NA,0,CREDIT
12804,http_429,NA,NA,0,CREDIT
12805,http_400,NA,NA,0,CREDIT
12806,http_400,NA,NA,0,CREDIT
12807,http_429,NA,NA,0,CREDIT
12808,http_400,NA,NA,0,CREDIT
12809,http_429,NA,NA,0,CREDIT
12810,http_429,NA,NA,0,CREDIT
12811,http_400,NA,NA,0,CREDIT
12812,http_400,NA,NA,0,CREDIT
12813,http_400,NA,NA,0,CREDIT
12814,http_400,NA,NA,0,CREDIT
12815,http_400,NA,NA,0,CREDIT
12816,http_400,NA,NA,0,CREDIT
12817,http_400,NA,NA,0,CREDIT
12818,http_400,NA,NA,0,CREDIT
12819,http_429,NA,NA,0,CREDIT
12820,http_400,NA,NA,0,CREDIT
12821,http_400,NA,NA,0,CREDIT
12822,http_400,NA,NA,0,CREDIT
12823,http_429,NA,NA,0,CREDIT
12824,http_429,NA,NA,0,CREDIT
12825,http_400,NA,NA,0,CREDIT
12826,http_429,NA,NA,0,CREDIT
12827,http_429,NA,NA,0,CREDIT
12828,http_429,NA,NA,0,CREDIT
12829,http_429,NA,NA,0,CREDIT
12830,http_400,NA,NA,0,CREDIT
12831,http_400,NA,NA,0,CREDIT
12832,http_400,NA,NA,0,CREDIT
12833,http_429,NA,NA,0,CREDIT
12834,http_429,NA,NA,0,CREDIT
12835,http_400,NA,NA,0,CREDIT
12836,http_400,NA,NA,0,CREDIT
12837,http_400,NA,NA,0,CREDIT
12838,http_400,NA,NA,0,CREDIT
12839,http_400,NA,NA,0,CREDIT
12840,http_400,NA,NA,0,CREDIT
12841,http_400,NA,NA,0,CREDIT
12842,http_400,NA,NA,0,CREDIT
12843,http_400,NA,NA,0,CREDIT
12844,http_400,NA,NA,0,CREDIT
12845,http_400,NA,NA,0,CREDIT
12846,http_400,NA,NA,0,CREDIT
12847,http_429,NA,NA,0,CREDIT
12848,http_400,NA,NA,0,CREDIT
12849,http_400,NA,NA,0,CREDIT
12850,http_400,NA,NA,0,CREDIT
12851,http_400,NA,NA,0,CREDIT
12852,http_400,NA,NA,0,CREDIT
12853,http_429,NA,NA,0,CREDIT
12854,http_400,NA,NA,0,CREDIT
12855,http_400,NA,NA,0,CREDIT
12856,http_400,NA,NA,0,CREDIT
12857,http_400,NA,NA,0,CREDIT
12858,http_400,NA,NA,0,CREDIT
12859,http_400,NA,NA,0,CREDIT
12860,http_429,NA,NA,0,CREDIT
12861,http_429,NA,NA,0,CREDIT
12862,http_429,NA,NA,0,CREDIT
12863,http_429,NA,NA,0,CREDIT
12864,http_429,NA,NA,0,CREDIT
12865,http_429,NA,NA,0,CREDIT
12866,http_429,NA,NA,0,CREDIT
12867,http_429,NA,NA,0,CREDIT
12868,http_429,NA,NA,0,CREDIT
12869,http_429,NA,NA,0,CREDIT
12870,http_429,NA,NA,0,CREDIT
12871,http_429,NA,NA,0,CREDIT
12872,http_429,NA,NA,0,CREDIT
12873,http_429,NA,NA,0,CREDIT
12874,http_429,NA,NA,0,CREDIT
12875,http_429,NA,NA,0,CREDIT
12876,http_429,NA,NA,0,CREDIT
12877,http_429,NA,NA,0,CREDIT
12878,http_429,NA,NA,0,CREDIT
12879,http_429,NA,NA,0,CREDIT
12880,http_429,NA,NA,0,CREDIT
12881,http_429,NA,NA,0,CREDIT
12882,http_429,NA,NA,0,CREDIT
12883,http_429,NA,NA,0,CREDIT
12884,http_429,NA,NA,0,CREDIT
12885,http_429,NA,NA,0,CREDIT
12886,http_429,NA,NA,0,CREDIT
12887,http_429,NA,NA,0,CREDIT
12888,http_429,NA,NA,0,CREDIT
12889,http_429,NA,NA,0,CREDIT
12890,http_429,NA,NA,0,CREDIT
12891,http_429,NA,NA,0,CREDIT
12892,http_429,NA,NA,0,CREDIT
12893,http_429,NA,NA,0,CREDIT
12894,http_429,NA,NA,0,CREDIT
12895,http_429,NA,NA,0,CREDIT
12896,http_429,NA,NA,0,CREDIT
12897,http_429,NA,NA,0,CREDIT
12898,http_429,NA,NA,0,CREDIT
12899,http_429,NA,NA,0,CREDIT
12900,http_429,NA,NA,0,CREDIT
12901,http_429,NA,NA,0,CREDIT
12902,http_429,NA,NA,0,CREDIT
12903,http_429,NA,NA,0,CREDIT
12904,http_429,NA,NA,0,CREDIT
12905,http_429,NA,NA,0,CREDIT
12906,http_429,NA,NA,0,CREDIT
12907,http_429,NA,NA,0,CREDIT
12908,http_429,NA,NA,0,CREDIT
12909,http_429,NA,NA,0,CREDIT
12910,http_429,NA,NA,0,CREDIT
12911,http_429,NA,NA,0,CREDIT
12912,http_429,NA,NA,0,CREDIT
12913,http_429,NA,NA,0,CREDIT
12914,http_429,NA,NA,0,CREDIT
12915,http_429,NA,NA,0,CREDIT
12916,http_429,NA,NA,0,CREDIT
12917,http_429,NA,NA,0,CREDIT
12918,http_429,NA,NA,0,CREDIT
12919,http_429,NA,NA,0,CREDIT
12920,http_429,NA,NA,0,CREDIT
12921,http_429,NA,NA,0,CREDIT
12922,http_429,NA,NA,0,CREDIT
12923,http_429,NA,NA,0,CREDIT
12924,http_429,NA,NA,0,CREDIT
12925,http_429,NA,NA,0,CREDIT
12926,http_429,NA,NA,0,CREDIT
12927,http_429,NA,NA,0,CREDIT
12928,http_429,NA,NA,0,CREDIT
12929,http_429,NA,NA,0,CREDIT
12930,http_400,NA,NA,0,CREDIT
12931,http_429,NA,NA,0,CREDIT
12932,http_429,NA,NA,0,CREDIT
12933,http_429,NA,NA,0,CREDIT
12934,http_400,NA,NA,0,CREDIT
12935,http_400,NA,NA,0,CREDIT
12936,http_400,NA,NA,0,CREDIT
12937,http_429,NA,NA,0,CREDIT
12938,http_400,NA,NA,0,CREDIT
12939,http_400,NA,NA,0,CREDIT
12940,http_400,NA,NA,0,CREDIT
12941,http_400,NA,NA,0,CREDIT
12942,http_429,NA,NA,0,CREDIT
12943,http_400,NA,NA,0,CREDIT
12944,http_400,NA,NA,0,CREDIT
12945,http_400,NA,NA,0,CREDIT
12946,http_400,NA,NA,0,CREDIT
12947,http_400,NA,NA,0,CREDIT
12948,http_400,NA,NA,0,CREDIT
12949,http_429,NA,NA,0,CREDIT
12950,http_400,NA,NA,0,CREDIT
12951,http_429,NA,NA,0,CREDIT
12952,http_400,NA,NA,0,CREDIT
12953,http_400,NA,NA,0,CREDIT
12954,http_429,NA,NA,0,CREDIT
12955,http_429,NA,NA,0,CREDIT
12956,http_400,NA,NA,0,CREDIT
12957,http_429,NA,NA,0,CREDIT
12958,http_429,NA,NA,0,CREDIT
12959,http_400,NA,NA,0,CREDIT
12960,http_429,NA,NA,0,CREDIT
12961,http_400,NA,NA,0,CREDIT
12962,http_400,NA,NA,0,CREDIT
12963,http_400,NA,NA,0,CREDIT
12964,http_429,NA,NA,0,CREDIT
12965,http_429,NA,NA,0,CREDIT
12966,http_400,NA,NA,0,CREDIT
12967,http_400,NA,NA,0,CREDIT
12968,http_400,NA,NA,0,CREDIT
12969,http_400,NA,NA,0,CREDIT
12970,http_400,NA,NA,0,CREDIT
12971,http_400,NA,NA,0,CREDIT
12972,http_400,NA,NA,0,CREDIT
12973,http_400,NA,NA,0,CREDIT
12974,http_429,NA,NA,0,CREDIT
12975,http_400,NA,NA,0,CREDIT
12976,http_400,NA,NA,0,CREDIT
12977,http_400,NA,NA,0,CREDIT
12978,http_429,NA,NA,0,CREDIT
12979,http_429,NA,NA,0,CREDIT
12980,http_400,NA,NA,0,CREDIT
12981,http_429,NA,NA,0,CREDIT
12982,http_429,NA,NA,0,CREDIT
12983,http_429,NA,NA,0,CREDIT
12984,http_429,NA,NA,0,CREDIT
12985,http_400,NA,NA,0,CREDIT
12986,http_400,NA,NA,0,CREDIT
12987,http_400,NA,NA,0,CREDIT
12988,http_429,NA,NA,0,CREDIT
12989,http_400,NA,NA,0,CREDIT
12990,http_400,NA,NA,0,CREDIT
12991,http_400,NA,NA,0,CREDIT
12992,http_429,NA,NA,0,CREDIT
12993,http_400,NA,NA,0,CREDIT
12994,http_400,NA,NA,0,CREDIT
12995,http_400,NA,NA,0,CREDIT
12996,http_400,NA,NA,0,CREDIT
12997,http_400,NA,NA,0,CREDIT
12998,http_400,NA,NA,0,CREDIT
12999,http_400,NA,NA,0,CREDIT
13000,http_400,NA,NA,0,CREDIT
13001,http_400,NA,NA,0,CREDIT
13002,http_400,NA,NA,0,CREDIT
13003,http_400,NA,NA,0,CREDIT
13004,http_400,NA,NA,0,CREDIT
13005,http_400,NA,NA,0,CREDIT
13006,http_400,NA,NA,0,CREDIT
13007,http_400,NA,NA,0,CREDIT
13008,http_400,NA,NA,0,CREDIT
13009,http_400,NA,NA,0,CREDIT
13010,http_400,NA,NA,0,CREDIT
13011,http_400,NA,NA,0,CREDIT
13012,http_400,NA,NA,0,CREDIT
13013,http_429,NA,NA,0,CREDIT
13014,http_429,NA,NA,0,CREDIT
13015,http_429,NA,NA,0,CREDIT
13016,http_429,NA,NA,0,CREDIT
13017,http_429,NA,NA,0,CREDIT
13018,http_429,NA,NA,0,CREDIT
13019,http_429,NA,NA,0,CREDIT
13020,http_429,NA,NA,0,CREDIT
13021,http_429,NA,NA,0,CREDIT
13022,http_429,NA,NA,0,CREDIT
13023,http_429,NA,NA,0,CREDIT
13024,http_429,NA,NA,0,CREDIT
13025,http_429,NA,NA,0,CREDIT
13026,http_429,NA,NA,0,CREDIT
13027,http_429,NA,NA,0,CREDIT
13028,http_429,NA,NA,0,CREDIT
13029,http_429,NA,NA,0,CREDIT
13030,http_429,NA,NA,0,CREDIT
13031,http_429,NA,NA,0,CREDIT
13032,http_429,NA,NA,0,CREDIT
13033,http_429,NA,NA,0,CREDIT
13034,http_429,NA,NA,0,CREDIT
13035,http_429,NA,NA,0,CREDIT
13036,http_429,NA,NA,0,CREDIT
13037,http_429,NA,NA,0,CREDIT
13038,http_429,NA,NA,0,CREDIT
13039,http_429,NA,NA,0,CREDIT
13040,http_429,NA,NA,0,CREDIT
13041,http_429,NA,NA,0,CREDIT
13042,http_429,NA,NA,0,CREDIT
13043,http_429,NA,NA,0,CREDIT
13044,http_429,NA,NA,0,CREDIT
13045,http_429,NA,NA,0,CREDIT
13046,http_429,NA,NA,0,CREDIT
13047,http_429,NA,NA,0,CREDIT
13048,http_429,NA,NA,0,CREDIT
13049,http_429,NA,NA,0,CREDIT
13050,http_429,NA,NA,0,CREDIT
13051,http_429,NA,NA,0,CREDIT
13052,http_429,NA,NA,0,CREDIT
13053,http_429,NA,NA,0,CREDIT
13054,http_429,NA,NA,0,CREDIT
13055,http_429,NA,NA,0,CREDIT
13056,http_429,NA,NA,0,CREDIT
13057,http_429,NA,NA,0,CREDIT
13058,http_429,NA,NA,0,CREDIT
13059,http_429,NA,NA,0,CREDIT
13060,http_429,NA,NA,0,CREDIT
13061,http_429,NA,NA,0,CREDIT
13062,http_429,NA,NA,0,CREDIT
13063,http_429,NA,NA,0,CREDIT
13064,http_429,NA,NA,0,CREDIT
13065,http_429,NA,NA,0,CREDIT
13066,http_429,NA,NA,0,CREDIT
13067,http_429,NA,NA,0,CREDIT
13068,http_429,NA,NA,0,CREDIT
13069,http_429,NA,NA,0,CREDIT
13070,http_429,NA,NA,0,CREDIT
13071,http_429,NA,NA,0,CREDIT
13072,http_429,NA,NA,0,CREDIT
13073,http_429,NA,NA,0,CREDIT
13074,http_429,NA,NA,0,CREDIT
13075,http_429,NA,NA,0,CREDIT
13076,http_429,NA,NA,0,CREDIT
13077,http_400,NA,NA,0,CREDIT
13078,http_429,NA,NA,0,CREDIT
13079,http_429,NA,NA,0,CREDIT
13080,http_429,NA,NA,0,CREDIT
13081,http_400,NA,NA,0,CREDIT
13082,http_400,NA,NA,0,CREDIT
13083,http_400,NA,NA,0,CREDIT
13084,http_429,NA,NA,0,CREDIT
13085,http_400,NA,NA,0,CREDIT
13086,http_400,NA,NA,0,CREDIT
13087,http_400,NA,NA,0,CREDIT
13088,http_429,NA,NA,0,CREDIT
13089,http_400,NA,NA,0,CREDIT
13090,http_429,NA,NA,0,CREDIT
13091,http_400,NA,NA,0,CREDIT
13092,http_429,NA,NA,0,CREDIT
13093,http_400,NA,NA,0,CREDIT
13094,http_429,NA,NA,0,CREDIT
13095,http_400,NA,NA,0,CREDIT
13096,http_400,NA,NA,0,CREDIT
13097,http_400,NA,NA,0,CREDIT
13098,http_429,NA,NA,0,CREDIT
13099,http_400,NA,NA,0,CREDIT
13100,http_429,NA,NA,0,CREDIT
13101,http_400,NA,NA,0,CREDIT
13102,http_400,NA,NA,0,CREDIT
13103,http_400,NA,NA,0,CREDIT
13104,http_429,NA,NA,0,CREDIT
13105,http_400,NA,NA,0,CREDIT
13106,http_429,NA,NA,0,CREDIT
13107,http_429,NA,NA,0,CREDIT
13108,http_400,NA,NA,0,CREDIT
13109,http_429,NA,NA,0,CREDIT
13110,http_400,NA,NA,0,CREDIT
13111,http_429,NA,NA,0,CREDIT
13112,http_400,NA,NA,0,CREDIT
13113,http_400,NA,NA,0,CREDIT
13114,http_429,NA,NA,0,CREDIT
13115,http_429,NA,NA,0,CREDIT
13116,http_429,NA,NA,0,CREDIT
13117,http_400,NA,NA,0,CREDIT
13118,http_400,NA,NA,0,CREDIT
13119,http_400,NA,NA,0,CREDIT
13120,http_400,NA,NA,0,CREDIT
13121,http_400,NA,NA,0,CREDIT
13122,http_400,NA,NA,0,CREDIT
13123,http_400,NA,NA,0,CREDIT
13124,http_400,NA,NA,0,CREDIT
13125,http_400,NA,NA,0,CREDIT
13126,http_400,NA,NA,0,CREDIT
13127,http_400,NA,NA,0,CREDIT
13128,http_400,NA,NA,0,CREDIT
13129,http_429,NA,NA,0,CREDIT
13130,http_429,NA,NA,0,CREDIT
13131,http_429,NA,NA,0,CREDIT
13132,http_400,NA,NA,0,CREDIT
13133,http_400,NA,NA,0,CREDIT
13134,http_400,NA,NA,0,CREDIT
13135,http_400,NA,NA,0,CREDIT
13136,http_400,NA,NA,0,CREDIT
13137,http_400,NA,NA,0,CREDIT
13138,http_429,NA,NA,0,CREDIT
13139,http_400,NA,NA,0,CREDIT
13140,http_400,NA,NA,0,CREDIT
13141,http_400,NA,NA,0,CREDIT
13142,http_429,NA,NA,0,CREDIT
13143,http_429,NA,NA,0,CREDIT
13144,http_429,NA,NA,0,CREDIT
13145,http_400,NA,NA,0,CREDIT
13146,http_400,NA,NA,0,CREDIT
13147,http_400,NA,NA,0,CREDIT
13148,http_400,NA,NA,0,CREDIT
13149,http_400,NA,NA,0,CREDIT
13150,http_400,NA,NA,0,CREDIT
13151,http_400,NA,NA,0,CREDIT
13152,http_400,NA,NA,0,CREDIT
13153,http_400,NA,NA,0,CREDIT
13154,http_400,NA,NA,0,CREDIT
13155,http_400,NA,NA,0,CREDIT
13156,http_400,NA,NA,0,CREDIT
13157,http_400,NA,NA,0,CREDIT
13158,http_429,NA,NA,0,CREDIT
13159,http_429,NA,NA,0,CREDIT
13160,http_429,NA,NA,0,CREDIT
13161,http_429,NA,NA,0,CREDIT
13162,http_400,NA,NA,0,CREDIT
13163,http_400,NA,NA,0,CREDIT
13164,http_400,NA,NA,0,CREDIT
13165,http_400,NA,NA,0,CREDIT
13166,http_429,NA,NA,0,CREDIT
13167,http_429,NA,NA,0,CREDIT
13168,http_429,NA,NA,0,CREDIT
13169,http_429,NA,NA,0,CREDIT
13170,http_429,NA,NA,0,CREDIT
13171,http_429,NA,NA,0,CREDIT
13172,http_429,NA,NA,0,CREDIT
13173,http_429,NA,NA,0,CREDIT
13174,http_429,NA,NA,0,CREDIT
13175,http_429,NA,NA,0,CREDIT
13176,http_429,NA,NA,0,CREDIT
13177,http_429,NA,NA,0,CREDIT
13178,http_429,NA,NA,0,CREDIT
13179,http_429,NA,NA,0,CREDIT
13180,http_429,NA,NA,0,CREDIT
13181,http_429,NA,NA,0,CREDIT
13182,http_429,NA,NA,0,CREDIT
13183,http_429,NA,NA,0,CREDIT
13184,http_429,NA,NA,0,CREDIT
13185,http_429,NA,NA,0,CREDIT
13186,http_429,NA,NA,0,CREDIT
13187,http_429,NA,NA,0,CREDIT
13188,http_429,NA,NA,0,CREDIT
13189,http_429,NA,NA,0,CREDIT
13190,http_429,NA,NA,0,CREDIT
13191,http_429,NA,NA,0,CREDIT
13192,http_429,NA,NA,0,CREDIT
13193,http_429,NA,NA,0,CREDIT
13194,http_429,NA,NA,0,CREDIT
13195,http_429,NA,NA,0,CREDIT
13196,http_429,NA,NA,0,CREDIT
13197,http_429,NA,NA,0,CREDIT
13198,http_429,NA,NA,0,CREDIT
13199,http_429,NA,NA,0,CREDIT
13200,http_429,NA,NA,0,CREDIT
26000,http_429,NA,NA,0,CREDIT
26001,http_429,NA,NA,0,CREDIT
26002,http_429,NA,NA,0,CREDIT
26003,http_429,NA,NA,0,CREDIT
26004,http_429,NA,NA,0,CREDIT
26005,http_429,NA,NA,0,CREDIT
26006,http_429,NA,NA,0,CREDIT
26007,http_429,NA,NA,0,CREDIT
26008,http_429,NA,NA,0,CREDIT
26009,http_429,NA,NA,0,CREDIT
26010,http_429,NA,NA,0,CREDIT
26011,http_429,NA,NA,0,CREDIT
26012,http_429,NA,NA,0,CREDIT
26013,http_429,NA,NA,0,CREDIT
26014,http_429,NA,NA,0,CREDIT
26015,http_429,NA,NA,0,CREDIT
26016,http_429,NA,NA,0,CREDIT
26017,http_429,NA,NA,0,CREDIT
26018,http_429,NA,NA,0,CREDIT
26019,http_429,NA,NA,0,CREDIT
26020,http_429,NA,NA,0,CREDIT
26021,http_429,NA,NA,0,CREDIT
26022,http_429,NA,NA,0,CREDIT
26023,http_429,NA,NA,0,CREDIT
26024,http_429,NA,NA,0,CREDIT
26025,http_429,NA,NA,0,CREDIT
26026,http_429,NA,NA,0,CREDIT
26027,http_429,NA,NA,0,CREDIT
26028,http_400,NA,NA,0,CREDIT
26029,http_429,NA,NA,0,CREDIT
26030,http_429,NA,NA,0,CREDIT
26031,http_429,NA,NA,0,CREDIT
26032,http_400,NA,NA,0,CREDIT
26033,http_429,NA,NA,0,CREDIT
26034,http_400,NA,NA,0,CREDIT
26035,http_400,NA,NA,0,CREDIT
26036,http_400,NA,NA,0,CREDIT
26037,http_400,NA,NA,0,CREDIT
26038,http_400,NA,NA,0,CREDIT
26039,http_400,NA,NA,0,CREDIT
26040,http_400,NA,NA,0,CREDIT
26041,http_400,NA,NA,0,CREDIT
26042,http_429,NA,NA,0,CREDIT
26043,http_400,NA,NA,0,CREDIT
26044,http_400,NA,NA,0,CREDIT
26045,http_400,NA,NA,0,CREDIT
26046,http_429,NA,NA,0,CREDIT
26047,http_400,NA,NA,0,CREDIT
26048,http_429,NA,NA,0,CREDIT
26049,http_400,NA,NA,0,CREDIT
26050,http_429,NA,NA,0,CREDIT
26051,http_400,NA,NA,0,CREDIT
26052,http_400,NA,NA,0,CREDIT
26053,http_429,NA,NA,0,CREDIT
26054,http_400,NA,NA,0,CREDIT
26055,http_429,NA,NA,0,CREDIT
26056,http_429,NA,NA,0,CREDIT
26057,http_400,NA,NA,0,CREDIT
26058,http_429,NA,NA,0,CREDIT
26059,http_400,NA,NA,0,CREDIT
26060,http_400,NA,NA,0,CREDIT
26061,http_400,NA,NA,0,CREDIT
26062,http_429,NA,NA,0,CREDIT
26063,http_429,NA,NA,0,CREDIT
26064,http_429,NA,NA,0,CREDIT
26065,http_400,NA,NA,0,CREDIT
26066,http_400,NA,NA,0,CREDIT
26067,http_400,NA,NA,0,CREDIT
26068,http_400,NA,NA,0,CREDIT
26069,http_400,NA,NA,0,CREDIT
26070,http_400,NA,NA,0,CREDIT
26071,http_400,NA,NA,0,CREDIT
26072,http_400,NA,NA,0,CREDIT
26073,http_400,NA,NA,0,CREDIT
26074,http_429,NA,NA,0,CREDIT
26075,http_400,NA,NA,0,CREDIT
26076,http_400,NA,NA,0,CREDIT
26077,http_400,NA,NA,0,CREDIT
26078,http_429,NA,NA,0,CREDIT
26079,http_429,NA,NA,0,CREDIT
26080,http_400,NA,NA,0,CREDIT
26081,http_429,NA,NA,0,CREDIT
26082,http_400,NA,NA,0,CREDIT
26083,http_400,NA,NA,0,CREDIT
26084,http_429,NA,NA,0,CREDIT
26085,http_400,NA,NA,0,CREDIT
26086,http_400,NA,NA,0,CREDIT
26087,http_429,NA,NA,0,CREDIT
26088,http_400,NA,NA,0,CREDIT
26089,http_429,NA,NA,0,CREDIT
26090,http_400,NA,NA,0,CREDIT
26091,http_400,NA,NA,0,CREDIT
26092,http_400,NA,NA,0,CREDIT
26093,http_429,NA,NA,0,CREDIT
26094,http_429,NA,NA,0,CREDIT
26095,http_429,NA,NA,0,CREDIT
26096,http_400,NA,NA,0,CREDIT
26097,http_400,NA,NA,0,CREDIT
26098,http_400,NA,NA,0,CREDIT
26099,http_400,NA,NA,0,CREDIT
26100,http_400,NA,NA,0,CREDIT
26101,http_429,NA,NA,0,CREDIT
26102,http_400,NA,NA,0,CREDIT
26103,http_400,NA,NA,0,CREDIT
26104,http_400,NA,NA,0,CREDIT
26105,http_400,NA,NA,0,CREDIT
26106,http_400,NA,NA,0,CREDIT
26107,http_400,NA,NA,0,CREDIT
26108,http_400,NA,NA,0,CREDIT
26109,http_400,NA,NA,0,CREDIT
26110,http_429,NA,NA,0,CREDIT
26111,http_429,NA,NA,0,CREDIT
26112,http_429,NA,NA,0,CREDIT
26113,http_429,NA,NA,0,CREDIT
26114,http_400,NA,NA,0,CREDIT
26115,http_400,NA,NA,0,CREDIT
26116,http_400,NA,NA,0,CREDIT
26117,http_400,NA,NA,0,CREDIT
26118,http_429,NA,NA,0,CREDIT
26119,http_429,NA,NA,0,CREDIT
26120,http_429,NA,NA,0,CREDIT
26121,http_429,NA,NA,0,CREDIT
26122,http_429,NA,NA,0,CREDIT
26123,http_429,NA,NA,0,CREDIT
26124,http_429,NA,NA,0,CREDIT
26125,http_429,NA,NA,0,CREDIT
26126,http_429,NA,NA,0,CREDIT
26127,http_429,NA,NA,0,CREDIT
26128,http_429,NA,NA,0,CREDIT
26129,http_429,NA,NA,0,CREDIT
26130,http_429,NA,NA,0,CREDIT
26131,http_429,NA,NA,0,CREDIT
26132,http_429,NA,NA,0,CREDIT
26133,http_429,NA,NA,0,CREDIT
26134,http_429,NA,NA,0,CREDIT
26135,http_429,NA,NA,0,CREDIT
26136,http_429,NA,NA,0,CREDIT
26137,http_429,NA,NA,0,CREDIT
26138,http_429,NA,NA,0,CREDIT
26139,http_429,NA,NA,0,CREDIT
26140,http_429,NA,NA,0,CREDIT
26141,http_429,NA,NA,0,CREDIT
26142,http_429,NA,NA,0,CREDIT
26143,http_429,NA,NA,0,CREDIT
26144,http_429,NA,NA,0,CREDIT
26145,http_429,NA,NA,0,CREDIT
26146,http_429,NA,NA,0,CREDIT
26147,http_429,NA,NA,0,CREDIT
26148,http_429,NA,NA,0,CREDIT
26149,http_429,NA,NA,0,CREDIT
26150,http_429,NA,NA,0,CREDIT
26151,http_429,NA,NA,0,CREDIT
26152,http_429,NA,NA,0,CREDIT
26153,http_429,NA,NA,0,CREDIT
26154,http_429,NA,NA,0,CREDIT
26155,http_429,NA,NA,0,CREDIT
26156,http_429,NA,NA,0,CREDIT
26157,http_429,NA,NA,0,CREDIT
26158,http_429,NA,NA,0,CREDIT
26159,http_429,NA,NA,0,CREDIT
26160,http_429,NA,NA,0,CREDIT
26161,http_429,NA,NA,0,CREDIT
26162,http_429,NA,NA,0,CREDIT
26163,http_429,NA,NA,0,CREDIT
26164,http_429,NA,NA,0,CREDIT
26165,http_429,NA,NA,0,CREDIT
26166,http_429,NA,NA,0,CREDIT
26167,http_429,NA,NA,0,CREDIT
26168,http_429,NA,NA,0,CREDIT
26169,http_429,NA,NA,0,CREDIT
26170,http_429,NA,NA,0,CREDIT
26171,http_429,NA,NA,0,CREDIT
26172,http_429,NA,NA,0,CREDIT
26173,http_429,NA,NA,0,CREDIT
26174,http_429,NA,NA,0,CREDIT
26175,http_429,NA,NA,0,CREDIT
26176,http_429,NA,NA,0,CREDIT
26177,http_429,NA,NA,0,CREDIT
26178,http_429,NA,NA,0,CREDIT
26179,http_429,NA,NA,0,CREDIT
26180,http_400,NA,NA,0,CREDIT
26181,http_429,NA,NA,0,CREDIT
26182,http_429,NA,NA,0,CREDIT
26183,http_429,NA,NA,0,CREDIT
26184,http_429,NA,NA,0,CREDIT
26185,http_400,NA,NA,0,CREDIT
26186,http_400,NA,NA,0,CREDIT
26187,http_429,NA,NA,0,CREDIT
26188,http_400,NA,NA,0,CREDIT
26189,http_400,NA,NA,0,CREDIT
26190,http_429,NA,NA,0,CREDIT
26191,http_400,NA,NA,0,CREDIT
26192,http_429,NA,NA,0,CREDIT
26193,http_400,NA,NA,0,CREDIT
26194,http_429,NA,NA,0,CREDIT
26195,http_400,NA,NA,0,CREDIT
26196,http_400,NA,NA,0,CREDIT
26197,http_400,NA,NA,0,CREDIT
26198,http_400,NA,NA,0,CREDIT
26199,http_400,NA,NA,0,CREDIT
26200,http_400,NA,NA,0,CREDIT
26201,http_400,NA,NA,0,CREDIT
26202,http_429,NA,NA,0,CREDIT
26203,http_400,NA,NA,0,CREDIT
26204,http_400,NA,NA,0,CREDIT
26205,http_429,NA,NA,0,CREDIT
26206,http_400,NA,NA,0,CREDIT
26207,http_400,NA,NA,0,CREDIT
26208,http_429,NA,NA,0,CREDIT
26209,http_429,NA,NA,0,CREDIT
26210,http_400,NA,NA,0,CREDIT
26211,http_429,NA,NA,0,CREDIT
26212,http_429,NA,NA,0,CREDIT
26213,http_400,NA,NA,0,CREDIT
26214,http_429,NA,NA,0,CREDIT
26215,http_400,NA,NA,0,CREDIT
26216,http_400,NA,NA,0,CREDIT
26217,http_429,NA,NA,0,CREDIT
26218,http_429,NA,NA,0,CREDIT
26219,http_400,NA,NA,0,CREDIT
26220,http_429,NA,NA,0,CREDIT
26221,http_400,NA,NA,0,CREDIT
26222,http_429,NA,NA,0,CREDIT
26223,http_400,NA,NA,0,CREDIT
26224,http_400,NA,NA,0,CREDIT
26225,http_400,NA,NA,0,CREDIT
26226,http_400,NA,NA,0,CREDIT
26227,http_400,NA,NA,0,CREDIT
26228,http_400,NA,NA,0,CREDIT
26229,http_429,NA,NA,0,CREDIT
26230,http_400,NA,NA,0,CREDIT
26231,http_429,NA,NA,0,CREDIT
26232,http_400,NA,NA,0,CREDIT
26233,http_400,NA,NA,0,CREDIT
26234,http_400,NA,NA,0,CREDIT
26235,http_429,NA,NA,0,CREDIT
26236,http_429,NA,NA,0,CREDIT
26237,http_429,NA,NA,0,CREDIT
26238,http_400,NA,NA,0,CREDIT
26239,http_400,NA,NA,0,CREDIT
26240,http_400,NA,NA,0,CREDIT
26241,http_429,NA,NA,0,CREDIT
26242,http_400,NA,NA,0,CREDIT
26243,http_400,NA,NA,0,CREDIT
26244,http_429,NA,NA,0,CREDIT
26245,http_400,NA,NA,0,CREDIT
26246,http_429,NA,NA,0,CREDIT
26247,http_400,NA,NA,0,CREDIT
26248,http_400,NA,NA,0,CREDIT
26249,http_400,NA,NA,0,CREDIT
26250,http_429,NA,NA,0,CREDIT
26251,http_429,NA,NA,0,CREDIT
26252,http_429,NA,NA,0,CREDIT
26253,http_400,NA,NA,0,CREDIT
26254,http_400,NA,NA,0,CREDIT
26255,http_400,NA,NA,0,CREDIT
26256,http_400,NA,NA,0,CREDIT
26257,http_400,NA,NA,0,CREDIT
26258,http_429,NA,NA,0,CREDIT
26259,http_400,NA,NA,0,CREDIT
26260,http_429,NA,NA,0,CREDIT
26261,http_400,NA,NA,0,CREDIT
26262,http_400,NA,NA,0,CREDIT
26263,http_400,NA,NA,0,CREDIT
26264,http_400,NA,NA,0,CREDIT
26265,http_400,NA,NA,0,CREDIT
26266,http_400,NA,NA,0,CREDIT
26267,http_400,NA,NA,0,CREDIT
26268,http_429,NA,NA,0,CREDIT
26269,http_400,NA,NA,0,CREDIT
26270,http_400,NA,NA,0,CREDIT
26271,http_400,NA,NA,0,CREDIT
26272,http_400,NA,NA,0,CREDIT
26273,http_429,NA,NA,0,CREDIT
26274,http_429,NA,NA,0,CREDIT
26275,http_429,NA,NA,0,CREDIT
26276,http_429,NA,NA,0,CREDIT
26277,http_429,NA,NA,0,CREDIT
26278,http_429,NA,NA,0,CREDIT
26279,http_429,NA,NA,0,CREDIT
26280,http_429,NA,NA,0,CREDIT
26281,http_429,NA,NA,0,CREDIT
26282,http_429,NA,NA,0,CREDIT
26283,http_429,NA,NA,0,CREDIT
26284,http_429,NA,NA,0,CREDIT
26285,http_429,NA,NA,0,CREDIT
26286,http_429,NA,NA,0,CREDIT
26287,http_429,NA,NA,0,CREDIT
26288,http_429,NA,NA,0,CREDIT
26289,http_429,NA,NA,0,CREDIT
26290,http_429,NA,NA,0,CREDIT
26291,http_429,NA,NA,0,CREDIT
26292,http_429,NA,NA,0,CREDIT
26293,http_429,NA,NA,0,CREDIT
26294,http_429,NA,NA,0,CREDIT
26295,http_429,NA,NA,0,CREDIT
26296,http_429,NA,NA,0,CREDIT
26297,http_429,NA,NA,0,CREDIT
26298,http_429,NA,NA,0,CREDIT
26299,http_429,NA,NA,0,CREDIT
26300,http_429,NA,NA,0,CREDIT
26301,http_429,NA,NA,0,CREDIT
26302,http_429,NA,NA,0,CREDIT
26303,http_429,NA,NA,0,CREDIT
26304,http_429,NA,NA,0,CREDIT
26305,http_429,NA,NA,0,CREDIT
26306,http_429,NA,NA,0,CREDIT
26307,http_429,NA,NA,0,CREDIT
26308,http_429,NA,NA,0,CREDIT
26309,http_429,NA,NA,0,CREDIT
26310,http_429,NA,NA,0,CREDIT
26311,http_429,NA,NA,0,CREDIT
26312,http_429,NA,NA,0,CREDIT
26313,http_429,NA,NA,0,CREDIT
26314,http_429,NA,NA,0,CREDIT
26315,http_429,NA,NA,0,CREDIT
26316,http_429,NA,NA,0,CREDIT
26317,http_429,NA,NA,0,CREDIT
26318,http_429,NA,NA,0,CREDIT
26319,http_429,NA,NA,0,CREDIT
26320,http_429,NA,NA,0,CREDIT
26321,http_429,NA,NA,0,CREDIT
26322,http_429,NA,NA,0,CREDIT
26323,http_429,NA,NA,0,CREDIT
26324,http_429,NA,NA,0,CREDIT
26325,http_429,NA,NA,0,CREDIT
26326,http_429,NA,NA,0,CREDIT
26327,http_429,NA,NA,0,CREDIT
26328,http_429,NA,NA,0,CREDIT
26329,http_429,NA,NA,0,CREDIT
26330,http_429,NA,NA,0,CREDIT
26331,http_429,NA,NA,0,CREDIT
26332,http_429,NA,NA,0,CREDIT
26333,http_429,NA,NA,0,CREDIT
26334,http_400,NA,NA,0,CREDIT
26335,http_429,NA,NA,0,CREDIT
26336,http_429,NA,NA,0,CREDIT
26337,http_429,NA,NA,0,CREDIT
26338,http_429,NA,NA,0,CREDIT
26339,http_400,NA,NA,0,CREDIT
26340,http_400,NA,NA,0,CREDIT
26341,http_429,NA,NA,0,CREDIT
26342,http_429,NA,NA,0,CREDIT
26343,http_400,NA,NA,0,CREDIT
26344,http_400,NA,NA,0,CREDIT
26345,http_400,NA,NA,0,CREDIT
26346,http_429,NA,NA,0,CREDIT
26347,http_400,NA,NA,0,CREDIT
26348,http_400,NA,NA,0,CREDIT
26349,http_400,NA,NA,0,CREDIT
26350,http_400,NA,NA,0,CREDIT
26351,http_429,NA,NA,0,CREDIT
26352,http_400,NA,NA,0,CREDIT
26353,http_400,NA,NA,0,CREDIT
26354,http_429,NA,NA,0,CREDIT
26355,http_429,NA,NA,0,CREDIT
26356,http_400,NA,NA,0,CREDIT
26357,http_400,NA,NA,0,CREDIT
26358,http_429,NA,NA,0,CREDIT
26359,http_400,NA,NA,0,CREDIT
26360,http_400,NA,NA,0,CREDIT
26361,http_429,NA,NA,0,CREDIT
26362,http_400,NA,NA,0,CREDIT
26363,http_400,NA,NA,0,CREDIT
26364,http_429,NA,NA,0,CREDIT
26365,http_429,NA,NA,0,CREDIT
26366,http_400,NA,NA,0,CREDIT
26367,http_429,NA,NA,0,CREDIT
26368,http_400,NA,NA,0,CREDIT
26369,http_429,NA,NA,0,CREDIT
26370,http_400,NA,NA,0,CREDIT
26371,http_429,NA,NA,0,CREDIT
26372,http_400,NA,NA,0,CREDIT
26373,http_429,NA,NA,0,CREDIT
26374,http_429,NA,NA,0,CREDIT
26375,http_400,NA,NA,0,CREDIT
26376,http_429,NA,NA,0,CREDIT
26377,http_400,NA,NA,0,CREDIT
26378,http_429,NA,NA,0,CREDIT
26379,http_400,NA,NA,0,CREDIT
26380,http_400,NA,NA,0,CREDIT
26381,http_429,NA,NA,0,CREDIT
26382,http_400,NA,NA,0,CREDIT
26383,http_429,NA,NA,0,CREDIT
26384,http_400,NA,NA,0,CREDIT
26385,http_400,NA,NA,0,CREDIT
26386,http_400,NA,NA,0,CREDIT
26387,http_429,NA,NA,0,CREDIT
26388,http_400,NA,NA,0,CREDIT
26389,http_429,NA,NA,0,CREDIT
26390,http_400,NA,NA,0,CREDIT
26391,http_429,NA,NA,0,CREDIT
26392,http_400,NA,NA,0,CREDIT
26393,http_400,NA,NA,0,CREDIT
26394,http_429,NA,NA,0,CREDIT
26395,http_429,NA,NA,0,CREDIT
26396,http_400,NA,NA,0,CREDIT
26397,http_400,NA,NA,0,CREDIT
26398,http_400,NA,NA,0,CREDIT
26399,http_429,NA,NA,0,CREDIT
26400,http_400,NA,NA,0,CREDIT
26401,http_400,NA,NA,0,CREDIT
26402,http_400,NA,NA,0,CREDIT
26403,http_429,NA,NA,0,CREDIT
26404,http_400,NA,NA,0,CREDIT
26405,http_400,NA,NA,0,CREDIT
26406,http_400,NA,NA,0,CREDIT
26407,http_429,NA,NA,0,CREDIT
26408,http_429,NA,NA,0,CREDIT
26409,http_429,NA,NA,0,CREDIT
26410,http_429,NA,NA,0,CREDIT
26411,http_400,NA,NA,0,CREDIT
26412,http_400,NA,NA,0,CREDIT
26413,http_400,NA,NA,0,CREDIT
26414,http_400,NA,NA,0,CREDIT
26415,http_400,NA,NA,0,CREDIT
26416,http_400,NA,NA,0,CREDIT
26417,http_400,NA,NA,0,CREDIT
26418,http_400,NA,NA,0,CREDIT
26419,http_400,NA,NA,0,CREDIT
26420,http_400,NA,NA,0,CREDIT
26421,http_400,NA,NA,0,CREDIT
26422,http_400,NA,NA,0,CREDIT
26423,http_400,NA,NA,0,CREDIT
26424,http_400,NA,NA,0,CREDIT
26425,http_400,NA,NA,0,CREDIT
26426,http_400,NA,NA,0,CREDIT
26427,http_400,NA,NA,0,CREDIT
26428,http_429,NA,NA,0,CREDIT
26429,http_429,NA,NA,0,CREDIT
26430,http_429,NA,NA,0,CREDIT
26431,http_429,NA,NA,0,CREDIT
26432,http_429,NA,NA,0,CREDIT
26433,http_429,NA,NA,0,CREDIT
26434,http_429,NA,NA,0,CREDIT
26435,http_429,NA,NA,0,CREDIT
26436,http_429,NA,NA,0,CREDIT
26437,http_429,NA,NA,0,CREDIT
26438,http_429,NA,NA,0,CREDIT
26439,http_429,NA,NA,0,CREDIT
26440,http_429,NA,NA,0,CREDIT
26441,http_429,NA,NA,0,CREDIT
26442,http_429,NA,NA,0,CREDIT
26443,http_429,NA,NA,0,CREDIT
26444,http_429,NA,NA,0,CREDIT
26445,http_429,NA,NA,0,CREDIT
26446,http_429,NA,NA,0,CREDIT
26447,http_429,NA,NA,0,CREDIT
26448,http_429,NA,NA,0,CREDIT
26449,http_429,NA,NA,0,CREDIT
26450,http_429,NA,NA,0,CREDIT
26451,http_429,NA,NA,0,CREDIT
26452,http_429,NA,NA,0,CREDIT
26453,http_429,NA,NA,0,CREDIT
26454,http_429,NA,NA,0,CREDIT
26455,http_429,NA,NA,0,CREDIT
26456,http_429,NA,NA,0,CREDIT
26457,http_429,NA,NA,0,CREDIT
26458,http_429,NA,NA,0,CREDIT
26459,http_429,NA,NA,0,CREDIT
26460,http_429,NA,NA,0,CREDIT
26461,http_429,NA,NA,0,CREDIT
26462,http_429,NA,NA,0,CREDIT
26463,http_429,NA,NA,0,CREDIT
26464,http_429,NA,NA,0,CREDIT
26465,http_429,NA,NA,0,CREDIT
26466,http_429,NA,NA,0,CREDIT
26467,http_429,NA,NA,0,CREDIT
26468,http_429,NA,NA,0,CREDIT
26469,http_429,NA,NA,0,CREDIT
26470,http_429,NA,NA,0,CREDIT
26471,http_429,NA,NA,0,CREDIT
26472,http_429,NA,NA,0,CREDIT
26473,http_429,NA,NA,0,CREDIT
26474,http_429,NA,NA,0,CREDIT
26475,http_429,NA,NA,0,CREDIT
26476,http_429,NA,NA,0,CREDIT
26477,http_429,NA,NA,0,CREDIT
26478,http_429,NA,NA,0,CREDIT
26479,http_429,NA,NA,0,CREDIT
26480,http_429,NA,NA,0,CREDIT
26481,http_429,NA,NA,0,CREDIT
26482,http_429,NA,NA,0,CREDIT
26483,http_429,NA,NA,0,CREDIT
26484,http_429,NA,NA,0,CREDIT
26485,http_429,NA,NA,0,CREDIT
26486,http_429,NA,NA,0,CREDIT
26487,http_429,NA,NA,0,CREDIT
26488,http_429,NA,NA,0,CREDIT
26489,http_429,NA,NA,0,CREDIT
26490,http_429,NA,NA,0,CREDIT
26491,http_429,NA,NA,0,CREDIT
26492,http_400,NA,NA,0,CREDIT
26493,http_429,NA,NA,0,CREDIT
26494,http_429,NA,NA,0,CREDIT
26495,http_429,NA,NA,0,CREDIT
26496,http_429,NA,NA,0,CREDIT
26497,http_400,NA,NA,0,CREDIT
26498,http_400,NA,NA,0,CREDIT
26499,http_429,NA,NA,0,CREDIT
26500,http_429,NA,NA,0,CREDIT
26501,http_400,NA,NA,0,CREDIT
26502,http_429,NA,NA,0,CREDIT
26503,http_400,NA,NA,0,CREDIT
26504,http_400,NA,NA,0,CREDIT
26505,http_429,NA,NA,0,CREDIT
26506,http_400,NA,NA,0,CREDIT
26507,http_400,NA,NA,0,CREDIT
26508,http_429,NA,NA,0,CREDIT
26509,http_400,NA,NA,0,CREDIT
26510,http_400,NA,NA,0,CREDIT
26511,http_429,NA,NA,0,CREDIT
26512,http_400,NA,NA,0,CREDIT
26513,http_400,NA,NA,0,CREDIT
26514,http_429,NA,NA,0,CREDIT
26515,http_400,NA,NA,0,CREDIT
26516,http_400,NA,NA,0,CREDIT
26517,http_429,NA,NA,0,CREDIT
26518,http_400,NA,NA,0,CREDIT
26519,http_429,NA,NA,0,CREDIT
26520,http_400,NA,NA,0,CREDIT
26521,http_429,NA,NA,0,CREDIT
26522,http_400,NA,NA,0,CREDIT
26523,http_400,NA,NA,0,CREDIT
26524,http_429,NA,NA,0,CREDIT
26525,http_429,NA,NA,0,CREDIT
26526,http_400,NA,NA,0,CREDIT
26527,http_429,NA,NA,0,CREDIT
26528,http_429,NA,NA,0,CREDIT
26529,http_400,NA,NA,0,CREDIT
26530,http_429,NA,NA,0,CREDIT
26531,http_400,NA,NA,0,CREDIT
26532,http_429,NA,NA,0,CREDIT
26533,http_400,NA,NA,0,CREDIT
26534,http_429,NA,NA,0,CREDIT
26535,http_429,NA,NA,0,CREDIT
26536,http_400,NA,NA,0,CREDIT
26537,http_429,NA,NA,0,CREDIT
26538,http_400,NA,NA,0,CREDIT
26539,http_429,NA,NA,0,CREDIT
26540,http_400,NA,NA,0,CREDIT
26541,http_400,NA,NA,0,CREDIT
26542,http_400,NA,NA,0,CREDIT
26543,http_429,NA,NA,0,CREDIT
26544,http_400,NA,NA,0,CREDIT
26545,http_400,NA,NA,0,CREDIT
26546,http_400,NA,NA,0,CREDIT
26547,http_400,NA,NA,0,CREDIT
26548,http_429,NA,NA,0,CREDIT
26549,http_400,NA,NA,0,CREDIT
26550,http_429,NA,NA,0,CREDIT
26551,http_400,NA,NA,0,CREDIT
26552,http_400,NA,NA,0,CREDIT
26553,http_429,NA,NA,0,CREDIT
26554,http_400,NA,NA,0,CREDIT
26555,http_429,NA,NA,0,CREDIT
26556,http_400,NA,NA,0,CREDIT
26557,http_400,NA,NA,0,CREDIT
26558,http_400,NA,NA,0,CREDIT
26559,http_400,NA,NA,0,CREDIT
26560,http_400,NA,NA,0,CREDIT
26561,http_429,NA,NA,0,CREDIT
26562,http_400,NA,NA,0,CREDIT
26563,http_400,NA,NA,0,CREDIT
26564,http_400,NA,NA,0,CREDIT
26565,http_429,NA,NA,0,CREDIT
26566,http_429,NA,NA,0,CREDIT
26567,http_429,NA,NA,0,CREDIT
26568,http_400,NA,NA,0,CREDIT
26569,http_429,NA,NA,0,CREDIT
26570,http_400,NA,NA,0,CREDIT
26571,http_400,NA,NA,0,CREDIT
26572,http_400,NA,NA,0,CREDIT
26573,http_400,NA,NA,0,CREDIT
26574,http_429,NA,NA,0,CREDIT
26575,http_400,NA,NA,0,CREDIT
26576,http_400,NA,NA,0,CREDIT
26577,http_400,NA,NA,0,CREDIT
26578,http_429,NA,NA,0,CREDIT
26579,http_400,NA,NA,0,CREDIT
26580,http_429,NA,NA,0,CREDIT
26581,http_400,NA,NA,0,CREDIT
26582,http_400,NA,NA,0,CREDIT
26583,http_429,NA,NA,0,CREDIT
26584,http_400,NA,NA,0,CREDIT
26585,http_400,NA,NA,0,CREDIT
26586,http_400,NA,NA,0,CREDIT
26587,http_400,NA,NA,0,CREDIT
26588,http_400,NA,NA,0,CREDIT
26589,http_429,NA,NA,0,CREDIT
26590,http_400,NA,NA,0,CREDIT
26591,http_429,NA,NA,0,CREDIT
26592,http_429,NA,NA,0,CREDIT
26593,http_429,NA,NA,0,CREDIT
26594,http_429,NA,NA,0,CREDIT
26595,http_429,NA,NA,0,CREDIT
26596,http_429,NA,NA,0,CREDIT
26597,http_429,NA,NA,0,CREDIT
26598,http_429,NA,NA,0,CREDIT
26599,http_429,NA,NA,0,CREDIT
26600,http_429,NA,NA,0,CREDIT
